Nome_Produto,Categoria_Regulatoria,Classe_Terapeutica,Principio_Ativo,Empresa_Detentora_Registro
Epysqli,Biologico,Agente Imunosupressor,Eculizumabe,Samsung Bioepis Br Pharmaceutical Ltda.
Herculiz,Biologico,Agente Imunosupressor,Eculizumabe,Bionovis S.A. - Companhia Brasileira De Biotecnologia Farmaceut
Omvoh,Biologico,Agente Imunosupressor,Miriquizumabe,Eli Lilly Do Brasil Ltda
Atgam,Biologico,Agente Imunosupressor,Soro Antitimocito (Equino),Pfizer Brasil Ltda
Blautox,Biologico,Agente Paralisante Neuromuscular,Toxina Botulinica A,Blau Farmaceutica S.A.
Botox,Biologico,Agente Paralisante Neuromuscular,Toxina Botulinica A,Abbvie Farmaceutica Ltda.
Botulift,Biologico,Agente Paralisante Neuromuscular,Toxina Botulinica A,Laboratorio Quimico Farmaceutico Bergamo Ltda
Botulim,Biologico,Agente Paralisante Neuromuscular,Toxina Botulinica A,Blau Farmaceutica S.A.
Dysport,Biologico,Agente Paralisante Neuromuscular,Toxina Botulinica A,Beaufour Ipsen Farmaceutica Ltda
Letybo,Biologico,Agente Paralisante Neuromuscular,Toxina Botulinica A,Global Regulatory Partners Brasil Ltda
Nabota,Biologico,Agente Paralisante Neuromuscular,Toxina Botulinica A,Moksha8 Brasil Industria E Comercio De Medicamentos Ltda
Xeomin,Biologico,Agente Paralisante Neuromuscular,Toxina Botulinica A,Merz Farmaceutica Comercial Ltda
Blenrep,Biologico,Agentes Antineoplasicos,Belantamabe Mafodotina,Glaxosmithkline Brasil Ltda
Elovie,Biologico,Agentes Antineoplasicos,Bevacizumabe,Libbs Farmaceutica Ltda
Datroway,Biologico,Agentes Antineoplasicos,Datopotamabe Deruxtecana,Daiichi Sankyo Brasil Farmaceutica Ltda
Padcev,Biologico,Agentes Antineoplasicos,Enfortumabe Vedotina,Pfizer Brasil Ltda
Zynlonta,Biologico,Agentes Antineoplasicos,Loncastuximabe Tesirina,Pint Pharma Produtos Medico-Hospitalares E Farmaceuticos Ltda
Opdualag,Biologico,Agentes Antineoplasicos,"Nivolumabe, Relatlimabe",Bristol-Myers Squibb Farmaceutica Ltda
Olizu,Biologico,Agentes Antineoplasicos,Serplulimabe,Abbott Laboratorios Do Brasil Ltda
Tevimbra,Biologico,Agentes Antineoplasicos,Tislelizumabe,Beone Medicines Brasil Ltda
Tyenne,Biologico,Agentes Antineoplasicos E Imunomoduladores,Tocilizumabe,Fresenius Kabi Brasil Ltda
Eydenzelt,Biologico,Agentes Antineovascularizacao,Aflibercepte,Celltrion Healthcare Distribuicao De Produtos Farmaceuticos Dos
Albioplas,Biologico,Albumina,Albumina Humana,Asp-Farmaceutica Ltda
Alibstar,Biologico,Albumina,Albumina Humana,Panamerican Medical Supply Suprimentos Medicos Ltda
Insetivac,Biologico,Alergenos,Extratos Alergenicos De Insetos Sugadores,Laboratorio De Extratos Alergenicos Ltda
Plusvac,Biologico,Alergenos,"La De Carneiro, Fungos De Ar, Fungos Do Ar, Acaros, Antigenos Bacterianos Sob A Forma De Lisados, Antigenos Bacterianas Sob A Forma De Lisado",Laboratorio De Extratos Alergenicos Ltda
Extrato Alergenico Bacteriano,Biologico,Alergenos,Proteinas,Fda Allergenic Farmaceutica Ltda - Epp
Extrato Alergenico De Acaros,Biologico,Alergenos,Proteinas,Fda Allergenic Farmaceutica Ltda - Epp
Extrato Alergenico De Alimentos,Biologico,Alergenos,Proteinas,Fda Allergenic Farmaceutica Ltda - Epp
Extrato Alergenico De Derivados Epidermicos,Biologico,Alergenos,Proteinas,Fda Allergenic Farmaceutica Ltda - Epp
Extrato Alergenico De Insetos,Biologico,Alergenos,Proteinas,Fda Allergenic Farmaceutica Ltda - Epp
Extrato Alergenico De Polen,Biologico,Alergenos,Proteinas,Fda Allergenic Farmaceutica Ltda - Epp
Extratos Alergenicos De Acaros Concentrados,Biologico,Alergenos,Proteinas,Laboratorio De Extratos Alergenicos Ltda
Nuwiq,Biologico,Anti-Hemorragicos,Alfasimoctocogue,Octapharma Brasil Ltda
Benefix,Biologico,Anti-Hemorragicos,Alfanonacogue,Pfizer Brasil Ltda
Nplate,Biologico,Anti-Hemorragicos,Romiplostim,Amgen Biotecnologia Do Brasil Ltda.
Winrevair,Biologico,Anti-Hipertensivos Para Hipertensao Arterial Pulmonar,Sotatercepte,Merck Sharp & Dohme Farmaceutica Ltda.
Aranesp,Biologico,Antianemicos,Alfadarbepoetina,Amgen Biotecnologia Do Brasil Ltda.
Reblozyl,Biologico,Antianemicos,Luspatercepte,Bristol-Myers Squibb Farmaceutica Ltda
Rojuzda,Biologico,Antianemicos,Luspatercepte,Bristol-Myers Squibb Farmaceutica Ltda
Versa,Biologico,Anticoagulantes,Enoxaparina Sodica,Eurofarma Laboratorios S.A.
Wilate,Biologico,Anticoagulantes,"Fator Viii De Coagulacao, Fator Von Willebrand, Fator De Von Willebrand",Octapharma Brasil Ltda
Hepamax-S,Biologico,Anticoagulantes,Heparina Sodica Suina,Blau Farmaceutica S.A.
Parinex,Biologico,Anticoagulantes,Heparina Sodica Suina,Hipolabor Farmaceutica Ltda
Hemofol,Biologico,Anticoagulantes,"Heparina Sodica Suina, Heparina Suina",Cristalia Produtos Quimicos Farmaceuticos Ltda.
Rybrevant,Biologico,Anticorpos Monoclonais,Amivantamabe,Janssen-Cilag Farmaceutica Ltda
Qarziba,Biologico,Anticorpos Monoclonais,Betadinutuximabe,Recordati Rare Diseases Comercio De Medicamentos Ltda - Me
Enflonsia,Biologico,Anticorpos Monoclonais,Clesrovimabe,Merck Sharp & Dohme Farmaceutica Ltda.
Dalinvi,Biologico,Anticorpos Monoclonais,Daratumumabe,Janssen-Cilag Farmaceutica Ltda
Andembry,Biologico,Anticorpos Monoclonais,Garadacimabe,Csl Behring Comercio De Produtos Farmaceuticos Ltda
Ebglyss,Biologico,Anticorpos Monoclonais,Lebriquizumabe,Eli Lilly Do Brasil Ltda
Hympavzi,Biologico,Anticorpos Monoclonais,Marstacimabe,Pfizer Brasil Ltda
Beyfortus,Biologico,Anticorpos Monoclonais,Nirsevimabe,Sanofi Medley Farmaceutica Ltda.
Rystiggo,Biologico,Anticorpos Monoclonais,Rozanolixizumabe,Ucb Biopharma Ltda.
Tecvayli,Biologico,Anticorpos Monoclonais,Teclistamabe,Janssen-Cilag Farmaceutica Ltda
Tzield®,Biologico,Anticorpos Monoclonais,Teplizumabe,Sanofi Medley Farmaceutica Ltda.
Briumvi,Biologico,Anticorpos Monoclonais,Ublituximabe,Neuraxpharm Brasil Importacao E Distribuicao De Medicamentos Lt
Trulicity,Biologico,Antidiabeticos,Dulaglutida,Eli Lilly Do Brasil Ltda
Fiasp,Biologico,Antidiabeticos,Insulina Asparte,Novo Nordisk Farmaceutica Do Brasil Ltda
Kirsty,Biologico,Antidiabeticos,Insulina Asparte,Biocon Biologics Do Brasil Ltda
Novorapid,Biologico,Antidiabeticos,Insulina Asparte,Novo Nordisk Farmaceutica Do Brasil Ltda
Tresiba,Biologico,Antidiabeticos,Insulina Degludeca,Novo Nordisk Farmaceutica Do Brasil Ltda
Xultophy,Biologico,Antidiabeticos,"Insulina Degludeca, Liraglutida",Novo Nordisk Farmaceutica Do Brasil Ltda
Levemir,Biologico,Antidiabeticos,Insulina Detemir,Novo Nordisk Farmaceutica Do Brasil Ltda
Basaglar,Biologico,Antidiabeticos,Insulina Glargina,Eli Lilly Do Brasil Ltda
Glargilin,Biologico,Antidiabeticos,Insulina Glargina,Biomm Sa
Glatus,Biologico,Antidiabeticos,Insulina Glargina,Aspen Pharma Industria Farmaceutica Ltda
Lantus,Biologico,Antidiabeticos,Insulina Glargina,Sanofi Medley Farmaceutica Ltda.
Semglee,Biologico,Antidiabeticos,Insulina Glargina,Biocon Biologics Do Brasil Ltda
Toujeo,Biologico,Antidiabeticos,Insulina Glargina,Sanofi Medley Farmaceutica Ltda.
Soliqua,Biologico,Antidiabeticos,"Insulina Glargina, Lixisenatida",Sanofi Medley Farmaceutica Ltda.
Apidra,Biologico,Antidiabeticos,Insulina Glulisina,Sanofi Medley Farmaceutica Ltda.
Afrezza,Biologico,Antidiabeticos,Insulina Humana,Biomm Sa
Funed Insulina R,Biologico,Antidiabeticos,Insulina Humana,Fundacao Ezequiel Dias - Funed
Humulin R,Biologico,Antidiabeticos,Insulina Humana,Eli Lilly Do Brasil Ltda
Insunorm N,Biologico,Antidiabeticos,Insulina Humana,Biocon Biologics Do Brasil Ltda
Insunorm R,Biologico,Antidiabeticos,Insulina Humana,Biocon Biologics Do Brasil Ltda
Ivb - Insulina Humana R,Biologico,Antidiabeticos,Insulina Humana,Instituto Vital Brazil S/A
Lqfex - Insulina Humana R,Biologico,Antidiabeticos,Insulina Humana,Laboratorio Quimico Farmaceutico Do Exercito
Novolin R,Biologico,Antidiabeticos,Insulina Humana,Novo Nordisk Farmaceutica Do Brasil Ltda
Wosulin 70/30,Biologico,Antidiabeticos,Insulina Humana,"Gerais, Comercio E Importacao De Materiais E Equipamentos Medic"
Wosulin R,Biologico,Antidiabeticos,Insulina Humana,"Gerais, Comercio E Importacao De Materiais E Equipamentos Medic"
Awiqli,Biologico,Antidiabeticos,Insulina Icodeca,Novo Nordisk Farmaceutica Do Brasil Ltda
Funed Insulina N,Biologico,Antidiabeticos,Insulina Isofana,Fundacao Ezequiel Dias - Funed
Ivb - Insulina Isofana Nph,Biologico,Antidiabeticos,Insulina Isofana,Instituto Vital Brazil S/A
Wosulin N,Biologico,Antidiabeticos,Insulina Isofana,"Gerais, Comercio E Importacao De Materiais E Equipamentos Medic"
Humalog,Biologico,Antidiabeticos,Insulina Lispro,Eli Lilly Do Brasil Ltda
Humalog Mix,Biologico,Antidiabeticos,Insulina Lispro,Eli Lilly Do Brasil Ltda
Victoza,Biologico,Antidiabeticos,Liraglutida,Novo Nordisk Farmaceutica Do Brasil Ltda
Extensior,Biologico,Antidiabeticos,Semaglutida,Novo Nordisk Farmaceutica Do Brasil Ltda
Ozempic,Biologico,Antidiabeticos,Semaglutida,Novo Nordisk Farmaceutica Do Brasil Ltda
Rybelsus,Biologico,Antidiabeticos,Semaglutida,Novo Nordisk Farmaceutica Do Brasil Ltda
Floralon,Biologico,Antidiarreicos Simples Sem Acao Antimicrobiana,"Saccharomyces Boulardii, Saccharomyces Boulardii - 17",Cifarma Cientifica Farmaceutica Ltda
Florent,Biologico,Antidiarreicos Simples Sem Acao Antimicrobiana,"Saccharomyces Boulardii, Saccharomyces Boulardii - 17",Cifarma Cientifica Farmaceutica Ltda
Praxbind,Biologico,Antidotos,Idarucizumabe,Boehringer Ingelheim Do Brasil Quimica E Farmaceutica Ltda.
Atenfe,Biologico,Antiinflamatorios E Antireumaticos,Adalimumabe,Megalabs Farmaceutica S.A.
Hulio,Biologico,Antiinflamatorios E Antireumaticos,Adalimumabe,Biocon Biologics Do Brasil Ltda
Repatha,Biologico,Antilipemicos,Evolocumabe,Amgen Biotecnologia Do Brasil Ltda.
Spectrila,Biologico,Antineoplasico,Asparaginase,
Tecentriq,Biologico,Antineoplasico,Atezolizumabe,Produtos Roche Quimicos E Farmaceuticos S.A.
Bavencio,Biologico,Antineoplasico,Avelumabe,Merck S/A
Abevmy,Biologico,Antineoplasico,Bevacizumabe,Biocon Biologics Do Brasil Ltda
Avastin,Biologico,Antineoplasico,Bevacizumabe,Produtos Roche Quimicos E Farmaceuticos S.A.
Bevanovis,Biologico,Antineoplasico,Bevacizumabe,Bionovis S.A. - Companhia Brasileira De Biotecnologia Farmaceut
Bevyx,Biologico,Antineoplasico,Bevacizumabe,Biomm Sa
Mvasi,Biologico,Antineoplasico,Bevacizumabe,Amgen Biotecnologia Do Brasil Ltda.
Onbevzi,Biologico,Antineoplasico,Bevacizumabe,Samsung Bioepis Br Pharmaceutical Ltda.
Simbeva,Biologico,Antineoplasico,Bevacizumabe,Laboratorio Teuto Brasileiro S/A
Zirabev,Biologico,Antineoplasico,Bevacizumabe,Pfizer Brasil Ltda
Blincyto,Biologico,Antineoplasico,Blinatumomabe,Amgen Biotecnologia Do Brasil Ltda.
Adcetris,Biologico,Antineoplasico,Brentuximabe Vedotina,Takeda Pharma Ltda.
Libtayo,Biologico,Antineoplasico,Cemiplimabe,Adium S.A.
Erbitux,Biologico,Antineoplasico,Cetuximabe,Merck S/A
Dnoclast,Biologico,Antineoplasico,Denosumabe,Abbott Laboratorios Do Brasil Ltda
Resyniv,Biologico,Antineoplasico,Denosumabe,Abbott Laboratorios Do Brasil Ltda
Wyost,Biologico,Antineoplasico,Denosumabe,Sandoz Do Brasil Industria Farmaceutica Ltda
Xdeno,Biologico,Antineoplasico,Denosumabe,Bionovis S.A. - Companhia Brasileira De Biotecnologia Farmaceut
Xgeva,Biologico,Antineoplasico,Denosumabe,Amgen Biotecnologia Do Brasil Ltda.
Jemperli,Biologico,Antineoplasico,Dostarlimabe,Glaxosmithkline Brasil Ltda
Empliciti,Biologico,Antineoplasico,Elotuzumabe,Bristol-Myers Squibb Farmaceutica Ltda
Elrexfio,Biologico,Antineoplasico,Elranatamabe,Pfizer Brasil Ltda
Mylotarg,Biologico,Antineoplasico,Gentuzumabe Ozogamicina,Pfizer Brasil Ltda
Besponsa,Biologico,Antineoplasico,Inotuzumabe Ozogamicina,Pfizer Brasil Ltda
Interferon Alfa  2A Humano Recombinante,Biologico,Antineoplasico,Interferon Alfa 2A,Chron Epigen Industria E Comercio Ltda
Yervoy,Biologico,Antineoplasico,Ipilimumabe,Bristol-Myers Squibb Farmaceutica Ltda
Sarclisa,Biologico,Antineoplasico,Isatuximabe,Sanofi Medley Farmaceutica Ltda.
Danyelza,Biologico,Antineoplasico,Naxitamabe,Adium S.A.
Imrevite,Biologico,Antineoplasico,Nivolumabe,Bristol-Myers Squibb Farmaceutica Ltda
Nivdirec,Biologico,Antineoplasico,Nivolumabe,Bristol-Myers Squibb Farmaceutica Ltda
Opdivo,Biologico,Antineoplasico,Nivolumabe,Bristol-Myers Squibb Farmaceutica Ltda
Gazyva,Biologico,Antineoplasico,Obinutuzumabe,Produtos Roche Quimicos E Farmaceuticos S.A.
Vectibix,Biologico,Antineoplasico,Panitumumabe,Amgen Biotecnologia Do Brasil Ltda.
Oncaspar,Biologico,Antineoplasico,Pegaspargase,Laboratorios Servier Do Brasil Ltda
Perjeta,Biologico,Antineoplasico,Pertuzumabe,Produtos Roche Quimicos E Farmaceuticos S.A.
Phesgo,Biologico,Antineoplasico,"Pertuzumabe, Trastuzumabe",Produtos Roche Quimicos E Farmaceuticos S.A.
Ropolivy,Biologico,Antineoplasico,Polatuzumabe Vedotina,Produtos Roche Quimicos E Farmaceuticos S.A.
Cyramza,Biologico,Antineoplasico,Ramucirumabe,Eli Lilly Do Brasil Ltda
Riximyo,Biologico,Antineoplasico,Rituximabe,Sandoz Do Brasil Industria Farmaceutica Ltda
Tuxyn,Biologico,Antineoplasico,Rituximabe,Bionovis S.A. - Companhia Brasileira De Biotecnologia Farmaceut
Vivaxxia,Biologico,Antineoplasico,Rituximabe,Libbs Farmaceutica Ltda
Imdelltra,Biologico,Antineoplasico,Tarlatamabe,Amgen Biotecnologia Do Brasil Ltda.
Bisintex,Biologico,Antineoplasico,Trastuzumabe,Abbott Laboratorios Do Brasil Ltda
Hermab,Biologico,Antineoplasico,Trastuzumabe,Eurofarma Laboratorios S.A.
Herzuma,Biologico,Antineoplasico,Trastuzumabe,Celltrion Healthcare Distribuicao De Produtos Farmaceuticos Dos
Kanjinti,Biologico,Antineoplasico,Trastuzumabe,Amgen Biotecnologia Do Brasil Ltda.
Ontruzant,Biologico,Antineoplasico,Trastuzumabe,Samsung Bioepis Br Pharmaceutical Ltda.
Tecpar Trastuzumabe,Biologico,Antineoplasico,Trastuzumabe,Instituto De Tecnologia Do Parana
Trazimera,Biologico,Antineoplasico,Trastuzumabe,Pfizer Brasil Ltda
Zedora,Biologico,Antineoplasico,Trastuzumabe,Libbs Farmaceutica Ltda
Enhertu,Biologico,Antineoplasico,Trastuzumabe Deruxtecana,Daiichi Sankyo Brasil Farmaceutica Ltda
Kadcyla,Biologico,Antineoplasico,Trastuzumabe Entansina,Produtos Roche Quimicos E Farmaceuticos S.A.
Imjudo,Biologico,Antineoplasico,Tremelimumabe,Astrazeneca Do Brasil Ltda
Vyloy,Biologico,Antineoplasico,Zolbetuximabe,Astellas Farma Brasil Importacao E Distribuicao De Medicamentos
Ruxience,Biologico,Antineoplasicos Citotoxicos,Rituximabe,Pfizer Brasil Ltda
Cimzia,Biologico,Antinflamatorios,Certolizumabe Pegol,Ucb Biopharma Ltda.
Bio-Manguinhos Etanercepte,Biologico,Antinflamatorios,Etanercepte,Fundacao Oswaldo Cruz
Brenzys,Biologico,Antinflamatorios,Etanercepte,Samsung Bioepis Br Pharmaceutical Ltda.
Enbrel Pfs,Biologico,Antinflamatorios,Etanercepte,Laboratorios Pfizer Ltda
Erelzi,Biologico,Antinflamatorios,Etanercepte,Sandoz Do Brasil Industria Farmaceutica Ltda
Nepexto,Biologico,Antinflamatorios,Etanercepte,Biocon Biologics Do Brasil Ltda
Enbrel,Biologico,Antinflamatorios,Etanercepte (Tnfr:Fc),Laboratorios Pfizer Ltda
Bio-Manguinhos Golimumabe,Biologico,Antinflamatorios,Golimumabe,Fundacao Oswaldo Cruz
Simponi,Biologico,Antinflamatorios,Golimumabe,Janssen-Cilag Farmaceutica Ltda
Avsola,Biologico,Antinflamatorios,Infliximabe,Amgen Biotecnologia Do Brasil Ltda.
Bio Manguinhos Infliximabe,Biologico,Antinflamatorios,Infliximabe,Fundacao Oswaldo Cruz
Remicade,Biologico,Antinflamatorios,Infliximabe,Janssen-Cilag Farmaceutica Ltda
Remsima,Biologico,Antinflamatorios,Infliximabe,Celltrion Healthcare Distribuicao De Produtos Farmaceuticos Dos
Renflexis,Biologico,Antinflamatorios,Infliximabe,Samsung Bioepis Br Pharmaceutical Ltda.
Xilfya,Biologico,Antinflamatorios,Infliximabe,Pfizer Brasil Ltda
Zetrelsyn,Biologico,Antinflamatorios,Infliximabe,Janssen-Cilag Farmaceutica Ltda
Orencia,Biologico,Antinflamatorios Antireumaticos,Abatacepte,Bristol-Myers Squibb Farmaceutica Ltda
Amgevita,Biologico,Antinflamatorios Antireumaticos,Adalimumabe,Amgen Biotecnologia Do Brasil Ltda.
Hadlima,Biologico,Antinflamatorios Antireumaticos,Adalimumabe,Samsung Bioepis Br Pharmaceutical Ltda.
Humira,Biologico,Antinflamatorios Antireumaticos,Adalimumabe,Abbvie Farmaceutica Ltda.
Hyrimoz,Biologico,Antinflamatorios Antireumaticos,Adalimumabe,Sandoz Do Brasil Industria Farmaceutica Ltda
Idacio,Biologico,Antinflamatorios Antireumaticos,Adalimumabe,Fresenius Kabi Brasil Ltda
Instituto Butantan - Adalimumabe,Biologico,Antinflamatorios Antireumaticos,Adalimumabe,Instituto Butantan
Xilbrilada,Biologico,Antinflamatorios Antireumaticos,Adalimumabe,Pfizer Brasil Ltda
Yuflyma,Biologico,Antinflamatorios Antireumaticos,Adalimumabe,Celltrion Healthcare Distribuicao De Produtos Farmaceuticos Dos
Euflexxa,Biologico,Antinflamatorios Antireumaticos,Hialuronato De Sodio,Laboratorios Ferring Ltda
Actemra,Biologico,Antinflamatorios Antireumaticos,Tocilizumabe,Produtos Roche Quimicos E Farmaceuticos S.A.
Cablivi,Biologico,Antitrombotico,Caplacizumabe,Sanofi Medley Farmaceutica Ltda.
Defitelio,Biologico,Antitrombotico,Defibrotida,Adium S.A.
Clexane,Biologico,Antitrombotico,Enoxaparina Sodica,Sanofi Medley Farmaceutica Ltda.
Endocris,Biologico,Antitrombotico,Enoxaparina Sodica,Cristalia Produtos Quimicos Farmaceuticos Ltda.
Enoksa,Biologico,Antitrombotico,Enoxaparina Sodica,Farma Vision Importacao E Exportacao De Medicamentos Ltda
Enoxalow,Biologico,Antitrombotico,Enoxaparina Sodica,Blau Farmaceutica S.A.
Heparinox,Biologico,Antitrombotico,Enoxaparina Sodica,Cristalia Produtos Quimicos Farmaceuticos Ltda.
Heptris,Biologico,Antitrombotico,Enoxaparina Sodica,Viatris Farmaceutica Do Brasil Ltda
Hyblut,Biologico,Antitrombotico,Enoxaparina Sodica,Brainfarma Industria Quimica E Farmaceutica S.A
Noxx,Biologico,Antitrombotico,Enoxaparina Sodica,Blau Farmaceutica S.A.
Byeroxu,Biologico,Antivaricosos Topicos,Heparina Sodica Bovina,Abbott Laboratorios Do Brasil Ltda
Trombofob Gel,Biologico,Antivaricosos Topicos,Heparina Sodica Bovina,Abbott Laboratorios Do Brasil Ltda
Fledoid,Biologico,Antivaricosos Topicos,Polissulfato De Mucopolissacarideo,Farmoquimica S/A
Hirudoid Infantil,Biologico,Antivaricosos Topicos,Polissulfato De Mucopolissacarideo,Daiichi Sankyo Brasil Farmaceutica Ltda
Topcoid,Biologico,Antivaricosos Topicos,Polissulfato De Mucopolissacarideo,Uniao Quimica Farmaceutica Nacional S/A
Pegasys,Biologico,Antiviroticos,Alfapeginterferona 2A,Innovative Medicines Brasil Sp Distribuicao De Medicamentos Ltd
Vegzelma,Biologico,Bevacizumabe,Bevacizumabe,Celltrion Healthcare Distribuicao De Produtos Farmaceuticos Dos
Dbriz Uno,Biologico,Cicatrizantes,Colagenase,Supera Farma Laboratorios S.A
Kollagenase,Biologico,Cicatrizantes,Colagenase,Cristalia Produtos Quimicos Farmaceuticos Ltda.
Dbriz,Biologico,Cicatrizantes,"Colagenase, Cloranfenicol",Supera Farma Laboratorios S.A
Iruxol,Biologico,Cicatrizantes,"Colagenase, Cloranfenicol",Abbott Laboratorios Do Brasil Ltda
Kollagenase Com Cloranfenicol,Biologico,Cicatrizantes,"Colagenase, Cloranfenicol",Cristalia Produtos Quimicos Farmaceuticos Ltda.
Kolpocervix,Biologico,Cicatrizantes,"Colagenase, Cloranfenicol",Zydus Nikkho Farmaceutica Ltda
Vialebex,Biologico,Derivados Do Sangue E Substitutos,Albumina Humana,Lfb - Hemoderivados E Biotecnologia Ltda
Myozyme,Biologico,Enzima Para Reposicao,Alfa-Alglicosidase,Sanofi Medley Farmaceutica Ltda.
Brineura,Biologico,Enzima Para Reposicao,Alfacerliponase,Biomarin Brasil Farmaceutica Ltda
Vimizim,Biologico,Enzima Para Reposicao,Alfaelosulfase,Biomarin Brasil Farmaceutica Ltda
Replagal,Biologico,Enzima Para Reposicao,Alfagalsidase,
Bio-Manguinhos Alfataliglicerase,Biologico,Enzima Para Reposicao,Alfataliglicerase,Fundacao Oswaldo Cruz
Vpriv,Biologico,Enzima Para Reposicao,Alfavelaglicerase,Takeda Pharma Ltda.
Mepsevii,Biologico,Enzima Para Reposicao,Alfavestronidase,Ultragenyx Brasil Farmaceutica Ltda
Fabrazyme,Biologico,Enzima Para Reposicao,Beta-Agalsidase,Sanofi Medley Farmaceutica Ltda.
Naglazyme,Biologico,Enzima Para Reposicao,Galsulfase,Biomarin Brasil Farmaceutica Ltda
Cerezyme,Biologico,Enzima Para Reposicao,Imiglucerase,Sanofi Medley Farmaceutica Ltda.
Aldurazyme,Biologico,Enzima Para Reposicao,Laronidase,Sanofi Medley Farmaceutica Ltda.
Palynziq,Biologico,Enzima Para Reposicao,Pegvaliase,Biomarin Brasil Farmaceutica Ltda
Creon,Biologico,Enzimas Digestivas,Pancreatina,Abbott Laboratorios Do Brasil Ltda
Duavive,Biologico,Estrogenos Assocs  A Outros Farmacos Exclusive Androgenos,"Estrogenios Conjugados, Acetato De Bazedoxifeno",Pfizer Brasil Ltda
Zonovate,Biologico,Fibrinoliticos E Proteoliticos,Alfaturoctocogue,Novo Nordisk Farmaceutica Do Brasil Ltda
Albiomin,Biologico,Fracoes Do Sangue Ou Plasma Exceto Gamaglobulina,Albumina Humana,Grifols Brasil Ltda
Albumina Serica Humana Normal,Biologico,Fracoes Do Sangue Ou Plasma Exceto Gamaglobulina,Albumina Humana,Takeda Pharma Ltda.
Beribumin,Biologico,Fracoes Do Sangue Ou Plasma Exceto Gamaglobulina,Albumina Humana,Csl Behring Comercio De Produtos Farmaceuticos Ltda
Blaubimax,Biologico,Fracoes Do Sangue Ou Plasma Exceto Gamaglobulina,Albumina Humana,Blau Farmaceutica S.A.
Uman Albumin,Biologico,Fracoes Do Sangue Ou Plasma Exceto Gamaglobulina,Albumina Humana,Kedrion Brasil Ltda.
Prolastin-C,Biologico,Fracoes Do Sangue Ou Plasma Exceto Gamaglobulina,Alfa1Antitripsina,Grifols Brasil Ltda
Ventia,Biologico,Fracoes Do Sangue Ou Plasma Exceto Gamaglobulina,Alfa1Antitripsina,Panamerican Medical Supply Suprimentos Medicos Ltda
Zemaira,Biologico,Fracoes Do Sangue Ou Plasma Exceto Gamaglobulina,Alfa1Antitripsina,Csl Behring Comercio De Produtos Farmaceuticos Ltda
Feiba,Biologico,Fracoes Do Sangue Ou Plasma Exceto Gamaglobulina,Complexo Protrombinico Parcialmente Ativado,
Prothromplex,Biologico,Fracoes Do Sangue Ou Plasma Exceto Gamaglobulina,"Fator Ii De Coagulacao, Fator Vii De Coagulacao, Fator Ix De Coagulacao, Fator X De Coagulacao , Fator X",Takeda Pharma Ltda.
Beriplex P/N,Biologico,Fracoes Do Sangue Ou Plasma Exceto Gamaglobulina,"Fator Ii De Coagulacao, Fator Vii De Coagulacao, Fator Ix De Coagulacao, Proteina C, Fator X, Fator X De Coagulacao , Proteina S",Csl Behring Comercio De Produtos Farmaceuticos Ltda
Alphanine,Biologico,Fracoes Do Sangue Ou Plasma Exceto Gamaglobulina,Fator Ix De Coagulacao,Grifols Brasil Ltda
Betafact,Biologico,Fracoes Do Sangue Ou Plasma Exceto Gamaglobulina,Fator Ix De Coagulacao,Lfb - Hemoderivados E Biotecnologia Ltda
Fator Ix Grifols,Biologico,Fracoes Do Sangue Ou Plasma Exceto Gamaglobulina,Fator Ix De Coagulacao,Grifols Brasil Ltda
Immunine,Biologico,Fracoes Do Sangue Ou Plasma Exceto Gamaglobulina,Fator Ix De Coagulacao,
Kaskadil,Biologico,Fracoes Do Sangue Ou Plasma Exceto Gamaglobulina,"Fator Ix, Fator Ix De Coagulacao, Fator Ii, Fator Vii, Fator X, Heparina Suina",Lfb - Hemoderivados E Biotecnologia Ltda
Immunate,Biologico,Fracoes Do Sangue Ou Plasma Exceto Gamaglobulina,Fator Viii De Coagulacao,
Alphanate,Biologico,Fracoes Do Sangue Ou Plasma Exceto Gamaglobulina,"Fator Viii De Coagulacao, Fator De Von Willebrand",Grifols Brasil Ltda
Voncento,Biologico,Fracoes Do Sangue Ou Plasma Exceto Gamaglobulina,"Fator Viii De Coagulacao, Fator De Von Willebrand",Csl Behring Comercio De Produtos Farmaceuticos Ltda
Haemate P,Biologico,Fracoes Do Sangue Ou Plasma Exceto Gamaglobulina,"Fator Viii De Coagulacao, Fator Von Willebrand, Fator Von Willebrand",Csl Behring Comercio De Produtos Farmaceuticos Ltda
Wilfactin,Biologico,Fracoes Do Sangue Ou Plasma Exceto Gamaglobulina,Fator Von Willebrand,Lfb - Hemoderivados E Biotecnologia Ltda
Coagadex,Biologico,Fracoes Do Sangue Ou Plasma Exceto Gamaglobulina,Fator X De Coagulacao,Kemmi Pharma Ltda
Fibryga,Biologico,Fracoes Do Sangue Ou Plasma Exceto Gamaglobulina,Fibrinogenio,Octapharma Brasil Ltda
Haemocomplettan P,Biologico,Fracoes Do Sangue Ou Plasma Exceto Gamaglobulina,Fibrinogenio,Csl Behring Comercio De Produtos Farmaceuticos Ltda
Fidegerp,Biologico,Fracoes Do Sangue Ou Plasma Exceto Gamaglobulina,Proteina C,Takeda Pharma Ltda.
Sygen,Biologico,Gangliosideo,Monossialogangliosideo,Trb Pharma Industria Quimica E Farmaceutica Ltda
Elonva,Biologico,Hormonio Gonadotrofico,Alfacorifolitropina,Organon Farmaceutica Ltda.
Pergoveris,Biologico,Hormonio Gonadotrofico,"Alfafolitropina, Alfalutropina",Merck S/A
Puregon,Biologico,Hormonio Gonadotrofico,Betafolitropina,Organon Farmaceutica Ltda.
Rekovelle,Biologico,Hormonio Gonadotrofico,Deltafolitropina,Laboratorios Ferring Ltda
Choriomon-M,Biologico,Hormonio Gonadotrofico,Gonadotropina Corionica,Besins Healthcare Brasil Comercial E Distribuidora De Medicamen
Menopur,Biologico,Hormonio Gonadotrofico,Menotropina,Laboratorios Ferring Ltda
Merional Hg,Biologico,Hormonio Gonadotrofico,Menotropina,Besins Healthcare Brasil Comercial E Distribuidora De Medicamen
Fostimon-M,Biologico,Hormonio Gonadotrofico,Urofolitropina,Besins Healthcare Brasil Comercial E Distribuidora De Medicamen
Forteo,Biologico,Hormonio Paratireoidiano,Teriparatida,Eli Lilly Do Brasil Ltda
Sondelbay,Biologico,Hormonio Paratireoidiano,Teriparatida,Accord Farmaceutica Ltda
Sogroya,Biologico,Hormonio Recombinante Do Crescimento Humano,Somapacitana,Novo Nordisk Farmaceutica Do Brasil Ltda
Genryzon,Biologico,Hormonio Recombinante Do Crescimento Humano,Somatrogona,Pfizer Brasil Ltda
Bio-Manguinhos Somatropina,Biologico,Hormonio Recombinante Do Crescimento Humano,Somatropina,Fundacao Oswaldo Cruz
Biomatrop,Biologico,Hormonio Recombinante Do Crescimento Humano,Somatropina,Ache Laboratorios Farmaceuticos S.A
Criscy,Biologico,Hormonio Recombinante Do Crescimento Humano,Somatropina,Cristalia Produtos Quimicos Farmaceuticos Ltda.
Genotropin,Biologico,Hormonio Recombinante Do Crescimento Humano,Somatropina,Pfizer Brasil Ltda
Norditropin,Biologico,Hormonio Recombinante Do Crescimento Humano,Somatropina,Novo Nordisk Farmaceutica Do Brasil Ltda
Omnitrope,Biologico,Hormonio Recombinante Do Crescimento Humano,Somatropina,Sandoz Do Brasil Industria Farmaceutica Ltda
Saizen,Biologico,Hormonio Recombinante Do Crescimento Humano,Somatropina,Merck S/A
Terrosa,Biologico,Hormonios Tireoideanos Simples Ou Associados Entre Si,Teriparatida,"Gedeon Richter Do Brasil Importadora, Exportadora E Distribuido"
Saphnelo,Biologico,Imunodepressor,Anifrolumabe,Astrazeneca Do Brasil Ltda
Benlysta,Biologico,Imunodepressor,Belimumabe,Glaxosmithkline Brasil Ltda
Uplizna,Biologico,Imunodepressor,Inebilizumabe,Amgen Biotecnologia Do Brasil Ltda.
Imuno  Bcg,Biologico,Imunoestimulantes,Mycobacterium Bovis,Fundacao Ataulpho De Paiva
Urohipe,Biologico,"Imunoestimulantes, Exclusive Vacinas E Imunoglobulinas",Mycobacterium Bovis,Uno Healthcare Comercio De Medicamentos Ltda.
Gama Anti-D Grifols,Biologico,Imunoglobulinas,Imunoglobulina Anti-D,Grifols Brasil Ltda
Megalotect,Biologico,Imunoglobulinas,Imunoglobulina Anticitomegalovirus,Grifols Brasil Ltda
Tetanogamma,Biologico,Imunoglobulinas,"Imunoglobulina Antitetanica, Imunoglobulina Humana Antitetano",Csl Behring Comercio De Produtos Farmaceuticos Ltda
Endobulin Kiovig,Biologico,Imunoglobulinas,Imunoglobulina G,
Hyqvia,Biologico,Imunoglobulinas,Imunoglobulina G,Takeda Pharma Ltda.
Cuvitru,Biologico,Imunoglobulinas,Imunoglobulina Humana,
Gamunex,Biologico,Imunoglobulinas,Imunoglobulina Humana,Grifols Brasil Ltda
Hizentra,Biologico,Imunoglobulinas,Imunoglobulina Humana,Csl Behring Comercio De Produtos Farmaceuticos Ltda
Imunoglobulina Humana Hemobras,Biologico,Imunoglobulinas,Imunoglobulina Humana,Empresa Brasileira De Hemoderivados E Biotecnologia
Octagam,Biologico,Imunoglobulinas,Imunoglobulina Humana,Octapharma Brasil Ltda
Panzyga,Biologico,Imunoglobulinas,Imunoglobulina Humana,Octapharma Brasil Ltda
Sandoglobulina,Biologico,Imunoglobulinas,Imunoglobulina Humana,Csl Behring Comercio De Produtos Farmaceuticos Ltda
Tegeline,Biologico,Imunoglobulinas,Imunoglobulina Humana,Lfb - Hemoderivados E Biotecnologia Ltda
Rhophylac,Biologico,Imunoglobulinas,Imunoglobulina Humana Anti-D,Csl Behring Comercio De Produtos Farmaceuticos Ltda
Hepatect,Biologico,Imunoglobulinas,Imunoglobulina Humana Anti-Hepatite B,Grifols Brasil Ltda
Niuliva,Biologico,Imunoglobulinas,Imunoglobulina Humana Anti-Hepatite B,Grifols Brasil Ltda
Blauimuno,Biologico,Imunoglobulinas,"Imunoglobulina, Imunoglobulina Humana",Blau Farmaceutica S.A.
Intratect,Biologico,Imunoglobulinas,"Imunoglobulina, Imunoglobulina Humana",Grifols Brasil Ltda
Talvey,Biologico,Imunoglobulinas,Talquetamabe,Janssen-Cilag Farmaceutica Ltda
Igvena,Biologico,Imunoglobulinas Humanas Normais,Imunoglobulina Humana,Kedrion Brasil Ltda.
Biogam,Biologico,Imunoglobulinas Humanas Normais Para Administracao Intravascular,Imunoglobulina Humana,Asp-Farmaceutica Ltda
Bio-Manguinhos Adalimumabe,Biologico,Imunomodulador,Adalimumabe,Fundacao Oswaldo Cruz
Lemtrada,Biologico,Imunomodulador,Alentuzumabe,Sanofi Medley Farmaceutica Ltda.
Besremi,Biologico,Imunomodulador,Alfarropeginterferona 2B,Pint Pharma Produtos Medico-Hospitalares E Farmaceuticos Ltda
Bio-Manguinhos Betainterferona 1A,Biologico,Imunomodulador,Betainterferona 1A,Fundacao Oswaldo Cruz
Betaferon,Biologico,Imunomodulador,Betainterferona 1B,Bayer S.A.
Kyntheum,Biologico,Imunomodulador,Brodalumabe,Leo Pharma Ltda
Ilaris,Biologico,Imunomodulador,Canaquinumabe,Novartis Biociencias S.A
Parvulan,Biologico,Imunomodulador,Corynebacterium Parvum,Laboratorio De Extratos Alergenicos Ltda
Dupixent,Biologico,Imunomodulador,Dupilumabe,Sanofi Medley Farmaceutica Ltda.
Spevigo,Biologico,Imunomodulador,Espesolimabe,
Taltz,Biologico,Imunomodulador,Ixequizumabe,Eli Lilly Do Brasil Ltda
Paxoral,Biologico,Imunomodulador,Lisado Bacteriano,Apsen Farmaceutica S/A
Uro-Vaxom,Biologico,Imunomodulador,Lisado Bacteriano De Escherichia Coli,Apsen Farmaceutica S/A
Imunotransferan,Biologico,Imunomodulador,Polipeptideo Dializavel De Extrato De Leucocito,Laboratorio De Extratos Alergenicos Ltda
Skyrizi,Biologico,Imunomodulador,Risanquizumabe,Abbvie Farmaceutica Ltda.
Cosentyx,Biologico,Imunomodulador,Secuquinumabe,Novartis Biociencias S.A
Ilumya,Biologico,Imunomodulador,Tildrakizumabe,Sun Farmaceutica Do Brasil Ltda
Tremfya,Biologico,Imunossupressores,Guselcumabe,Janssen-Cilag Farmaceutica Ltda
Epyztek,Biologico,Imunossupressores,Ustequinumabe,Samsung Bioepis Br Pharmaceutical Ltda.
Yesintek,Biologico,Imunossupressores,Ustequinumabe,Biocon Biologics Do Brasil Ltda
Ocrevus,Biologico,Imunossupressores Seletivos,Ocrelizumabe,Produtos Roche Quimicos E Farmaceuticos S.A.
Kesimpta,Biologico,Imunossupressores Seletivos,Ofatumumabe,Novartis Biociencias S.A
Enspryng,Biologico,Imunossupressores Seletivos,Satralizumabe,Produtos Roche Quimicos E Farmaceuticos S.A.
Vyvgart,Biologico,Imunosupressor,Alfaefgartigimode,Argenx Brasil Produtos Farmaceuticos Ltda
Bimzelx,Biologico,Imunosupressor,Bimequizumabe,Ucb Biopharma Ltda.
Thymoglobuline,Biologico,Imunosupressor,Imunoglobulina Antitimocito,Sanofi Medley Farmaceutica Ltda.
Sylvant,Biologico,Imunosupressor,Siltuximabe,Recordati Rare Diseases Comercio De Medicamentos Ltda - Me
Tepezza,Biologico,Imunosupressor,Teprotumumabe,Amgen Biotecnologia Do Brasil Ltda.
Setrelvo,Biologico,Imunosupressor,Ustequinumabe,Janssen-Cilag Farmaceutica Ltda
Stelara,Biologico,Imunosupressor,Ustequinumabe,Janssen-Cilag Farmaceutica Ltda
Wezenla,Biologico,Imunosupressor,Ustequinumabe,Amgen Biotecnologia Do Brasil Ltda.
Entyvio,Biologico,Imunosupressor,Vedolizumabe,Takeda Pharma Ltda.
Voxzogo,Biologico,Medicamentos Afetando A Estrutura Ossea E Mineralizacao,Vosoritida,Biomarin Brasil Farmaceutica Ltda
Emgality,Biologico,Outras Preparacoes Antienxaqueca,Galcanezumabe,Libbs Farmaceutica Ltda
Epkinly,Biologico,Outros Agentes Antineoplasicos,Epcoritamabe,Abbvie Farmaceutica Ltda.
Adzynma,Biologico,Outros Agentes Antitromboticos,"Alfa-Apadantase, Alfacinaxadantase",Takeda Pharma Ltda.
Fasenra,Biologico,Outros Antialergicos,Benralizumabe,Astrazeneca Do Brasil Ltda
Xolair,Biologico,Outros Antialergicos,Omalizumabe,Novartis Biociencias S.A
Hemax Eritron,Biologico,Outros Antianemicos,Alfaepoetina,Ache Laboratorios Farmaceuticos S.A
Zaltrap,Biologico,Outros Antineoplasicos,Aflibercepte,Sanofi Medley Farmaceutica Ltda.
Elahere,Biologico,Outros Antineoplasicos,Mirvetuximabe Soravtansina,Abbvie Farmaceutica Ltda.
Keytruda,Biologico,Outros Antineoplasicos,Pembrolizumabe,Merck Sharp & Dohme Farmaceutica Ltda.
Minjuvi,Biologico,Outros Antineoplasicos,Tafasitamabe,United Medical Ltda
Kimmtrak,Biologico,Outros Antineoplasicos,Tebentafuspe,Medison Pharma Brasil Produtos Farmaceuticos Ltda.
Biovicerin,Biologico,Outros Coadjuvantes Do Tratamento Da Diarreia,Bacillus Cereus,Geyer Medicamentos S.A.
Floratil,Biologico,Outros Coadjuvantes Do Tratamento Da Diarreia,Saccharomyces Boulardii,Farmoquimica S/A
Construflor,Biologico,Outros Coadjuvantes Do Tratamento Da Diarreia,"Saccharomyces Boulardii, Saccharomyces Boulardii - 17",Ems S/A
Flomicin,Biologico,Outros Coadjuvantes Do Tratamento Da Diarreia,"Saccharomyces Boulardii, Saccharomyces Boulardii - 17",Brainfarma Industria Quimica E Farmaceutica S.A
Repoflor,Biologico,Outros Coadjuvantes Do Tratamento Da Diarreia,"Saccharomyces Boulardii, Saccharomyces Boulardii - 17",Ems S/A
Octanine F,Biologico,Outros Derivados Do Sangue E Substitutos,Fator Ix De Coagulacao,Octapharma Brasil Ltda
Factane,Biologico,Outros Derivados Do Sangue E Substitutos,Fator Viii De Coagulacao,Lfb - Hemoderivados E Biotecnologia Ltda
Panhematin,Biologico,Outros Derivados Do Sangue E Substitutos,Hemina,Recordati Rare Diseases Comercio De Medicamentos Ltda - Me
Berinert,Biologico,Outros Derivados Do Sangue E Substitutos,Inibidor De C1 Esterase Derivado De Plasma Humano,Csl Behring Comercio De Produtos Farmaceuticos Ltda
Cinryze,Biologico,Outros Derivados Do Sangue E Substitutos,Inibidor De C1 Esterase Derivado De Plasma Humano,Takeda Pharma Ltda.
Hemcibra,Biologico,Outros Hemostaticos Sistemicos,Emicizumabe,Produtos Roche Quimicos E Farmaceuticos S.A.
Saxenda,Biologico,Outros Hormonios E Moduladores Do Metabolismo E Da Digestao,Liraglutida,Novo Nordisk Farmaceutica Do Brasil Ltda
Poviztra,Biologico,Outros Hormonios E Moduladores Do Metabolismo E Da Digestao,Semaglutida,Novo Nordisk Farmaceutica Do Brasil Ltda
Wegovy,Biologico,Outros Hormonios E Moduladores Do Metabolismo E Da Digestao,Semaglutida,Novo Nordisk Farmaceutica Do Brasil Ltda
Revestive,Biologico,Outros Hormonios E Moduladores Do Metabolismo E Da Digestao,Teduglutida,Takeda Pharma Ltda.
Thyrogen,Biologico,Outros Hormonios Mediadores E Produtos Equivalentes,Alfatirotropina,Sanofi Medley Farmaceutica Ltda.
Somavert,Biologico,Outros Hormonios Mediadores E Produtos Equivalentes,Pegvisomanto,Pfizer Brasil Ltda
Crysvita,Biologico,Outros Medicamentos Afetando A Estrutura E A Mineralizacao Ossea,Burosumabe,Ultragenyx Brasil Farmaceutica Ltda
Kisunla,Biologico,Outros Medicamentos Anti-Demencia,Donanemabe,Eli Lilly Do Brasil Ltda
Nucala,Biologico,Outros Medicamentos Antiasmaticos,Mepolizumabe,Glaxosmithkline Brasil Ltda
Cinqair,Biologico,Outros Medicamentos Antiasmaticos,Reslizumabe,Teva Farmaceutica Ltda.
Eylia,Biologico,Outros Medicamentos Com Acao No Aparelho Visual,Aflibercepte,Bayer S.A.
Pavblu,Biologico,Outros Medicamentos Com Acao No Aparelho Visual,Aflibercepte,Amgen Biotecnologia Do Brasil Ltda.
Vsiqq,Biologico,Outros Medicamentos Com Acao No Aparelho Visual,Brolucizumabe,Novartis Biociencias S.A
Vabysmo,Biologico,Outros Medicamentos Com Acao No Aparelho Visual,Faricimabe,Produtos Roche Quimicos E Farmaceuticos S.A.
Amelivu,Biologico,Outros Medicamentos Com Acao No Aparelho Visual,Ranibizumabe,Samsung Bioepis Br Pharmaceutical Ltda.
Lucentis,Biologico,Outros Medicamentos Com Acao No Aparelho Visual,Ranibizumabe,Novartis Biociencias S.A
Optinovis,Biologico,Outros Medicamentos Com Acao No Aparelho Visual,Ranibizumabe,Bionovis S.A. - Companhia Brasileira De Biotecnologia Farmaceut
Ranivisio,Biologico,Outros Medicamentos Com Acao No Aparelho Visual,Ranibizumabe,Biomm Sa
Strensiq,Biologico,Outros Prods  Nao Enquadrados Em Classe Terapeutica Especif,Alfa-Asfotase,Astrazeneca Do Brasil Ltda
Nexviazyme,Biologico,Outros Prods  Nao Enquadrados Em Classe Terapeutica Especif,Alfa-Avalglicosidase,Sanofi Medley Farmaceutica Ltda.
Xenpozyme,Biologico,Outros Prods  Nao Enquadrados Em Classe Terapeutica Especif,Alfaolipudase,Sanofi Medley Farmaceutica Ltda.
Kanuma,Biologico,Outros Prods  Nao Enquadrados Em Classe Terapeutica Especif,Alfassebelipase,Astrazeneca Do Brasil Ltda
Piasky,Biologico,Outros Prods  Nao Enquadrados Em Classe Terapeutica Especif,Crovalimabe,Produtos Roche Quimicos E Farmaceuticos S.A.
Bekemv,Biologico,Outros Prods  Nao Enquadrados Em Classe Terapeutica Especif,Eculizumabe,Amgen Biotecnologia Do Brasil Ltda.
Soliris,Biologico,Outros Prods  Nao Enquadrados Em Classe Terapeutica Especif,Eculizumabe,Astrazeneca Do Brasil Ltda
Elaprase,Biologico,Outros Prods  Nao Enquadrados Em Classe Terapeutica Especif,Idursulfase,Takeda Pharma Ltda.
Takhzyro,Biologico,Outros Prods  Nao Enquadrados Em Classe Terapeutica Especif,Lanadelumabe,Takeda Pharma Ltda.
Fasturtec,Biologico,Outros Prods  Nao Enquadrados Em Classe Terapeutica Especif,Rasburicase,Sanofi Medley Farmaceutica Ltda.
Ultomiris,Biologico,Outros Prods  Nao Enquadrados Em Classe Terapeutica Especif,Ravulizumabe,Astrazeneca Do Brasil Ltda
Idelvion,Biologico,Outros Produtos Anti-Hemorragicos,Alfa-Albutrepenonacogue,Csl Behring Comercio De Produtos Farmaceuticos Ltda
Afstyla,Biologico,Outros Produtos Anti-Hemorragicos,Alfalonoctocogue,Csl Behring Comercio De Produtos Farmaceuticos Ltda
Xyntha,Biologico,Outros Produtos Anti-Hemorragicos,Alfamoroctocogue,Pfizer Brasil Ltda
Fibrogammin P,Biologico,Outros Produtos Anti-Hemorragicos,"Fator Xiii De Coagulacao, Fator Xiii",Csl Behring Comercio De Produtos Farmaceuticos Ltda
Alfainterferona 2B,Biologico,Outros Produtos Com Acao Imunoprotetora,Alfainterferona 2B,Fundacao Oswaldo Cruz
Avonex,Biologico,Outros Produtos Com Acao Imunoprotetora,Betainterferona 1A,Biogen Brasil Produtos Farmaceuticos Ltda
Tysabri,Biologico,Outros Produtos Com Acao Imunoprotetora,Natalizumabe,Biogen Brasil Produtos Farmaceuticos Ltda
Bosaya,Biologico,Outros Produtos Com Acao No Sistema Musculo Esqueletico,Denosumabe,Biocon Biologics Do Brasil Ltda
Denbonli,Biologico,Outros Produtos Com Acao No Sistema Musculo Esqueletico,Denosumabe,Sandoz Do Brasil Industria Farmaceutica Ltda
Noclar,Biologico,Outros Produtos Com Acao No Sistema Musculo Esqueletico,Denosumabe,Bionovis S.A. - Companhia Brasileira De Biotecnologia Farmaceut
Obodence,Biologico,Outros Produtos Com Acao No Sistema Musculo Esqueletico,Denosumabe,Samsung Bioepis Br Pharmaceutical Ltda.
Prolia,Biologico,Outros Produtos Com Acao No Sistema Musculo Esqueletico,Denosumabe,Amgen Biotecnologia Do Brasil Ltda.
Evenity,Biologico,Outros Produtos Com Acao No Sistema Musculo Esqueletico,Romosozumabe,Amgen Biotecnologia Do Brasil Ltda.
Bolt Caps,Biologico,Outros Produtos Com Acao No Sistema Musculo Esqueletico,"Sulfato De Glicosamina Cloreto De Sodio, Sulfato Dissodico De Condroitina, Sulfato De Glicosamina, Sulfato De Condroitina",Eurofarma Laboratorios S.A.
Artrolive,Biologico,Outros Produtos Com Acao No Sistema Musculo Esqueletico,"Sulfato De Glicosamina, Sulfato De Condroitina",Ache Laboratorios Farmaceuticos S.A
Jogger,Biologico,Outros Produtos Com Acao No Sistema Musculo Esqueletico,"Sulfato De Glicosamina, Sulfato De Condroitina",Ache Laboratorios Farmaceuticos S.A
Ardro,Biologico,Outros Produtos Com Acao No Sistema Musculo Esqueletico,"Sulfato De Glicosamina, Sulfato De Glicosamina Cloreto De Sodio, Sulfato Dissodico De Condroitina",Eurofarma Laboratorios S.A.
Artico Caps,Biologico,Outros Produtos Com Acao No Sistema Musculo Esqueletico,"Sulfato De Glicosamina, Sulfato De Glicosamina Cloreto De Sodio, Sulfato Dissodico De Condroitina",Eurofarma Laboratorios S.A.
Lamzede,Biologico,Outros Produtos Para O Aparelho Digestivo E Metabolismo,Alfavelmanase,Chiesi Farmaceutica Ltda
Myalept,Biologico,Outros Produtos Para O Aparelho Digestivo E Metabolismo,Metreleptina,Chiesi Farmaceutica Ltda
Jivi,Biologico,Outros Produtos Que Atuam No Sangue E Hematopoiese,Alfadamoctocogue Pegol,Bayer S.A.
Ryzneuta,Biologico,Outros Produtos Que Atuam No Sangue E Hematopoiese,Alfaefbemalenograstim,Libbs Farmaceutica Ltda
Alfaepoetina,Biologico,Outros Produtos Que Atuam No Sangue E Hematopoiese,Alfaepoetina,Fundacao Oswaldo Cruz
Eritropoietina,Biologico,Outros Produtos Que Atuam No Sangue E Hematopoiese,Alfaepoetina,Chron Epigen Industria E Comercio Ltda
Alfaepoetina,Biologico,Outros Produtos Que Atuam No Sangue E Hematopoiese,"Alfaepoetina, Eritropoetina Humana Recombinante",Blau Farmaceutica S.A.
Advate,Biologico,Outros Produtos Que Atuam No Sangue E Hematopoiese,Alfaoctocogue,Takeda Pharma Ltda.
Hemo-8R,Biologico,Outros Produtos Que Atuam No Sangue E Hematopoiese,Alfaoctocogue,Empresa Brasileira De Hemoderivados E Biotecnologia
Adynovate,Biologico,Outros Produtos Que Atuam No Sangue E Hematopoiese,Alfarurioctocogue Pegol,Takeda Pharma Ltda.
Espuroct,Biologico,Outros Produtos Que Atuam No Sangue E Hematopoiese,Alfaturoctocogue Pegol,Novo Nordisk Farmaceutica Do Brasil Ltda
Refixia,Biologico,Outros Produtos Que Atuam No Sangue E Hematopoiese,Betanonacogue Pegol,Novo Nordisk Farmaceutica Do Brasil Ltda
Kovaltry,Biologico,Outros Produtos Que Atuam No Sangue E Hematopoiese,Betaoctocogue,Bayer S.A.
Alhemo®,Biologico,Outros Produtos Que Atuam No Sangue E Hematopoiese,Concizumabe,Novo Nordisk Farmaceutica Do Brasil Ltda
Fil,Biologico,Outros Produtos Que Atuam No Sangue E Hematopoiese,Filgrastim,Accord Farmaceutica Ltda
Filgrastine,Biologico,Outros Produtos Que Atuam No Sangue E Hematopoiese,Filgrastim,Blau Farmaceutica S.A.
Fiprima,Biologico,Outros Produtos Que Atuam No Sangue E Hematopoiese,Filgrastim,Eurofarma Laboratorios S.A.
Granulokine,Biologico,Outros Produtos Que Atuam No Sangue E Hematopoiese,Filgrastim,Amgen Biotecnologia Do Brasil Ltda.
Zarzio,Biologico,Outros Produtos Que Atuam No Sangue E Hematopoiese,Filgrastim,Sandoz Do Brasil Industria Farmaceutica Ltda
Rixubis,Biologico,Outros Produtos Que Atuam No Sangue E Hematopoiese,Gamanonacogue,Takeda Pharma Ltda.
Lonquex,Biologico,Outros Produtos Que Atuam No Sangue E Hematopoiese,Lipegfilgrastim,Teva Farmaceutica Ltda.
Bioce,Biologico,Outros Produtos Que Atuam No Sangue E Hematopoiese,Pegfilgrastim,Ache Laboratorios Farmaceuticos S.A
Fulphila,Biologico,Outros Produtos Que Atuam No Sangue E Hematopoiese,Pegfilgrastim,Biocon Biologics Do Brasil Ltda
Neulastim,Biologico,Outros Produtos Que Atuam No Sangue E Hematopoiese,Pegfilgrastim,Amgen Biotecnologia Do Brasil Ltda.
Pegneucyte,Biologico,Outros Produtos Que Atuam No Sangue E Hematopoiese,Pegfilgrastim,Laboratorio Teuto Brasileiro S/A
Pegtima,Biologico,Outros Produtos Que Atuam No Sangue E Hematopoiese,Pegfilgrastim,Bionovis S.A. - Companhia Brasileira De Biotecnologia Farmaceut
Pelgraz,Biologico,Outros Produtos Que Atuam No Sangue E Hematopoiese,Pegfilgrastim,Accord Farmaceutica Ltda
Ziextenzo,Biologico,Outros Produtos Que Atuam No Sangue E Hematopoiese,Pegfilgrastim,Sandoz Do Brasil Industria Farmaceutica Ltda
Ajovy,Biologico,Outros Produtos Que Atuam Sobre O Sistema Nervoso,Fremanezumabe,Teva Farmaceutica Ltda.
Leqembi,Biologico,Outros Produtos Que Atuam Sobre O Sistema Nervoso,Lecanemabe,Eisai Laboratorios Ltda
Survanta,Biologico,Produto Para O Aparelho Respiratorio,Beractanto,Abbvie Farmaceutica Ltda.
Synagis,Biologico,Produto Para O Aparelho Respiratorio,Palivizumabe,Astrazeneca Do Brasil Ltda
Artiss,Biologico,Produtos Para Uso Em Cirurgia,"Fibrinogenio, Aprotinina, Trombina",Baxter Hospitalar Ltda
Tisseel,Biologico,Produtos Para Uso Em Cirurgia,"Fibrinogenio, Aprotinina, Trombina",Baxter Hospitalar Ltda
Beriplast P,Biologico,Produtos Para Uso Em Cirurgia,"Fibrinogenio, Fator Xiii, Aprotinina, Trombina, Cloreto De Calcio Diidratado",Csl Behring Comercio De Produtos Farmaceuticos Ltda
Floseal,Biologico,Produtos Para Uso Em Cirurgia,"Gelatina, Trombina",Baxter Hospitalar Ltda
Truxima,Biologico,Rituximabe,Rituximabe,Celltrion Healthcare Distribuicao De Produtos Farmaceuticos Dos
Hemofil,Biologico,Sangue Total Ou Plasma,Fator Viii De Coagulacao,Takeda Pharma Ltda.
Tecplas,Biologico,Sangue Total Ou Plasma,Proteinas Plasmaticas Humanas,Instituto De Tecnologia Do Parana
Octalbin,Biologico,"Sangue, Derivados E Substitutos Exceto Imunoprotecao","Albumina Humana, Proteinas Plasmaticas Humanas",Octapharma Brasil Ltda
Octaplex,Biologico,"Sangue, Derivados E Substitutos Exceto Imunoprotecao","Fator Ii De Coagulacao, Fator Vii De Coagulacao, Fator Ix De Coagulacao, Fator X, Proteina C, Proteina S",Octapharma Brasil Ltda
Fator Viii De Coagulacao Hemobras,Biologico,"Sangue, Derivados E Substitutos Exceto Imunoprotecao",Fator Viii De Coagulacao,Empresa Brasileira De Hemoderivados E Biotecnologia
Octavi Sdoptimum,Biologico,"Sangue, Derivados E Substitutos Exceto Imunoprotecao",Fator Viii De Coagulacao,Octapharma Brasil Ltda
Soro Anti-Rabico,Biologico,Soros Imunoprotetores,Imunoglobulina Antirrabica,Fundacao Ezequiel Dias - Funed
Soro Antirrabico,Biologico,Soros Imunoprotetores,Imunoglobulina Antirrabica,Instituto Vital Brazil S/A
Soro Anti-Rabico,Biologico,Soros Imunoprotetores,"Imunoglobulina Antirrabica, Imunoglobulina Heterologa",Instituto Butantan
Soro Antitetanico,Biologico,Soros Imunoprotetores,Imunoglobulina Antitetanica,Instituto Vital Brazil S/A
Soro Antibotropico-Laquetico,Biologico,Soros Imunoprotetores,"Imunoglobulina Heteologa Contra O Veneno De Lachesis Muta, Imunoglobulina Heterologa Contra Veneno De Bothrops Sp",Instituto Butantan
Soro Antibotulinico E,Biologico,Soros Imunoprotetores,Imunoglobulina Heterologa,Instituto Butantan
Soro Antiloxoscelico,Biologico,Soros Imunoprotetores,Imunoglobulina Heterologa,Secretaria De Estado Da Saude
Soro Antibotropico (Pentavalente) E Antilaquetico,Biologico,Soros Imunoprotetores,"Imunoglobulina Heterologa Contra O Veneno De Lachesis Muta, Imunoglobulina Heterologa Contra Veneno De Bothrops Sp",Instituto Vital Brazil S/A
Soro Antibotulinico Ab,Biologico,Soros Imunoprotetores,"Imunoglobulina Heterologa Contra Toxina Botulinica Tipo A, Imunoglobulina Heterologa Contra Toxina Botulinica Tipo B",Instituto Butantan
Soro Antidifterico,Biologico,Soros Imunoprotetores,Imunoglobulina Heterologa Contra Toxina Difterica,Instituto Butantan
Soro Antitetanico,Biologico,Soros Imunoprotetores,Imunoglobulina Heterologa Contra Toxina Tetanica,
Soro Antibotropico,Biologico,Soros Imunoprotetores,Imunoglobulina Heterologa Contra Veneno De Bothrops Sp,Fundacao Ezequiel Dias - Funed
Soro Antibotropico,Biologico,Soros Imunoprotetores,"Imunoglobulina Heterologa Contra Veneno De Bothrops Sp, Imunoglobulina Heterologa",Instituto Butantan
Soro Antibotropico/Laquetico,Biologico,Soros Imunoprotetores,"Imunoglobulina Heterologa Contra Veneno De Bothrops Sp, Imunoglobulina Heterologa Contra O Veneno De Lachesis Muta",Fundacao Ezequiel Dias - Funed
Soro Antibotropico (Pentavalente) E Anticrotalico,Biologico,Soros Imunoprotetores,"Imunoglobulina Heterologa Contra Veneno De Bothrops Sp, Imunoglobulina Heterologa Contra Veneno De Crotalus Sp",Instituto Vital Brazil S/A
Soro Antibotropico-Crotalico,Biologico,Soros Imunoprotetores,"Imunoglobulina Heterologa Contra Veneno De Bothrops Sp, Imunoglobulina Heterologa Contra Veneno De Crotalus Sp",Instituto Butantan
Soro Antibotropico/Crotalico,Biologico,Soros Imunoprotetores,"Imunoglobulina Heterologa Contra Veneno De Bothrops Sp, Imunoglobulina Heterologa Contra Veneno De Crotalus Sp",Fundacao Ezequiel Dias - Funed
Soro Anticrotalico,Biologico,Soros Imunoprotetores,Imunoglobulina Heterologa Contra Veneno De Crotalus Sp,
Soro Antilonomico,Biologico,Soros Imunoprotetores,Imunoglobulina Heterologa Contra Veneno De Lonomia Obliqua,Instituto Butantan
Soro Antielapidico,Biologico,Soros Imunoprotetores,Imunoglobulina Heterologa Contra Veneno De Micrurus,Fundacao Ezequiel Dias - Funed
Soro Antielapidico,Biologico,Soros Imunoprotetores,Imunoglobulina Heterologa Contra Veneno De Micrurus Frontalis,Instituto Butantan
"Soro Antiaracnidico (Loxosceles, Phoneutria E Tityus)",Biologico,Soros Imunoprotetores,"Imunoglobulina Heterologa Contra Veneno De Phoneutria Nigriventer, Imunoglobulina Heterologa Contra Veneno De Tityus Serrulatus, Imunoglobulina Heterologa Contra Veneno De Loxosceles Gaucho",Instituto Butantan
Soro Antiescorpionico,Biologico,Soros Imunoprotetores,Imunoglobulina Heterologa Contra Veneno De Tityus Serrulatus,
Soro Antilatrodectico (Latrodectus Curacaviensis),Biologico,Soros Imunoprotetores,Soro Antilatrodectico (Latrodectus Curacaviensis),Instituto Vital Brazil S/A
Alburex 20,Biologico,Substitutos Do Plasma E Expansores Plasmaticos,Albumina Humana,Csl Behring Comercio De Produtos Farmaceuticos Ltda
Vacina Adsorvida Difteria E Tetano Adulto (Dt),Biologico,Vacinas,"Anatoxina Difterica, Anatoxina Tetanica",Instituto Butantan
Vacina Adsorvida Difteria E Tetano Infantil (Dt),Biologico,Vacinas,"Anatoxina Difterica, Anatoxina Tetanica",Instituto Butantan
"Vacina Adsorvida Difteria, Tetano E Pertussis",Biologico,Vacinas,"Anatoxina Difterica, Anatoxina Tetanica, Antigeno Pertussis",Instituto Butantan
Vacina Adsorvida Hepatite B (Recombinante),Biologico,Vacinas,Antigeno De Superficie Da Hepatite B,Instituto Butantan
Engerix B,Biologico,Vacinas,"Antigeno De Superficie Da Hepatite B, Proteina Antigenica De Superficie (Hep. B)",Glaxosmithkline Brasil Ltda
Efluelda Tiv,Biologico,Vacinas,"Cepa Influenza Tipo A (H1N1), Cepa Influenza Tipo A (H3N2), Cepa Influenza Tipo B",Sanofi Medley Farmaceutica Ltda.
Fluad,Biologico,Vacinas,"Cepa Influenza Tipo A (H1N1), Cepa Influenza Tipo A (H3N2), Cepa Influenza Tipo B",Csl Behring Comercio De Produtos Farmaceuticos Ltda
Fluad Tetra,Biologico,Vacinas,"Cepa Influenza Tipo A (H1N1), Cepa Influenza Tipo A (H3N2), Cepa Influenza Tipo B",Csl Behring Comercio De Produtos Farmaceuticos Ltda
Fluarix Tetra,Biologico,Vacinas,"Cepa Influenza Tipo A (H1N1), Cepa Influenza Tipo A (H3N2), Cepa Influenza Tipo B",Glaxosmithkline Brasil Ltda
Flucelvax Tetra,Biologico,Vacinas,"Cepa Influenza Tipo A (H1N1), Cepa Influenza Tipo A (H3N2), Cepa Influenza Tipo B",Csl Behring Comercio De Produtos Farmaceuticos Ltda
Influvac Tetra,Biologico,Vacinas,"Cepa Influenza Tipo A (H1N1), Cepa Influenza Tipo A (H3N2), Cepa Influenza Tipo B",Abbott Laboratorios Do Brasil Ltda
"Vacina Influenza Trivalente (Fragmentada, Inativada) Senior",Biologico,Vacinas,"Cepa Influenza Tipo A (H1N1), Cepa Influenza Tipo A (H3N2), Cepa Influenza Tipo B",Instituto Butantan
Vaxigrip ®,Biologico,Vacinas,"Cepa Influenza Tipo A (H1N1), Cepa Influenza Tipo A (H3N2), Cepa Influenza Tipo B",Sanofi Medley Farmaceutica Ltda.
Efluelda,Biologico,Vacinas,"Cepa Influenza Tipo A (H1N1), Cepa Influenza Tipo A (H3N2), Cepa Influenza Tipo B, Cepa Influenza Tipo B",Sanofi Medley Farmaceutica Ltda.
Fluquadri,Biologico,Vacinas,"Cepa Influenza Tipo A (H1N1), Cepa Influenza Tipo A (H3N2), Cepa Influenza Tipo B, Cepa Influenza Tipo B",Sanofi Medley Farmaceutica Ltda.
"Vacina Influenza Tetravalente (Fragmentada, Inativada) Senior",Biologico,Vacinas,"Cepa Influenza Tipo A (H1N1), Cepa Influenza Tipo A (H3N2), Cepa Influenza Tipo B, Cepa Influenza Tipo B",Instituto Butantan
Infanrix Hexa,Biologico,Vacinas,"Conjugado De Polissacarideo Capsular De Haemophilus Influenzae Tipo B E Toxoide Tetanico, Toxoide Pertussis, Pertactina, Toxoide Difterico, Toxoide Tetanico, Poliovirus Inativados Tipo 1, Poliovirus Inativados Tipo 2, Poliovirus Inativados Tipo 3, Hemaglutinina Filamentosa, Antigeno De Superficie Da Hepatite B",Glaxosmithkline Brasil Ltda
Menveo,Biologico,Vacinas,"Oligossacarideo Meningococico A, Oligossacarideo Meningococico Do Grupo C, Oligossacarideo Meningococico W135, Oligossacarideo Meningococico Y",Glaxosmithkline Brasil Ltda
Vacina Meningococica Acwy (Conjugada),Biologico,Vacinas,"Oligossacarideo Meningococico A, Proteina Difterica Crm 197, Oligossacarideo Meningococico Do Grupo C, Oligossacarideo Meningococico W135, Oligossacarideo Meningococico Y",
Vacina Adsorvida Meningococica C (Conjugada),Biologico,Vacinas,Oligossacarideo Meningococico Do Grupo C,Fundacao Ezequiel Dias - Funed
Menjugate,Biologico,Vacinas,"Oligossacarideo Meningococico Do Grupo C, Proteina Carreadora",Glaxosmithkline Brasil Ltda
Gardasil,Biologico,Vacinas,"Particula Semelhante A Virus De Proteina L1 Do Hpv Do Tipo 6, Particula Semelhante A Virus De Proteina L1 Do Hpv Do Tipo 11, Particula Semelhante A Virus De Proteina L1 Do Hpv Do Tipo 16, Particula Semelhante A Virus De Proteina L1 Do Hpv Do Tipo 18",Merck Sharp & Dohme Farmaceutica Ltda.
"Vacina Papilomavirus Humano 6, 11, 16 E 18 (Recombinante)",Biologico,Vacinas,"Particula Semelhante A Virus De Proteina L1 Do Hpv Do Tipo 6, Particula Semelhante A Virus De Proteina L1 Do Hpv Do Tipo 11, Particula Semelhante A Virus De Proteina L1 Do Hpv Do Tipo 16, Particula Semelhante A Virus De Proteina L1 Do Hpv Do Tipo 18",Instituto Butantan
Gardasil 9,Biologico,Vacinas,"Particula Semelhante A Virus De Proteina L1 Do Hpv Do Tipo 6, Particula Semelhante A Virus De Proteina L1 Do Hpv Do Tipo 11, Particula Semelhante A Virus De Proteina L1 Do Hpv Do Tipo 16, Particula Semelhante A Virus De Proteina L1 Do Hpv Do Tipo 18, Particula Semelhante A Virus De Proteina L1 Do Hpv Do Tipo 31, Particula Semelhante A Virus De Proteina L1 Do Hpv Do Tipo 33, Par",Merck Sharp & Dohme Farmaceutica Ltda.
"Vacina Poliomielite 1, 2 E 3 (Inativada)",Biologico,Vacinas,"Poliovirus Inativados Tipo 1, Poliovirus Inativados Tipo 2, Poliovirus Inativados Tipo 3",Sanofi Medley Farmaceutica Ltda.
"Vacina Poliomielite 1, 2 E 3 (Atenuada)",Biologico,Vacinas,"Poliovirus Tipo 1, Poliovirus Tipo 2, Poliovirus Tipo 3",Fundacao Oswaldo Cruz
Vacina Poliomielite 1 E 3 (Atenuada),Biologico,Vacinas,"Poliovirus Tipo 1, Poliovirus Tipo 3",Fundacao Oswaldo Cruz
"Vacina Poliomielite 1, 2 E 3 (Inativada)",Biologico,Vacinas,"Poliovirus Tipo 2, Poliovirus Tipo 1, Poliovirus Tipo 3",Fundacao Oswaldo Cruz
Typhim Vi,Biologico,Vacinas,Polissacarideo,Sanofi Medley Farmaceutica Ltda.
Vacina Pneumococica 23-Valente (Polissacaridica),Biologico,Vacinas,"Polissacarideo Capsular De Streptococcus Pneumoniae Sorotipo 1, Polissacarideo Capsular De Streptococcus Pneumoniae Sorotipo 2, Polissacarideo Capsular De Streptococcus Pneumoniae Sorotipo 3 , Polissacarideo Capsular De Streptococcus Pneumoniae Sorotipo 4 , Polissacarideo Capsular De Streptococcus Pneumoniae Sorotipo 5, Polissacarideo Capsular De Streptococcus Pneumoniae Soroti",Instituto Butantan
Synflorix,Biologico,Vacinas,"Polissacarideo Capsular De Streptococcus Pneumoniae Sorotipo 1, Polissacarideo Conjugado De Streptococcus Pneumoniae Tipo 1, Polissacarideo Capsular De Streptococcus Pneumoniae Sorotipo 4 , Polissacarideo Conjugado De Streptococcus Pneumoniae Tipo 4, Polissacarideo Capsular De Streptococcus Pneumoniae Sorotipo 5, Polissacarideo Conjugado De Streptococcus Pneumoniae Tipo 5, Poli",Glaxosmithkline Brasil Ltda
Vacina Haemophilus Influenzae B (Conjugada),Biologico,Vacinas,Polissacarideo De Haemophilus Influenzae Tipo B,Fundacao Oswaldo Cruz
"Vacina Adsorvida Difteria, Tetano, Pertussis E Hemophilus Influenza B",Biologico,Vacinas,"Polissacarideo De Haemophilus Influenzae Tipo B, Toxoide Difterico, Toxoide Tetanico, Pertussis Celular",Fundacao Oswaldo Cruz
Menquadfi,Biologico,Vacinas,"Polissacarideo De Neisseria Meningitidis Do Sorogrupo A Conjugado A Proteina Carreadora Toxoide Tetanico, Polissacarideo De Neisseria Meningitidis Do Sorogrupo C Conjugado A Proteina Carreadora Toxoide Tetanico, Polissacarideo De Neisseria Meningitidis Do Sorogrupo W Conjugado A Proteina Carreadora Toxoide Tetanico , Polissacarideo De Neisseria Meningitidis Do Sorogrupo Y Conju",Sanofi Medley Farmaceutica Ltda.
Nimenrix,Biologico,Vacinas,"Polissacarideo De Neisseria Meningitidis Do Sorogrupo A Conjugado A Proteina Carreadora Toxoide Tetanico, Polissacarideo De Neisseria Meningitidis Do Sorogrupo C Conjugado A Proteina Carreadora Toxoide Tetanico, Polissacarideo De Neisseria Meningitidis Do Sorogrupo Y Conjugado A Proteina Carreadora Toxoide Tetanico, Polissacarideo De Neisseria Meningitidis Do Sorogrupo W Conjug",Laboratorios Pfizer Ltda
Vacina Meningococica Acwy (Conjugada),Biologico,Vacinas,"Polissacarideo De Neisseria Meningitidis Do Sorogrupo A Conjugado A Proteina Carreadora Toxoide Tetanico, Polissacarideo De Neisseria Meningitidis Do Sorogrupo C Conjugado A Proteina Carreadora Toxoide Tetanico, Polissacarideo De Neisseria Meningitidis Do Sorogrupo Y Conjugado A Proteina Carreadora Toxoide Tetanico, Polissacarideo De Neisseria Meningitidis Do Sorogrupo W Conjug",Instituto Butantan
Vacina Meningococica Ac (Polissacaridica),Biologico,Vacinas,"Polissacarideo N. Meningitidis Tipo A, Polissacarideo N. Meningitidis Tipo C",Fundacao Oswaldo Cruz
Bexsero,Biologico,Vacinas,"Proteina De Fusao Nhba Recombinante De Neisseria Meningitidis Grupo B, Vesiculas De Membrana Externa (Omv) De Neisseria Meningitidis Grupo B, Cepa Nz98/254 , Proteina De Fusao Fhbp Recombinante De Neisseria Meningitidis Grupo B, Proteina Nad A Recombinante De Neisseria Meningitidis Grupo B",Glaxosmithkline Brasil Ltda
Rotateq,Biologico,Vacinas,"Rearranjo De Rotavirus Humano/Bovino G1, Rearranjo De Rotavirus Humano/Bovino G2, Rearranjo De Rotavirus Humano/Bovino G3, Rearranjo De Rotavirus Humano/Bovino G4, Rearranjo De Rotavirus Humano/Bovino P1A[8], Vacina Rotavirus Humano/Bovino G1, G2, G3, G4 E P1A[8] (Atenuada)",Merck Sharp & Dohme Farmaceutica Ltda.
Rotarix,Biologico,Vacinas,Rotavirus Humano Atenuado,Glaxosmithkline Brasil Ltda
Vacina Rotavirus Humano G1P[8] (Atenuada),Biologico,Vacinas,Rotavirus Humano Atenuado,Fundacao Oswaldo Cruz
Vacina Pneumococica 10-Valente (Conjugada),Biologico,Vacinas,Streptococcus Pneumoniae,Fundacao Oswaldo Cruz
"Vacina Adsorvida Difteria, Tetano E Pertussis (Acelular)",Biologico,Vacinas,"Toxoide Difterico, Toxoide Tetanico, Toxoide Pertussis, Hemaglutinina Filamentosa, Pertactina",Instituto Butantan
Refortrix Ipv,Biologico,Vacinas,"Toxoide Difterico, Toxoide Tetanico, Toxoide Pertussis, Hemaglutinina Filamentosa, Pertactina, Poliovirus Inativados Tipo 1, Poliovirus Inativados Tipo 3, Poliovirus Inativados Tipo 2",Glaxosmithkline Brasil Ltda
Infanrix Penta,Biologico,Vacinas,"Toxoide Difterico, Toxoide Tetanico, Toxoide Pertussis, Hemaglutinina Filamentosa, Pertactina, Poliovirus Tipo 1, Poliovirus Tipo 2, Poliovirus Tipo 3, Haemophilus Influenzae Tipo B, Poliovirus Inativados Tipo 1, Poliovirus Inativados Tipo 2, Poliovirus Inativados Tipo 3",Glaxosmithkline Brasil Ltda
Hexaxim,Biologico,Vacinas,"Toxoide Difterico, Toxoide Tetanico, Toxoide Pertussis, Hemaglutinina Filamentosa, Poliovirus Tipo 1 (Mahoney), Poliovirus Tipo 2, Poliovirus Tipo 3, Antigeno De Superficie Da Hepatite B, Polissacarideo De Haemophilus Influenzae Tipo B",Sanofi Medley Farmaceutica Ltda.
"Vacina Dtpa-Hb-Ipv-Hib Adsorvida Difteria, Tetano, Pertussis (Acelula",Biologico,Vacinas,"Toxoide Difterico, Toxoide Tetanico, Toxoide Pertussis, Hemaglutinina Filamentosa, Poliovirus Tipo 1 (Mahoney), Poliovirus Tipo 2, Poliovirus Tipo 3, Antigeno De Superficie Da Hepatite B, Polissacarideo De Haemophilus Influenzae Tipo B Conjugado Com Proteina Tetanica",Fundacao Oswaldo Cruz
Pentaxim,Biologico,Vacinas,"Toxoide Difterico, Toxoide Tetanico, Toxoide Pertussis, Hemaglutinina Filamentosa, Poliovirus Tipo 1 (Mahoney), Poliovirus Tipo 2, Poliovirus Tipo 3, Polissacarideo De Haemophilus Influenzae Tipo B",Sanofi Medley Farmaceutica Ltda.
Adacel,Biologico,Vacinas,"Toxoide Pertussis, Hemaglutinina Filamentosa, Toxoide Difterico, Aglutinogenos Fimbriais De Bordetella Pertussis Dos Sorotipos 2 E 3, Toxoide Tetanico, Pertactina, Pertactina",Sanofi Medley Farmaceutica Ltda.
Trumenba,Biologico,Vacinas,Vacina Adsorvida Meningococica B (Recombinante),Pfizer Brasil Ltda
Vacina Bcg,Biologico,Vacinas,Vacina Bcg,
Butantan - Chik,Biologico,Vacinas,Vacina Chikungunya (Recombinante E Atenuada),Instituto Butantan
Ixchiq,Biologico,Vacinas,Vacina Chikungunya (Recombinante E Atenuada),Instituto Butantan
Comirnaty,Biologico,Vacinas,Vacina Covid-19,Pfizer Brasil Ltda
Spikevax,Biologico,Vacinas,Vacina Covid-19,Avita Care Importacao E Distribuicao De Produtos Ltda.
Vacina Covid-19 (Recombinante),Biologico,Vacinas,Vacina Covid-19 (Recombinante),Fundacao Oswaldo Cruz
Vacina Covid-19 (Recombinante),Biologico,Vacinas,"Vacina Covid-19 (Recombinante), Vacina Covid-19 (Recombinante E Inativada)",Zalika Farmaceutica Ltda
Butantan-Dv,Biologico,Vacinas,"Vacina Dengue 1, 2, 3 E 4 (Atenuada)",Instituto Butantan
Qdenga,Biologico,Vacinas,"Vacina Dengue 1, 2, 3 E 4 (Atenuada)",
Shingrix,Biologico,Vacinas,Vacina Herpes-Zoster (Recombinante),Glaxosmithkline Brasil Ltda
Prevenar® 20,Biologico,Vacinas,Vacina Pneumococica 20-Valente (Conjugada),Pfizer Brasil Ltda
Vacina Raiva(Inativada),Biologico,Vacinas,Vacina Raiva (Inativada),Instituto Butantan
"Vacina Sarampo, Rubeola (Atenuada)",Biologico,Vacinas,"Vacina Sarampo, Rubeola (Atenuada)",Fundacao Oswaldo Cruz
Arexvy,Biologico,Vacinas,"Vacina Virus Sincicial Respiratorio (Recombinante, Adjuvada)",Glaxosmithkline Brasil Ltda
Abrysvo,Biologico,Vacinas,Vacina Virus Sincicial Respiratorio A E B (Recombinante),Pfizer Brasil Ltda
Vacina Do Virus Sincicial Respiratorio Bivalente (Recombinante),Biologico,Vacinas,Vacina Virus Sincicial Respiratorio A E B (Recombinante),Instituto Butantan
Vacina Adsorvida Hepatite A (Inativada),Biologico,Vacinas,Virus Da Hepatite A Purificado Inativado,Instituto Butantan
M-M-R Ii,Biologico,Vacinas,"Virus Da Rubeola, Virus Do Sarampo, Virus Da Caxumba",Merck Sharp & Dohme Farmaceutica Ltda.
Vacina Varicela (Atenuada),Biologico,Vacinas,Virus Da Varicela,Instituto Butantan
Varivax,Biologico,Vacinas,Virus Da Varicela,Merck Sharp & Dohme Farmaceutica Ltda.
"Vacina Sarampo, Caxumba, Rubeola E Varicela (Atenuada)",Biologico,Vacinas,"Virus Da Varicela, Virus Da Rubeola, Virus Da Caxumba, Virus Do Sarampo",Fundacao Oswaldo Cruz
"Vacina Sarampo, Caxumba, Rubeola (Atenuada)",Biologico,Vacinas,"Virus Do Sarampo, Vacina Contra Sarampo, Vacina Contra Caxumba, Vacina Contra Rubeola",Fundacao Oswaldo Cruz
Priorix,Biologico,Vacinas,"Virus Do Sarampo, Virus Da Caxumba, Virus Da Rubeola",Glaxosmithkline Brasil Ltda
Priorix Tetra,Biologico,Vacinas,"Virus Do Sarampo, Virus Da Caxumba, Virus Da Rubeola, Virus Da Varicela",Glaxosmithkline Brasil Ltda
Proquad,Biologico,Vacinas,"Virus Do Sarampo, Virus Da Caxumba, Virus Da Rubeola, Virus Da Varicela",Merck Sharp & Dohme Farmaceutica Ltda.
Dengvaxia,Biologico,Vacinas,"Virus Quimerico Febre Amarela Dengue Sorotipo 1, Virus Quimerico Febre Amarela Dengue Sorotipo 2, Virus Quimerico Febre Amarela Dengue Sorotipo 3, Virus Quimerico Febre Amarela Dengue Sorotipo 4",Sanofi Medley Farmaceutica Ltda.
Vacina Contra Raiva Uso Humano,Biologico,Vacinas,Virus Rabico Inativado,Instituto Butantan
Flulaval Tetra,Biologico,Vacinas,"Cepa Influenza Tipo A (H1N1), Cepa Influenza Tipo A (H3N2), Cepa Influenza Tipo B, Cepa Influenza Tipo B",Glaxosmithkline Brasil Ltda
Vaxigrip Tetra,Biologico,Vacinas,"Cepa Influenza Tipo A (H1N1), Cepa Influenza Tipo A (H3N2), Cepa Influenza Tipo B, Cepa Influenza Tipo B",Sanofi Medley Farmaceutica Ltda.
Densurko,Biologico,,Depemoquimabe,Glaxosmithkline Brasil Ltda
Imfinzi,Biologico,,Durvalumabe,Astrazeneca Do Brasil Ltda
Ghemaxan,Biologico,Antitrombotico,Enoxaparina Sodica,Biomm Sa
Volare,Biologico,Antitrombotico,Enoxaparina Sodica,Ache Laboratorios Farmaceuticos S.A
Evkeeza,Biologico,,Evinacumabe,Ultragenyx Brasil Farmaceutica Ltda
Alimax,Biologico,Anticoagulantes,Heparina Sodica Suina,Cristalia Produtos Quimicos Farmaceuticos Ltda.
Nemluvio,Biologico,,Nemolizumabe,Galderma Brasil Ltda
Omlyclo,Biologico,Outros Antialergicos,Omalizumabe,Celltrion Healthcare Distribuicao De Produtos Farmaceuticos Dos
Vaxneuvance,Biologico,,"Polissacarideo Capsular De Streptococcus Pneumoniae Sorotipo 1, Polissacarideo Capsular De Streptococcus Pneumoniae Sorotipo 3 , Polissacarideo Capsular De Streptococcus Pneumoniae Sorotipo 4 , Polissacarideo Capsular De Streptococcus Pneumoniae Sorotipo 5, Polissacarideo Capsular De Streptococcus Pneumoniae Sorotipo 6A , Polissacarideo Capsular De Streptococcus Pneumoniae Soro",Merck Sharp & Dohme Farmaceutica Ltda.
Bio-Manguinhos Rituximabe,Biologico,Antineoplasico,Rituximabe,Fundacao Oswaldo Cruz
Trodelvy,Biologico,,Sacituzumabe Govitecana,Gilead Sciences Farmaceutica Do Brasil Ltda
Tezspire,Biologico,,Tezepelumabe,Astrazeneca Do Brasil Ltda
Bio-Manguinhos Trastuzumabe,Biologico,Antineoplasico,Trastuzumabe,Fundacao Oswaldo Cruz
Ovidrel,Biologico,Hormonio Gonadotrofico,Alfacoriogonadotropina,Merck S/A
Gonal F,Biologico,Hormonio Gonadotrofico,Alfafolitropina,Merck S/A
Eutropin,Biologico,Hormonio Recombinante Do Crescimento Humano,Somatropina,Aspen Pharma Industria Farmaceutica Ltda
Imaavy,Biologico,Imunoglobulinas,Nipocalimabe,Janssen-Cilag Farmaceutica Ltda
Rebif,Biologico,Imunomodulador,Betainterferona 1A,Merck S/A
Imunoglucan,Biologico,Imunomodulador,Glucana,Infan Industria Quimica Farmaceutica Nacional S/A
Soro Antibotropico (Pentavalente),Biologico,Soros Imunoprotetores,Imunoglobulina Heterologa Contra Veneno De Bothrops Sp,Secretaria De Estado Da Saude
Influvac,Biologico,Vacinas,"Cepa Influenza Tipo A (H1N1), Cepa Influenza Tipo A (H3N2), Cepa Influenza Tipo B",Abbott Laboratorios Do Brasil Ltda
Prevenar 13,Biologico,Vacinas,"Polissacarideo Capsular De Streptococcus Pneumoniae Sorotipo 1, Polissacarideo Capsular De Streptococcus Pneumoniae Sorotipo 6B, Polissacarideo Capsular De Streptococcus Pneumoniae Sorotipo 3 , Polissacarideo Capsular De Streptococcus Pneumoniae Sorotipo 4 , Polissacarideo Capsular De Streptococcus Pneumoniae Sorotipo 5, Polissacarideo Capsular De Streptococcus Pneumoniae Sorot",Pfizer Brasil Ltda
Tetraxim,Biologico,Vacinas,"Toxoide Difterico, Toxoide Tetanico, Toxoide Pertussis, Hemaglutinina Filamentosa, Poliovirus Inativados Tipo 1, Poliovirus Inativados Tipo 2, Poliovirus Inativados Tipo 3",Sanofi Medley Farmaceutica Ltda.
Pediacel,Biologico,Vacinas,"Toxoide Pertussis, Hemaglutinina Filamentosa, Aglutinogenos Fimbriais De Bordetella Pertussis Dos Sorotipos 2 E 3, Pertactina, Toxoide Difterico, Toxoide Tetanico, Poliovirus Inativados Tipo 1, Poliovirus Inativados Tipo 2, Poliovirus Inativados Tipo 3, Polissacarideo De Haemophilus Influenzae Tipo B",Sanofi Medley Farmaceutica Ltda.
"Vacina Adsorvida Difteria, Tetano E Pertusis (Acelular)",Biologico,Vacinas,"Toxoide Pertussis, Hemaglutinina Filamentosa, Fimbrias, Pertactina, Toxoide Difterico, Toxoide Tetanico",Sanofi Medley Farmaceutica Ltda.
Vacina Raiva (Inativada),Biologico,Vacinas,Vacina Raiva (Inativada),Sanofi Medley Farmaceutica Ltda.
Stamaril,Biologico,Vacinas,Virus 17D Da Febre Amarela,Sanofi Medley Farmaceutica Ltda.
Zeel-Artro,Dinamizado,Antinflamatorios Antireumaticos,"Cartilago Suis, Funiculus Umbilicalis Suis, Embryo Suis , Placenta Suis, Dulcamara, Symphytum Officinale, Nadidum, Coenzyme A, Sanguinaria Canadensis, Dietiloxalacetato De Sodio, Acidum Alpha-Lipoicum, Rhus Toxicodendron, Arnica Montana, Sulphur",Heel Do Brasil Biomedica Ltda
Sedatif Pc,Dinamizado,Medicamentos Dinamizados Compostos,"Aconitum Napellus, Aconitum, Atropa Belladonna, Calendula Officinalis L., Chelidonium Majus, Abrus Precatorius, Viburnum Opulus",Boiron Medicamentos Homeopaticos Ltda
Grippheel,Dinamizado,Medicamentos Dinamizados Compostos,"Aconitum Napellus, Bryonia Cretica L., Lachesis Muta, Phosphorus, Eupatorium Perfoliatum L.",Heel Do Brasil Biomedica Ltda
Forteviron,Dinamizado,Medicamentos Dinamizados Compostos,"Agnus Castus, Conium Maculatum, Nuphar Luteum, Onosmodium Virginianum",Homeopatia Waldemiro Pereira Laboratorio Industrial Farmaceutic
Erysidoron-1,Dinamizado,Medicamentos Dinamizados Compostos,"Apis Mellifica, Atropa Belladonna",Weleda Do Brasil Laboratorio E Farmacia Ltda
Sinudoron,Dinamizado,Medicamentos Dinamizados Compostos,"Argentum Nitricum, Berberis Vulgaris, Atropa Belladonna, Hydrastis Canadensis, Silicea",Weleda Do Brasil Laboratorio E Farmacia Ltda
Nervocalm,Dinamizado,Medicamentos Dinamizados Compostos,"Argentum Nitricum, Kali Bromatum",Homeopatia Waldemiro Pereira Laboratorio Industrial Farmaceutic
Traumeel S,Dinamizado,Medicamentos Dinamizados Compostos,"Arnica Montana L., Arnica Montana, Calendula Officinalis L., Hamamelis Virginiana L., Echinacea Angustifolia Dc., Echinacea Purpurea, Echinacea Purpurea (L.) Moench, Matricaria Chamomilla , Matricaria Chamomilla L., Bellis Perennis, Symphytum Officinale, Hypericum Perforatum, Achillea Millefolium L., Aconitum Napellus, Atropa Belladonna, Mercurius Solubilis, Hepar Sulphur, Hepa",Heel Do Brasil Biomedica Ltda
Motix,Dinamizado,Medicamentos Dinamizados Compostos,"Arnica Montana L., Arnica Montana, Calendula Officinalis L., Hamamelis Virginiana L., Echinacea Angustifolia, Echinacea Angustifolia Dc., Echinacea Purpurea (L.) Moench, Matricaria Chamomilla , Matricaria Chamomilla L., Bellis Perennis, Symphytum Officinale, Hypericum Perforatum, Achillea Millefolium L., Aconitum Napellus, Atropa Belladonna, Mercurius Solubilis, Hepar Sulphur,",Farmoquimica S/A
Berberis-Homaccord,Dinamizado,Medicamentos Dinamizados Compostos,"Berberis Vulgaris, Citrullus Colocynthis, Colocynthis, Veratrum Album",Heel Do Brasil Biomedica Ltda
Spascupreel,Dinamizado,Medicamentos Dinamizados Compostos,"Citrullus Colocynthis Schrad., Colocynthis, Ammonium Bromatum, Atropinum Sulfuricum, Veratrum Album, Gelsemium Sempervirens, Magnesium Phosphoricum, Agaricus Muscarius, Matricaria Recutita L., Passiflora Incarnata, Cuprum Sulfuricum, Aconitum Napellus, Chamomilla Recutita",Heel Do Brasil Biomedica Ltda
Vertigoheel,Dinamizado,Medicamentos Dinamizados Compostos,"Cocculus Indicus, Conium Maculatum, Ambra Grisea, Petroleum",Heel Do Brasil Biomedica Ltda
Pyrit - Zinnober,Dinamizado,Medicamentos Dinamizados Compostos,"Dissulfeto Ferroso, Ferrum Sulfuratum, Mercurius Sulphuratus Ruber, Mercurius Sulfuratum",Weleda Do Brasil Laboratorio E Farmacia Ltda
Stodal,Dinamizado,Medicamentos Dinamizados Compostos,"Drosera Rotundifolia, Arnica Montana, Atropa Belladonna, Cina, Corallium Rubrum, Cuprum Metallicum, Ferrum Phosphoricum, Ipecacuanha, Solidago Virgaurea, Coccus Cacti",Boiron Medicamentos Homeopaticos Ltda
Weletuss,Dinamizado,Medicamentos Dinamizados Compostos,"Drosera Rotundifolia, Cephaelis Ipecacuanha, Bryonia Alba L., Cuprum Aceticum",Weleda Do Brasil Laboratorio E Farmacia Ltda
Euphorbium Compositum Sn,Dinamizado,Medicamentos Dinamizados Compostos,"Euphorbia Resinifera, Pulsatilla, Luffa Operculata, Mercurius Iodatus Ruber, Hepar Sulphur, Argentum Nitricum",Heel Do Brasil Biomedica Ltda
Rinidon,Dinamizado,Medicamentos Dinamizados Compostos,"Hydrastis Canadensis, Quercus Robur",Weleda Do Brasil Laboratorio E Farmacia Ltda
Lymphomyosot,Dinamizado,Medicamentos Dinamizados Compostos,"Myosotis Arvensis, Veronica Officinalis, Teucrium Scorodonia, Pinus Sylvestris, Gentiana Lutea, Equisetum Hyemale, Sarsaparilla, Smilax Officinalis, Scrophularia Nodosa, Calcium Phosphoricum, Juglans Regia L., Natrum Sulfuricum, Fumaria Officinalis L., Levothyroxinum, Araneus Diadematus, Geranium Robertianum, Nasturtium Officinale R.Br., Ferrum Iodatum",Heel Do Brasil Biomedica Ltda
Nux Vomica Homaccord,Dinamizado,Medicamentos Dinamizados Compostos,"Nux Vomica, Strychnos Nux-Vomica L., Bryonia Cretica L., Lycopodium Clavatum L., Citrullus Colocynthis, Citrullus Colocynthis Schrad.",Heel Do Brasil Biomedica Ltda
Zeel Comp N,Dinamizado,Medicamentos Dinamizados Compostos,"Rhus Toxicodendron, Solanum Dulcamara L., Sulfur, Arnica Montana, Sanguinaria Canadensis",Heel Do Brasil Biomedica Ltda
Arnica Weleda,Dinamizado,Medicamentos Dinamizados De Componente Unico,Arnica Montana L.,Weleda Do Brasil Laboratorio E Farmacia Ltda
Stressdoron,Dinamizado,Outros Psicoestimulantes E Nootropicos,"Kali Phosphoricum, Aurum Metallicum, Ferrum Sulphuricum, Silicea",Weleda Do Brasil Laboratorio E Farmacia Ltda
Adenon,Dinamizado,Preparacoes Para A Garganta,"Baryta Carbonica, Berberis Vulgaris, Calcarea Carbonica, Mercurius Sulphuratus Ruber",Weleda Do Brasil Laboratorio E Farmacia Ltda
Archeus,Dinamizado,Medicamentos Dinamizados Compostos,"Antimonium Crudum, Kalium Carbonicum, Sulphur, Natrum Muriaticum, Mercurius Solubilis, Aurum Metallicum, Ammonium Muriaticum",Lotusfarma Produtos Farmaceuticos Ltda
Ansiodoron,Dinamizado,Medicamentos Dinamizados Compostos,"Avena Sativa, Passiflora Alata, Valeriana Officinalis",Weleda Do Brasil Laboratorio E Farmacia Ltda
Bryophyllum Argento Cultum,Dinamizado,Medicamentos Dinamizados De Componente Unico,Bryophyllum Calycinum,Weleda Do Brasil Laboratorio E Farmacia Ltda
Infludo,Dinamizado,Medicamentos Dinamizados Compostos,"Eucaliptus Globulus  Labill, Eucalyptus Globulus , Bryonia Alba, Aconitum Napellus, Eupatorium Perfoliatum, Phosphorus",Weleda Do Brasil Laboratorio E Farmacia Ltda
Infludoron,Dinamizado,Medicamentos Dinamizados Compostos,"Ferrum Phosphoricum, Aconitum Napellus, Bryonia Alba, Bryonia Alba L., Eucaliptus Globulus  Labill, Eucalyptus Globulus , Eupatorium Perfoliatum, Eupatorium Perfoliatum L.",Weleda Do Brasil Laboratorio E Farmacia Ltda
Previgrip,Dinamizado,Medicamentos Dinamizados Compostos,"Ferrum Sidereum, Phosphorus, Prunus Spinosa",Weleda Do Brasil Laboratorio E Farmacia Ltda
Air Salonpas,Especifico,Agentes Anti-Inflamatorios E Anti-Infecciosos Em Associacao,"Levomentol, Canfora, Salicilato De Metila, Salicilato De Etilenoglicol",Hisamitsu Farmaceutica Do Brasil Ltda
Salonpas Gel Patch,Especifico,Agentes Antiinflamatorios/Antireumaticos Em Associacao,"Salicilato De Etilenoglicol, Levomentol, Acetato De Racealfatocoferol, Canfora",Hisamitsu Farmaceutica Do Brasil Ltda
Salonpas Gel,Especifico,Agentes Antiinflamatorios/Antireumaticos Em Associacao,"Salicilato De Metila, Levomentol",Hisamitsu Farmaceutica Do Brasil Ltda
Vannofleivo,Especifico,Agentes Estabilizantes Capilar,"Diosmina, Hesperidina",Sanusphar Pesquisa E Desenvovimento Ltda
Moment,Especifico,Analgesicos,Capsaicina,Apsen Farmaceutica S/A
Balsamo Bengue,Especifico,Analgesicos,"Levomentol, Salicilato De Metila",Ems S/A
Dorgex,Especifico,Analgesicos,"Salicilato De Metila, Canfora, Mentol",Greenpharma Quimica E Farmaceutica Ltda
Gelo-Bio,Especifico,Analgesicos,"Salicilato De Metila, Canfora, Mentol",Uniao Quimica Farmaceutica Nacional S/A
Addera D3,Especifico,Analogo Sintetico Da Vitamina D,Colecalciferol,Cosmed Industria De Cosmeticos E Medicamentos S.A.
Altad Caps Dura,Especifico,Analogo Sintetico Da Vitamina D,Colecalciferol,Eurofarma Laboratorios S.A.
D.Nova D3,Especifico,Analogo Sintetico Da Vitamina D,Colecalciferol,Multilab Industria E Comercio De Produtos Farmaceuticos Ltda
D3Caps,Especifico,Analogo Sintetico Da Vitamina D,Colecalciferol,Uniao Quimica Farmaceutica Nacional S/A
Dcol,Especifico,Analogo Sintetico Da Vitamina D,Colecalciferol,Cifarma Cientifica Farmaceutica Ltda
Degen,Especifico,Analogo Sintetico Da Vitamina D,Colecalciferol,Biolab Sanus Farmaceutica Ltda
Doss,Especifico,Analogo Sintetico Da Vitamina D,Colecalciferol,Biolab Sanus Farmaceutica Ltda
Font D,Especifico,Analogo Sintetico Da Vitamina D,Colecalciferol,Uniao Quimica Farmaceutica Nacional S/A
Koli D3,Especifico,Analogo Sintetico Da Vitamina D,Colecalciferol,Ems Sigma Pharma Ltda
Maisol,Especifico,Analogo Sintetico Da Vitamina D,Colecalciferol,Legrand Pharma Industria Farmaceutica Ltda
Tua D3,Especifico,Analogo Sintetico Da Vitamina D,Colecalciferol,Laboratorio Teuto Brasileiro S/A
Vidyn D3,Especifico,Analogo Sintetico Da Vitamina D,Colecalciferol,Ems S/A
Vitamina D3,Especifico,Analogo Sintetico Da Vitamina D,Colecalciferol,
Bonecal D,Especifico,Analogo Sintetico Da Vitamina D,"Fosfato De Calcio Tribasico, Colecalciferol",Ems Sigma Pharma Ltda
Folavive,Especifico,Ansioliticos Simples,Levomefolato De Calcio,Ems S/A
Luftagastro,Especifico,Antiacido,"Alginato De Sodio, Bicarbonato De Potassio",Reckitt Benckiser (Brasil) Ltda
Frutaxx,Especifico,Antiacido,"Bicarbonato De Sodio, Acido Citrico, Carbonato De Sodio",Uniao Quimica Farmaceutica Nacional S/A
Magnesia Bisurada,Especifico,Antiacido,"Bicarbonato De Sodio, Carbonato De Calcio, Carbonato De Magnesio, Carbonato Basico De Bismuto",Aspen Pharma Industria Farmaceutica Ltda
Estomanol,Especifico,Antiacido,"Bicarbonato De Sodio, Carbonato De Sodio",Airela Industria Farmaceutica Ltda.
Stomvyc,Especifico,Antiacido,"Bicarbonato De Sodio, Carbonato De Sodio",Vitamedic Industria Farmaceutica Ltda
Digiazia,Especifico,Antiacido,"Bicarbonato De Sodio, Carbonato De Sodio, Acido Citrico",1Farma Industria Farmaceutica Ltda
Estomazil,Especifico,Antiacido,"Bicarbonato De Sodio, Carbonato De Sodio, Acido Citrico",Cosmed Industria De Cosmeticos E Medicamentos S.A.
Frumagna,Especifico,Antiacido,"Bicarbonato De Sodio, Carbonato De Sodio, Acido Citrico",Cimed Industria S.A
Frusalt,Especifico,Antiacido,"Bicarbonato De Sodio, Carbonato De Sodio, Acido Citrico",Cimed Industria S.A
Estomazil Pastilhas,Especifico,Antiacido,"Carbonato De Calcio 90%, Hidroxido De Aluminio, Hidroxido De Aluminio, Hidroxido De Magnesio, Hidroxido De Magnesio",Cosmed Industria De Cosmeticos E Medicamentos S.A.
Stomaliv,Especifico,Antiacido,"Carbonato De Sodio, Acido Citrico, Bicarbonato De Sodio",Geolab Industria Farmaceutica S/A
Kollangel Ff,Especifico,Antiacido,"Hidroxido De Aluminio, Hidroxido De Magnesio",Natulab Laboratorio S.A
Gastroftal,Especifico,Antiacido,"Hidroxido De Aluminio, Hidroxido De Magnesio, Carbonato De Calcio",Pharmascience Industria Farmaceutica S.A
Gastroliv,Especifico,Antiacido,"Hidroxido De Aluminio, Hidroxido De Magnesio, Carbonato De Calcio",Cifarma Cientifica Farmaceutica Ltda
Inazy,Especifico,Antiacido,"Hidroxido De Aluminio, Hidroxido De Magnesio, Carbonato De Calcio",Mabra Farmaceutica Ltda
Kollangel Tabs,Especifico,Antiacido,"Hidroxido De Aluminio, Hidroxido De Magnesio, Carbonato De Calcio",Natulab Laboratorio S.A
Mylanta Plus,Especifico,Antiacido,"Hidroxido De Aluminio, Hidroxido De Magnesio, Simeticona",Kenvue Ltda.
Estomazil,Especifico,Antiacido,"Hidroxido De Magnesio, Carbonato De Calcio, Hidroxido De Aluminio",Cosmed Industria De Cosmeticos E Medicamentos S.A.
Gastrol,Especifico,Antiacido,"Hidroxido De Magnesio, Carbonato De Calcio, Hidroxido De Aluminio",Brainfarma Industria Quimica E Farmaceutica S.A
Pepsamar Plus,Especifico,Antiacido,"Hidroxido De Magnesio, Carbonato De Calcio, Hidroxido De Aluminio",Brainfarma Industria Quimica E Farmaceutica S.A
Gelmax,Especifico,Antiacidos E Antiulcerosos,"Hidroxido De Aluminio, Hidroxido De Magnesio, Carbonato De Calcio",Ems S/A
Riopan,Especifico,Antiacidos E Antiulcerosos,Magaldrato,Takeda Pharma Ltda.
Riopan Plus,Especifico,Antiacidos E Antiulcerosos,"Magaldrato, Dimeticona, Simeticona",Takeda Pharma Ltda.
Simeco Plus,Especifico,Antiacidos E Antiulcerosos Associados,"Hidroxido De Aluminio, Hidroxido De Aluminio, Hidroxido De Magnesio, Oxido De Magnesio, Dimeticona, Simeticona",Eurofarma Laboratorios S.A.
Pepsogel,Especifico,Antiacidos E Antiulcerosos Associados,"Hidroxido De Aluminio, Hidroxido De Magnesio, Dimeticona",Legrand Pharma Industria Farmaceutica Ltda
Gelmax Dim,Especifico,Antiacidos E Antiulcerosos Associados,"Hidroxido De Aluminio, Hidroxido De Magnesio, Simeticona, Dimeticona",Ems S/A
Sal De Fruta Eno,Especifico,Antiacidos E Antiulcerosos Simples,"Acido Citrico, Bicarbonato De Sodio, Carbonato De Sodio, Acido Citrico",Pf Consumer Healthcare Brazil Importadora E Distribuidora De Me
Pepsamar,Especifico,Antiacidos E Antiulcerosos Simples,Hidroxido De Aluminio,Brainfarma Industria Quimica E Farmaceutica S.A
Acfol,Especifico,Antianemicos,Acido Folico,Cazi Quimica Farmaceutica Industria E Comercio Ltda
Afopic,Especifico,Antianemicos,Acido Folico,Laboratorio Teuto Brasileiro S/A
Endofolin,Especifico,Antianemicos,Acido Folico,Marjan Industria E Comercio Ltda
Folacin,Especifico,Antianemicos,Acido Folico,Arese Pharma Ltda.
Folonin,Especifico,Antianemicos,Acido Folico,Geolab Industria Farmaceutica S/A
Funed Acido Folico,Especifico,Antianemicos,Acido Folico,Fundacao Ezequiel Dias - Funed
Mater Folic,Especifico,Antianemicos,Acido Folico,Farmoquimica S/A
Neo Folico,Especifico,Antianemicos,Acido Folico,Brainfarma Industria Quimica E Farmaceutica S.A
Pratifolin,Especifico,Antianemicos,Acido Folico,Prati Donaduzzi & Cia Ltda
Neutrofer,Especifico,Antianemicos,"Bisglicinato Ferroso, Ferro Quelato Glicinato, Glicinato Ferrico",Ems Sigma Pharma Ltda
Fervitin,Especifico,Antianemicos,"Bisglicinato Ferroso, Glicinato Ferrico",Multilab Industria E Comercio De Produtos Farmaceuticos Ltda
Vi -  Ferrin,Especifico,Antianemicos,"Ferro Quelado, Ferro Quelato, Acido Folico, Cianocobalamina",Laboratorio Farmaceutico Elofar Ltda
Neutrofer  Folico,Especifico,Antianemicos A Base De Ferro - Associacoes Medicamentosas,"Bisglicinato Ferroso, Acido Folico",Ems Sigma Pharma Ltda
Noripurum Folico,Especifico,Antianemicos A Base De Ferro - Associacoes Medicamentosas,"Ferripolimaltose, Acido Folico",Blanver Farmoquimica E Farmaceutica S.A.
Fortevit,Especifico,Antianemicos A Base De Ferro - Associacoes Medicamentosas,"Ferro Quelato, Cloridrato De Piridoxina, Nicotinamida",Airela Industria Farmaceutica Ltda.
Fertryx,Especifico,Antianemicos A Base De Ferro - Associacoes Medicamentosas,"Ferrocarbonila, Acido Folico",Gallia Industria Farmaceutica Ltda
Combiron Folico,Especifico,Antianemicos A Base De Ferro - Associacoes Medicamentosas,"Ferrocarbonila, Nitrato De Tiamina, Riboflavina, Cloridrato De Piridoxina, Cianocobalamina, Nicotinamida, Acido Folico, Pantotenato De Calcio",Ache Laboratorios Farmaceuticos S.A
Masferol,Especifico,Antianemicos A Base De Ferro - Associacoes Medicamentosas,Sulfato Ferroso Heptaidratado,Natulab Laboratorio S.A
Afolic,Especifico,Antianemicos Simples,Acido Folico,Natulab Laboratorio S.A
Folifolin,Especifico,Antianemicos Simples,Acido Folico,Ems S/A
Folin,Especifico,Antianemicos Simples,Acido Folico,Geyer Medicamentos S.A.
Hipofol,Especifico,Antianemicos Simples,Acido Folico,Hipolabor Farmaceutica Ltda
Pre-Folic,Especifico,Antianemicos Simples,Acido Folico,Airela Industria Farmaceutica Ltda.
Ferinject,Especifico,Antianemicos Simples,Carboximaltose Ferrica,Blanver Farmoquimica E Farmaceutica S.A.
Xydoflev,Especifico,Antianemicos Simples,Carboximaltose Ferrica,Dr. Reddys Farmaceutica Do Brasil Ltda
Monofer,Especifico,Antianemicos Simples,Derisomaltose Ferrica,Steincares Farmaceutica Do Brasil Ltda
Ferro,Especifico,Antianemicos Simples,Ferripolimaltose,Biolab Sanus Farmaceutica Ltda
Nori-1,Especifico,Antianemicos Simples,Ferripolimaltose,Biolab Sanus Farmaceutica Ltda
Noripurum,Especifico,Antianemicos Simples,Ferripolimaltose,Blanver Farmoquimica E Farmaceutica S.A.
Tifeivo,Especifico,Antianemicos Simples,Ferripolimaltose,Sanusphar Pesquisa E Desenvovimento Ltda
Ultrafer,Especifico,Antianemicos Simples,Ferripolimaltose,Farmoquimica S/A
Endofer,Especifico,Antianemicos Simples,"Ferripolimaltose, Sacarato De Hidroxido Ferrico",Biolab Sanus Farmaceutica Ltda
Novofer,Especifico,Antianemicos Simples,Ferrocarbonila,Ache Laboratorios Farmaceuticos S.A
Novofer Ped,Especifico,Antianemicos Simples,Glicinato Ferrico,Ache Laboratorios Farmaceuticos S.A
Ferropurum,Especifico,Antianemicos Simples,Sacarato De Hidroxido Ferrico,Blau Farmaceutica S.A.
Noripurum Ev,Especifico,Antianemicos Simples,Sacarato De Hidroxido Ferrico,Blanver Farmoquimica E Farmaceutica S.A.
Sucrofer,Especifico,Antianemicos Simples,Sacarato De Hidroxido Ferrico,Uniao Quimica Farmaceutica Nacional S/A
Furp-Sulfato Ferroso,Especifico,Antianemicos Simples,"Sulfato Ferroso Dessecado, Sulfato Ferroso Heptaidratado",Fundacao Para O Remedio Popular - Furp
Unizinco Soro,Especifico,Antidiarreicos,"Gliconato De Zinco, Glicose, Cloreto De Sodio, Cloreto De Potassio, Citrato De Sodio",Myralis Industria Farmaceutica Ltda
Uni-Z Comprimido,Especifico,Antidiarreicos Simples Sem Acao Antimicrobiana,Sulfato De Zinco Monoidratado,Myralis Industria Farmaceutica Ltda
Unizinco Comprimido,Especifico,Antidiarreicos Simples Sem Acao Antimicrobiana,Sulfato De Zinco Monoidratado,Myralis Industria Farmaceutica Ltda
Mevatyl,Especifico,Antiespasmodicos,"Tetraidrocanabinol, Canabidiol",Biopas Brasil Produtos Farmaceuticos Ltda
Colchis,Especifico,Antigotosos,Colchicina,Apsen Farmaceutica S/A
Colchis,Especifico,Antigotosos,Colchicina Base,Apsen Farmaceutica S/A
Caspacil,Especifico,Antimicoticos Para Uso Topico,Sulfeto De Selenio,Cazi Quimica Farmaceutica Industria E Comercio Ltda
Reparil,Especifico,Antinflamatorios,"Escina, Salicilato De Dietilamonio",Viatris Farmaceutica Do Brasil Ltda
Coxym,Especifico,Antinflamatorios Antireumaticos,Colchicina,Greenpharma Quimica E Farmaceutica Ltda
Salonpas,Especifico,Antinflamatorios E Antireumatios-Assocs  Medicamentosas,"Salicilato De Etilenoglicol, Salicilato De Metila, Levomentol, Mentol, Acetato De Alfa Tocoferol, Canfora, Timol, Acetato De Tocoferol, Nonivamida",Hisamitsu Farmaceutica Do Brasil Ltda
Salonpas Pain Relief Patch,Especifico,Antinflamatorios E Antireumatios-Assocs  Medicamentosas,"Salicilato De Metila, Levomentol",Hisamitsu Farmaceutica Do Brasil Ltda
Sabofen,Especifico,Antisseptico,Iodopovidona,Geyer Medicamentos S.A.
Nicorette,Especifico,Antitabagico,Nicotina,Kenvue Ltda.
Nicotinell,Especifico,Antitabagico,Nicotina,Pf Consumer Healthcare Brazil Importadora E Distribuidora De Me
Niquitin,Especifico,Antitabagico,Nicotina,Mappel Industria De Embalagens S.A.
Sucrafilm,Especifico,Antiulcerosos,Sucralfato,Ems Sigma Pharma Ltda
Sukra,Especifico,Antiulcerosos,Sucralfato,Eurofarma Laboratorios S.A.
Vastonic,Especifico,Antivaricosos De Acao Sistemica,"Aesculus Hippocastanum L., Polygonum Punctatum Elliot, Smilax Papyracea Duhamel., Rutosideo",Makrofarma Quimica Farmaceutica Ltda
Castanha Da India Composta,Especifico,Antivaricosos De Acao Sistemica,"Aesculus Hippocastanum L., Smilax Papiracea, Polygonum Acre H.B.K., Rutina",Makrofarma Quimica Farmaceutica Ltda
Tronvaz,Especifico,Antivaricosos De Acao Sistemica,"Cumarina, Troxerrutina",Cifarma Cientifica Farmaceutica Ltda
Varicoss,Especifico,Antivaricosos De Acao Sistemica,"Cumarina, Troxerrutina",Cifarma Cientifica Farmaceutica Ltda
Flebodia,Especifico,Antivaricosos De Acao Sistemica,Diosmina,Laboratorio Gross S. A.
Roydass,Especifico,Antivaricosos De Acao Sistemica,Diosmina,Laboratorio Gross S. A.
Dhivas,Especifico,Antivaricosos De Acao Sistemica,"Diosmina, Flavonoides Expressos Em Hesperidina",Supera Farma Laboratorios S.A
Dievari,Especifico,Antivaricosos De Acao Sistemica,"Diosmina, Flavonoides Expressos Em Hesperidina",Eurofarma Laboratorios S.A.
Dioeh,Especifico,Antivaricosos De Acao Sistemica,"Diosmina, Flavonoides Expressos Em Hesperidina",Biolab Sanus Farmaceutica Ltda
Diohesp,Especifico,Antivaricosos De Acao Sistemica,"Diosmina, Flavonoides Expressos Em Hesperidina",Laboratorio Globo Sa
Dvariz,Especifico,Antivaricosos De Acao Sistemica,"Diosmina, Flavonoides Expressos Em Hesperidina",Uniao Quimica Farmaceutica Nacional S/A
Flavenos,Especifico,Antivaricosos De Acao Sistemica,"Diosmina, Flavonoides Expressos Em Hesperidina",Biolab Sanus Farmaceutica Ltda
Flavonid,Especifico,Antivaricosos De Acao Sistemica,"Diosmina, Flavonoides Expressos Em Hesperidina",Brainfarma Industria Quimica E Farmaceutica S.A
Varylift,Especifico,Antivaricosos De Acao Sistemica,"Diosmina, Flavonoides Expressos Em Hesperidina",Uniao Quimica Farmaceutica Nacional S/A
Velunid,Especifico,Antivaricosos De Acao Sistemica,"Diosmina, Flavonoides Expressos Em Hesperidina",Cosmed Industria De Cosmeticos E Medicamentos S.A.
Venaflon,Especifico,Antivaricosos De Acao Sistemica,"Diosmina, Flavonoides Expressos Em Hesperidina",Laboratorio Teuto Brasileiro S/A
Daflon,Especifico,Antivaricosos De Acao Sistemica,"Diosmina, Flavonoides Expressos Em Hesperidina, Hesperidina",Laboratorios Servier Do Brasil Ltda
Diosmin,Especifico,Antivaricosos De Acao Sistemica,"Diosmina, Flavonoides Expressos Em Hesperidina, Hesperidina",Ache Laboratorios Farmaceuticos S.A
Disp H,Especifico,Antivaricosos De Acao Sistemica,"Diosmina, Flavonoides Expressos Em Hesperidina, Hesperidina",Ache Laboratorios Farmaceuticos S.A
Hflon,Especifico,Antivaricosos De Acao Sistemica,"Diosmina, Flavonoides Expressos Em Hesperidina, Hesperidina",Laboratorios Servier Do Brasil Ltda
Perivasc,Especifico,Antivaricosos De Acao Sistemica,"Diosmina, Flavonoides Expressos Em Hesperidina, Hesperidina",Eurofarma Laboratorios S.A.
Venoxide,Especifico,Antivaricosos De Acao Sistemica,"Diosmina, Flavonoides Expressos Em Hesperidina, Hesperidina",Ache Laboratorios Farmaceuticos S.A
Waryz,Especifico,Antivaricosos De Acao Sistemica,"Diosmina, Flavonoides Expressos Em Hesperidina, Hesperidina",Cimed Industria S.A
Biovarixon,Especifico,Antivaricosos De Acao Sistemica,"Diosmina, Hesperidina",Vitamedic Industria Farmaceutica Ltda
Conduvaz,Especifico,Antivaricosos De Acao Sistemica,"Diosmina, Hesperidina",Mabra Farmaceutica Ltda
Convivance,Especifico,Antivaricosos De Acao Sistemica,"Diosmina, Hesperidina",Cristalia Produtos Quimicos Farmaceuticos Ltda.
Dioplex Dh,Especifico,Antivaricosos De Acao Sistemica,"Diosmina, Hesperidina",Kley Hertz Farmaceutica S.A
Disp H,Especifico,Antivaricosos De Acao Sistemica,"Diosmina, Hesperidina",Ache Laboratorios Farmaceuticos S.A
Diveins,Especifico,Antivaricosos De Acao Sistemica,"Diosmina, Hesperidina",Laboratorio Farmaceutico Elofar Ltda
Duovazi,Especifico,Antivaricosos De Acao Sistemica,"Diosmina, Hesperidina",Vitamedic Industria Farmaceutica Ltda
Variflux,Especifico,Antivaricosos De Acao Sistemica,"Diosmina, Hesperidina",Cifarma Cientifica Farmaceutica Ltda
Veere,Especifico,Antivaricosos De Acao Sistemica,"Diosmina, Hesperidina",Ranbaxy Farmaceutica Ltda
Weno Dh,Especifico,Antivaricosos De Acao Sistemica,"Diosmina, Hesperidina",Pharlab Industria Farmaceutica S.A.
Glicose 75%,Especifico,Antivaricosos De Acao Sistemica,Glicose Anidra,Halex Istar Industria Farmaceutica Sa
Hidrovenus,Especifico,Antivaricosos De Acao Sistemica,Hidrosmina,Biolab Sanus Farmaceutica Ltda
Venula,Especifico,Antivaricosos De Acao Sistemica,Hidrosmina,Biolab Sanus Farmaceutica Ltda
Venalot,Especifico,Antivaricosos De Acao Sistemica,"Troxerrutina, Cumarina",Cosmed Industria De Cosmeticos E Medicamentos S.A.
Escina + Polissulfato De Escina Sodica + Salicilato De Dietilamonio,Especifico,Antivaricosos Topicos,"Escina, Polissulfato De Escina Sodica, Salicilato De Dietilamonio",Biolab Sanus Farmaceutica Ltda
Hematom,Especifico,Antivaricosos Topicos,"Escina, Polissulfato De Escina Sodica, Salicilato De Dietilamonio",Biolab Sanus Farmaceutica Ltda
Pomaderme,Especifico,Cicatrizantes,"Palmitato De Retinol, Colecalciferol, Oxido De Zinco",Legrand Pharma Industria Farmaceutica Ltda
Xantinon Complex,Especifico,Colagogos E Colereticos,"Acetilracemetionina, Citrato De Colina, Betaina",Uniao Quimica Farmaceutica Nacional S/A
Xantinon,Especifico,Colagogos E Colereticos,"Racemetionina, Cloreto De Colina",Uniao Quimica Farmaceutica Nacional S/A
Xantinon Caps Gel,Especifico,Colagogos E Colereticos,"Racemetionina, Hemitartarato De Colina",Uniao Quimica Farmaceutica Nacional S/A
Complexo B 12 Xpe,Especifico,Complexo Vitaminico B (Somente),"Cloridrato De Tiamina, Fosfato Sodico De Riboflavina, Cloridrato De Piridoxina, Nicotinamida, Cianocobalamina, Pantotenato De Calcio",Ems S/A
Santiplex B,Especifico,Complexo Vitaminico B (Somente),"Cloridrato De Tiamina, Fosfato Sodico De Riboflavina, Cloridrato De Piridoxina, Nicotinamida, Dexpantenol",Santisa Laboratorio Farmaceutico S/A
Complexo B,Especifico,Complexo Vitaminico B (Somente),"Nitrato De Tiamina, Riboflavina, Cloridrato De Piridoxina, Nicotinamida, Pantotenato De Calcio",Ems S/A
"Bicarbonato De Sodio 8,4 %",Especifico,Concentrados Para Hemodialise,Bicarbonato De Sodio,Farmace Industria Quimico-Farmaceutica Cearense Ltda
Cphd Genius Ds,Especifico,Concentrados Para Hemodialise,"Cloreto De Sodio, Bicarbonato De Sodio, Glicose Anidra",Fresenius Medical Care Ltda
Nasoclean,Especifico,Descongestionantes Nasais Topicos,Agua Do Mar,Medquimica Industria Farmaceutica Ltda.
Inalador Vick,Especifico,Descongestionantes Nasais Topicos,"Canfora, Mentol",Procter & Gamble Do Brasil Ltda.
Maresis Ht,Especifico,Descongestionantes Nasais Topicos,Cloreto De Sodio,Farmoquimica S/A
Maxidrate,Especifico,Descongestionantes Nasais Topicos,"Cloreto De Sodio, Cloreto De Sodio Usp",Libbs Farmaceutica Ltda
Agua Para Injecao,Especifico,Diluentes E Veiculos De Medicamentos,"Agua Esteril Para Injecao, Agua Para Injetaveis, Agua Para Injecao",Equiplex Industria Farmaceutica Ltda
Agua Para Injecao,Especifico,Diluentes E Veiculos De Medicamentos,Agua Para Injetaveis,Cristalia Produtos Quimicos Farmaceuticos Ltda.
Agua Para Injecao Hypofarma,Especifico,Diluentes E Veiculos De Medicamentos,Agua Para Injetaveis,Hypofarma - Instituto De Hypodermia E Farmacia Ltda
Agua Para Injetaveis,Especifico,Diluentes E Veiculos De Medicamentos,Agua Para Injetaveis,
Agua Para Injetaveis Basa,Especifico,Diluentes E Veiculos De Medicamentos,Agua Para Injetaveis,Basal Industria Farmaceutica Ltda
Isofarma - Agua Para Injecao,Especifico,Diluentes E Veiculos De Medicamentos,Agua Para Injetaveis,Halex Istar Industria Farmaceutica Sa
Agua Para Injecao,Especifico,Diluentes E Veiculos De Medicamentos,Agua Para Injetaveis Qsp,Cristalia Produtos Quimicos Farmaceuticos Ltda.
Farmace -Agua Para Injecao,Especifico,Diluentes E Veiculos De Medicamentos,"Agua Para Injetaveis Qsp, Agua Para Injecao, Agua Para Injecao Q.S.P., Agua Para Injecao",Farmace Industria Quimico-Farmaceutica Cearense Ltda
Agua Esteril Para Injetaveis Beker,Especifico,Diluentes E Veiculos De Medicamentos,"Agua Para Injetaveis, Agua Para Injecao",Beker Produtos Farmaco Hospitalares Ltda
Agua Para Injecao,Especifico,Diluentes E Veiculos De Medicamentos,"Agua Para Injetaveis, Agua Para Injecao",
Agua Esteril Baxter,Especifico,Diluentes E Veiculos De Medicamentos,"Agua Para Injetaveis, Agua Para Injecao Usp",Baxter Hospitalar Ltda
Agua Para Injecao,Especifico,Diluentes E Veiculos De Medicamentos,"Agua Para Injetaveis, Agua Para Injecao, Agua Para Injecao",Halex Istar Industria Farmaceutica Sa
Agua Para Injecao B. Braun,Especifico,Diluentes E Veiculos De Medicamentos,"Agua Para Injetaveis, Agua Para Injetaveis Qsp, Agua Para Injecao, Agua Para Injecao",Laboratorios B. Braun S/A
Agua Bacteriostatica,Especifico,Diluentes E Veiculos De Medicamentos,Alcool Benzilico,Cristalia Produtos Quimicos Farmaceuticos Ltda.
Nice,Especifico,Diluentes E Veiculos De Medicamentos,Cloreto De Sodio,Laboratorio De Extratos Alergenicos Ltda
Syrex - Diluente Fisiologico Injetavel De Medicamentos,Especifico,Diluentes E Veiculos De Medicamentos,"Cloreto De Sodio, Fenol",Fda Allergenic Farmaceutica Ltda - Epp
Hismerid,Especifico,"Diosmina, Associacoes Contendo","Diosmina, Flavonoides Expressos Em Hesperidina",Prati Donaduzzi & Cia Ltda
Jp Manitol,Especifico,Diureticos,Manitol,Jp Industria Farmaceutica S/A
Manitol A 20 % Basa,Especifico,Diureticos,Manitol,Basal Industria Farmaceutica Ltda
Manitol Beker,Especifico,Diureticos,Manitol,Beker Produtos Farmaco Hospitalares Ltda
Manitol Farmace,Especifico,Diureticos,Manitol,Farmace Industria Quimico-Farmaceutica Cearense Ltda
Manitol Baxter,Especifico,Diureticos Osmotico,Manitol,Baxter Hospitalar Ltda
Hypofarma Manitol 20%,Especifico,Diureticos Simples,Manitol,Hypofarma - Instituto De Hypodermia E Farmacia Ltda
Manitol,Especifico,Diureticos Simples,Manitol,
Manitol 20%,Especifico,Diureticos Simples,Manitol,
Solucao De Manitol 20%,Especifico,Diureticos Simples,Manitol,
Cloreto De Potassio,Especifico,Eletrolitos,Cloreto De Potassio,Vasconcelos Industria Farmaceutica E Comercio Ltda
Cloreto De Sodio,Especifico,Eletrolitos,Cloreto De Sodio,Vasconcelos Industria Farmaceutica E Comercio Ltda
Acetato De Sodio,Especifico,Eletrolitos Simples,Acetato De Sodio Tri-Hidratado,Vasconcelos Industria Farmaceutica E Comercio Ltda
Bicarbonato De Sodio,Especifico,Eletrolitos Simples,Bicarbonato De Sodio,
"Solucao De Bicarbonato De Sodio 8,4% Halex Istar",Especifico,Eletrolitos Simples,"Bicarbonato De Sodio, Edta Dissodico",Halex Istar Industria Farmaceutica Sa
Cloreto De Calcio 10%,Especifico,Eletrolitos Simples,Cloreto De Calcio Diidratado,Vasconcelos Industria Farmaceutica E Comercio Ltda
Ionclor,Especifico,Eletrolitos Simples,Cloreto De Potassio,Prati Donaduzzi & Cia Ltda
Slow-K,Especifico,Eletrolitos Simples,Cloreto De Potassio,Uniao Quimica Farmaceutica Nacional S/A
Solucao De Cloreto De Potassio,Especifico,Eletrolitos Simples,Cloreto De Potassio,Farmace Industria Quimico-Farmaceutica Cearense Ltda
Cloreto De Sodio,Especifico,Eletrolitos Simples,Cloreto De Sodio,
"Cloreto De Sodio 0,9%",Especifico,Eletrolitos Simples,Cloreto De Sodio,Laboratorio Teuto Brasileiro S/A
Ringer,Especifico,Eletrolitos Simples,"Cloreto De Sodio, Cloreto De Potassio, Cloreto De Calcio 2H2O, Cloreto De Calcio Diidratado",Halex Istar Industria Farmaceutica Sa
Ringer Com Lactato,Especifico,Eletrolitos Simples,"Cloreto De Sodio, Cloreto De Potassio, Cloreto De Calcio, Lactato De Sodio",Halex Istar Industria Farmaceutica Sa
Fosfato De Potassio,Especifico,Eletrolitos Simples,"Fosfato De Potassio Dibasico, Fosfato De Potassio Monobasico",Vasconcelos Industria Farmaceutica E Comercio Ltda
Fosfato De Potassio,Especifico,Eletrolitos Simples,"Fosfato De Potassio Monobasico, Fosfato De Potassio Dibasico",Farmace Industria Quimico-Farmaceutica Cearense Ltda
Isofarma Solucao De Fosfato De Potassio 2 Meq/Ml,Especifico,Eletrolitos Simples,"Fosfato De Potassio Monobasico, Fosfato De Potassio Dibasico",Halex Istar Industria Farmaceutica Sa
Gliconato De Calcio,Especifico,Eletrolitos Simples,Gliconato De Calcio,
Isofarma - Solucao De Gliconato De Calcio 10%,Especifico,Eletrolitos Simples,Gliconato De Calcio,Halex Istar Industria Farmaceutica Sa
Selenoz,Especifico,Eletrolitos Simples,Selenio,Vasconcelos Industria Farmaceutica E Comercio Ltda
Hypomagne,Especifico,Eletrolitos Simples,Sulfato De Magnesio,Hypofarma - Instituto De Hypodermia E Farmacia Ltda
Sulfato De Magnesio,Especifico,Eletrolitos Simples,Sulfato De Magnesio,Samtec Biotecnologia Limitada
Isofarma - Solucao De Sulfato De Magnesio,Especifico,Eletrolitos Simples,Sulfato De Magnesio Heptaidratado,Halex Istar Industria Farmaceutica Sa
Magnoston,Especifico,Eletrolitos Simples,Sulfato De Magnesio Heptaidratado,Blau Farmaceutica S.A.
Sulfato De Magnesio Heptahidratado,Especifico,Eletrolitos Simples,Sulfato De Magnesio Heptaidratado,Vasconcelos Industria Farmaceutica E Comercio Ltda
Sulfato De Zinco,Especifico,Eletrolitos Simples,Sulfato De Zinco Heptaidratado,Vasconcelos Industria Farmaceutica E Comercio Ltda
Ad Furp,Especifico,Emolientes E Protetores Da Pele E Mucosas,"Palmitato De Retinol, Colecalciferol, Oxido De Zinco, Oxido De Zinco",Fundacao Para O Remedio Popular - Furp
Dews,Especifico,Emolientes E Protetores Oftalmicos,Carmelose Sodica,Uniao Quimica Farmaceutica Nacional S/A
Lagrimoura,Especifico,Emolientes E Protetores Oftalmicos,Carmelose Sodica,Opella Healthcare Brazil Ltda
Optolubri,Especifico,Emolientes E Protetores Oftalmicos,Carmelose Sodica,Lebon Produtos Quimicos E Farmaceuticos Ltda
Plenigell,Especifico,Emolientes E Protetores Oftalmicos,Carmelose Sodica,Cristalia Produtos Quimicos Farmaceuticos Ltda.
Acu Fresh G,Especifico,Emolientes E Protetores Oftalmicos,"Carmelose Sodica, Glicerol",Geolab Industria Farmaceutica S/A
Lacribell,Especifico,Emolientes E Protetores Oftalmicos,"Dextrano, Hipromelose",Cristalia Produtos Quimicos Farmaceuticos Ltda.
Hiluropt,Especifico,Emolientes E Protetores Oftalmicos,Hialuronato De Sodio,Geolab Industria Farmaceutica S/A
Hylo-Comod,Especifico,Emolientes E Protetores Oftalmicos,Hialuronato De Sodio,Fbm Industria Farmaceutica Ltda
Hylo-Gel,Especifico,Emolientes E Protetores Oftalmicos,Hialuronato De Sodio,Fbm Industria Farmaceutica Ltda
Laxime,Especifico,Emolientes E Protetores Oftalmicos,Hialuronato De Sodio,Ache Laboratorios Farmaceuticos S.A
Lunah,Especifico,Emolientes E Protetores Oftalmicos,Hialuronato De Sodio,Cristalia Produtos Quimicos Farmaceuticos Ltda.
Sensilacri,Especifico,Emolientes E Protetores Oftalmicos,"Hipromelose, Dextrana 70 (99M Tc)",Geolab Industria Farmaceutica S/A
Ocusys,Especifico,Emolientes E Protetores Oftalmicos,"Macrogol, Propilenoglicol",Geolab Industria Farmaceutica S/A
Mirugell,Especifico,Emolientes E Protetores Oftalmicos,"Macrogol, Propilenoglicol, Hidroxipropil Guar",Cristalia Produtos Quimicos Farmaceuticos Ltda.
Enema Jp,Especifico,Enemas,"Fosfato De Sodio Monobasico Monoidratado, Fosfato De Sodio Dibasico Heptaidratado",Jp Industria Farmaceutica S/A
Glicerina 12%,Especifico,Enemas,Glicerina,Halex Istar Industria Farmaceutica Sa
Basena Enema De Glicerina A 12%,Especifico,Enemas,Glicerol,Basal Industria Farmaceutica Ltda
Glicerina 12%,Especifico,Enemas,Glicerol,Farmace Industria Quimico-Farmaceutica Cearense Ltda
Glicerol Enema 12%,Especifico,Enemas,Glicerol,Hypofarma - Instituto De Hypodermia E Farmacia Ltda
Solucao Enema De Glicerina,Especifico,Enemas,Glicerol,Cristalia Produtos Quimicos Farmaceuticos Ltda.
Calciofar Plus,Especifico,Farmacos Para O Tratamento Da Hipercalemia E Hiperfosfatemia,Carbonato De Calcio,Belfar Ltda
Comb Iso,Especifico,"Ferro Trivalente, Preparacoes Orais",Ferripolimaltose,Ache Laboratorios Farmaceuticos S.A
Dexfer,Especifico,"Ferro Trivalente, Preparacoes Orais",Ferripolimaltose,Eurofarma Laboratorios S.A.
Myrafer,Especifico,"Ferro Trivalente, Preparacoes Orais",Ferripolimaltose,Myralis Industria Farmaceutica Ltda
Pamfer,Especifico,"Ferro Trivalente, Preparacoes Orais",Ferripolimaltose,Ache Laboratorios Farmaceuticos S.A
Ferrara,Especifico,"Ferro Trivalente, Preparacoes Parenterais",Carboximaltose Ferrica,Eurofarma Laboratorios S.A.
Epocler Comprimido,Especifico,Hepatoprotetores E Lipotropicos,"Racemetionina, Cloreto De Colina",Cosmed Industria De Cosmeticos E Medicamentos S.A.
Silimalon,Especifico,Hepatoprotetores E Lipotropicos,"Racemetionina, Silybum Marianum (L.) Gaertn",Zydus Nikkho Farmaceutica Ltda
Silimalon Vita E,Especifico,Hepatoprotetores E Lipotropicos,"Silybum Marianum (L.) Gaertn, Acetato De Racealfatocoferol",Zydus Nikkho Farmaceutica Ltda
Nufig Met,Especifico,Hepatoprotetores E Lipotropicos,"Silybum Marianum (L.) Gaertn, Racemetionina",Geolab Industria Farmaceutica S/A
Silimalon 140,Especifico,Hepatoprotetores E Lipotropicos,"Silybum Marianum (L.) Gaertn, Racemetionina",Zydus Nikkho Farmaceutica Ltda
Leucogen,Especifico,Imunomodulador,Timomodulina,Ache Laboratorios Farmaceuticos S.A
Imolaxx,Especifico,Laxantes,Lactitol Monoidratado,Cifarma Cientifica Farmaceutica Ltda
Laquixan,Especifico,Laxantes,Lactulose,Hipolabor Farmaceutica Ltda
Pentalac,Especifico,Laxantes,Lactulose,Belfar Ltda
Muvinlax,Especifico,Laxantes,"Macrogol 3350, Bicarbonato De Sodio, Cloreto De Potassio, Cloreto De Sodio",Libbs Farmaceutica Ltda
Enemin,Especifico,Laxantes,"Sorbitol, Laurilsulfato De Sodio",Kley Hertz Farmaceutica S.A
Minilax,Especifico,Laxantes,"Sorbitol, Laurilsulfato De Sodio",Eurofarma Laboratorios S.A.
Clisterol,Especifico,Laxantes Irritantes Ou Estimulantes,Glicerina,Jp Industria Farmaceutica S/A
Solucao De Glicerina,Especifico,Laxantes Irritantes Ou Estimulantes,Glicerina,Equiplex Industria Farmaceutica Ltda
Lactulona,Especifico,Laxantes Suavizadores Ou Emolientes,"Lactose, Lactulose",Daiichi Sankyo Brasil Farmaceutica Ltda
Duphalac,Especifico,Laxantes Suavizadores Ou Emolientes,Lactulose,Abbott Laboratorios Do Brasil Ltda
Lactosan,Especifico,Laxantes Suavizadores Ou Emolientes,Lactulose,Santisa Laboratorio Farmaceutico S/A
Bicarbonato De Sodio,Especifico,Medicacao Para Tratamento Da Acidose Metabolica,Bicarbonato De Sodio,Fresenius Kabi Brasil Ltda
Bicarbonato De Sodio - Farmace,Especifico,Medicacao Para Tratamento Da Acidose Metabolica,Bicarbonato De Sodio,Farmace Industria Quimico-Farmaceutica Cearense Ltda
Solucao Fisiologica De Ringer Com Lactato De Sodio,Especifico,Medicacao Para Tratamento Da Acidose Metabolica,"Cloreto De Sodio, Cloreto De Potassio, Cloreto De Calcio Diidratado, Lactato De Sodio",Cristalia Produtos Quimicos Farmaceuticos Ltda.
Doiska 180,Especifico,Medicamentos Afetando A Estrutura Ossea E Mineralizacao,Menaeptenona,Biolab Sanus Farmaceutica Ltda
Menaka,Especifico,Medicamentos Afetando A Estrutura Ossea E Mineralizacao,Menaeptenona,Myralis Industria Farmaceutica Ltda
Vidisic Gel,Especifico,Medicamentos Com Acao No Aparelho Visual,Acido Poliacrilico,Bl Industria Otica Ltda
Solucao Salina Balanceada - Halex Istar,Especifico,Medicamentos Com Acao No Aparelho Visual,"Cloreto De Sodio, Cloreto De Potassio, Cloreto De Calcio Diidratado, Cloreto De Magnesio Hexaidratado, Acetato De Sodio Triidratado, Citrato De Sodio Di-Hidratado, Acetato De Sodio, Citrato De Sodio, Cloreto De Calcio, Cloreto De Magnesio, Cloreto De Sodio + Associacoes",Halex Istar Industria Farmaceutica Sa
Artelac,Especifico,Medicamentos Com Acao No Aparelho Visual,Hipromelose,Bl Industria Otica Ltda
Fumagum,Especifico,Medicamentos Utilizados No Tratamento Da Dependencia Da Nicotina,Copolimero De Divinilbenzeno E Metacrilato De Nicotina,Farmoquimica S/A
Ephynal,Especifico,Monovitaminas Exceto Vitamina K,Acetato De Racealfatocoferol,Bayer S.A.
Acido Ascorbico Hypofarma,Especifico,Monovitaminas Exceto Vitamina K,Acido Ascorbico,Hypofarma - Instituto De Hypodermia E Farmacia Ltda
Cevita,Especifico,Monovitaminas Exceto Vitamina K,Acido Ascorbico,Laboratorio Teuto Brasileiro S/A
Redoxon,Especifico,Monovitaminas Exceto Vitamina K,Acido Ascorbico,Bayer S.A.
Santisavit C,Especifico,Monovitaminas Exceto Vitamina K,Acido Ascorbico,Santisa Laboratorio Farmaceutico S/A
Vagi C,Especifico,Monovitaminas Exceto Vitamina K,Acido Ascorbico,Marjan Industria E Comercio Ltda
Vitariston C,Especifico,Monovitaminas Exceto Vitamina K,Acido Ascorbico,Blau Farmaceutica S.A.
Vitasantisa C,Especifico,Monovitaminas Exceto Vitamina K,Acido Ascorbico,Santisa Laboratorio Farmaceutico S/A
Vitaxon C,Especifico,Monovitaminas Exceto Vitamina K,Acido Ascorbico,Airela Industria Farmaceutica Ltda.
Vitergyl C,Especifico,Monovitaminas Exceto Vitamina K,Acido Ascorbico,Cifarma Cientifica Farmaceutica Ltda
Bhio,Especifico,Monovitaminas Exceto Vitamina K,Biotina,Farmoquimica S/A
Kerabio,Especifico,Monovitaminas Exceto Vitamina K,Biotina,Uniao Quimica Farmaceutica Nacional S/A
Bedoze,Especifico,Monovitaminas Exceto Vitamina K,Cloridrato De Hidroxocobalamina,Eurofarma Laboratorios S.A.
Vitamina B12,Especifico,Monovitaminas Exceto Vitamina K,Cloridrato De Hidroxocobalamina,Biolab Sanus Farmaceutica Ltda
Cronobe,Especifico,Monovitaminas Exceto Vitamina K,"Cloridrato De Hidroxocobalamina, Cobalamina",Biolab Sanus Farmaceutica Ltda
Neuri - B6,Especifico,Monovitaminas Exceto Vitamina K,Cloridrato De Piridoxina,Cazi Quimica Farmaceutica Industria E Comercio Ltda
Benerva,Especifico,Monovitaminas Exceto Vitamina K,Cloridrato De Tiamina,Cellera Farmaceutica S.A.
Cloridrato De Tiamina,Especifico,Monovitaminas Exceto Vitamina K,Cloridrato De Tiamina,Hipolabor Farmaceutica Ltda
Naevia,Especifico,Monovitaminas Exceto Vitamina K,Cloridrato De Tiamina,Cellera Farmaceutica S.A.
Nervamin,Especifico,Monovitaminas Exceto Vitamina K,Cloridrato De Tiamina,Prati Donaduzzi & Cia Ltda
Neurivit,Especifico,Monovitaminas Exceto Vitamina K,Cloridrato De Tiamina,Cazi Quimica Farmaceutica Industria E Comercio Ltda
Vitamina B1 Neo Quimica,Especifico,Monovitaminas Exceto Vitamina K,Cloridrato De Tiamina,Brainfarma Industria Quimica E Farmaceutica S.A
Vitaum,Especifico,Monovitaminas Exceto Vitamina K,Cloridrato De Tiamina,Geolab Industria Farmaceutica S/A
Vitersol Dm,Especifico,Monovitaminas Exceto Vitamina K,Colecalciferol,Marjan Industria E Comercio Ltda
Ativb,Especifico,Monovitaminas Exceto Vitamina K,Mecobalamina,Biolab Sanus Farmaceutica Ltda
Bmast,Especifico,Monovitaminas Exceto Vitamina K,Mecobalamina,"Droxter Industria, Comercio E Participacoes Ltda"
Cobi-12,Especifico,Monovitaminas Exceto Vitamina K,Mecobalamina,Apsen Farmaceutica S/A
Defb,Especifico,Monovitaminas Exceto Vitamina K,Mecobalamina,Biolab Sanus Farmaceutica Ltda
Dodibe,Especifico,Monovitaminas Exceto Vitamina K,Mecobalamina,Ache Laboratorios Farmaceuticos S.A
Dozemast,Especifico,Monovitaminas Exceto Vitamina K,Mecobalamina,Marjan Industria E Comercio Ltda
Dozi,Especifico,Monovitaminas Exceto Vitamina K,Mecobalamina,Eurofarma Laboratorios S.A.
Mec 12,Especifico,Monovitaminas Exceto Vitamina K,Mecobalamina,Eurofarma Laboratorios S.A.
Mecobalamina,Especifico,Monovitaminas Exceto Vitamina K,Mecobalamina,
Mecobe,Especifico,Monovitaminas Exceto Vitamina K,Mecobalamina,Myralis Industria Farmaceutica Ltda
Dipeptiven,Especifico,Nutrientes Parenterais,Alanilglutamina,Fresenius Kabi Brasil Ltda
Xaglusef,Especifico,Nutrientes Parenterais,Alanilglutamina,Dr. Reddys Farmaceutica Do Brasil Ltda
Smofkabiven,Especifico,Nutrientes Parenterais,"Alanina, Arginina, Glicina, Histidina, Isoleucina, Leucina, Acetato De Lisina, Levometionina, Fenilalanina, Prolina, Serina, Taurina, Treonina, Triptofano, Tirosina, Levovalina, Cloreto De Calcio Diidratado, Glicerofosfato De Sodio, Sulfato De Magnesio Heptaidratado, Cloreto De Potassio, Acetato De Sodio Trihidratado, Sulfato De Zinco Heptaidratado, Glicose Monohidratada, Oleo",Fresenius Kabi Brasil Ltda
Smofkabiven Livre De Eletrolitos,Especifico,Nutrientes Parenterais,"Alanina, Arginina, Glicina, Histidina, Isoleucina, Leucina, Acetato De Lisina, Metionina (11 C), Fenilalanina, Prolina, Serina, Taurina, Treonina, Triptofano, Tirosina, Levovalina, Glicose Monohidratada, Oleo De Soja, Triglicerideos Cadeia Media, Oleo De Oliva, Oleo De Peixe",Fresenius Kabi Brasil Ltda
Kabiven,Especifico,Nutrientes Parenterais,"Alanina, Glicose Monohidratada, Oleo De Soja, Arginina, L-Alanina, Acido Aspartico, L-Arginina, Acido Glutamico, Glicina, L-Acido Aspartico, Histidina, L-Acido Glutamico, Isoleucina, L-Histidina, Leucina, Cloridrato De Lisina, L-Isoleucina, L-Leucina, Metionina (11 C), Fenilalanina, L-Metionina, Prolina, L-Fenilalanina, Serina, L-Prolina, Treonina, L-Serina, Triptofano, L-Treon",Fresenius Kabi Brasil Ltda
Addaven,Especifico,Nutrientes Parenterais,"Cloreto De Zinco, Cloreto Ferrico, Fluoreto De Sodio, Cloreto Cuprico, Dicloreto De Manganes Tetraidratado, Selenito De Sodio, Iodeto De Potassio, Cloreto Cromico Hexaidratado, Molibdato De Sodio Diidratado",Fresenius Kabi Brasil Ltda
Glycophos,Especifico,Nutrientes Parenterais,Glicerofosfato De Sodio,Fresenius Kabi Brasil Ltda
Novophos,Especifico,Nutrientes Parenterais,Glicerofosfato De Sodio,Vasconcelos Industria Farmaceutica E Comercio Ltda
Glicose,Especifico,Nutrientes Parenterais,Glicose,Samtec Biotecnologia Limitada
Glicose Beker,Especifico,Nutrientes Parenterais,Glicose,Beker Produtos Farmaco Hospitalares Ltda
Jp Glicose,Especifico,Nutrientes Parenterais,Glicose,Jp Industria Farmaceutica S/A
Solucao De Glicose B. Braun,Especifico,Nutrientes Parenterais,Glicose,Laboratorios B. Braun S/A
Glicose  Hypofarma,Especifico,Nutrientes Parenterais,Glicose Anidra,Hypofarma - Instituto De Hypodermia E Farmacia Ltda
Glicose Monoidratada,Especifico,Nutrientes Parenterais,Glicose Monoidratada,Eurofarma Laboratorios S.A.
"Glicose A 5% + Cloreto De Sodio A 0,9%",Especifico,Nutrientes Parenterais,"Glicose, Cloreto De Sodio",Laboratorios B. Braun S/A
Aminosteril N-Hepa 8%,Especifico,Nutrientes Parenterais,"Isoleucina, L-Isoleucina, L-Leucina, Leucina, Acetato De Lisina, L-Lisina, L-Metionina, Metionina (11 C), Acetilcisteina, Fenilalamina, L-Fenilalanina, L-Treonina, Treonina, L-Triptofano, Triptofano, Levovalina, Arginina, L-Arginina, Histidina, L-Histidina, Glicina, Alanina, L-Alanina, L-Prolina, Prolina, L-Serina, Serina",Fresenius Kabi Brasil Ltda
Aminoven,Especifico,Nutrientes Parenterais,"Isoleucina, L-Isoleucina, L-Leucina, Leucina, Acetato De Lisina, L-Metionina, Fenilalanina, L-Fenilalanina, L-Treonina, Treonina, L-Triptofano, Triptofano, Arginina, Levovalina, L-Arginina, L-Histidina, Histidina, L-Alanina, Alanina, Glicina, L-Prolina, Prolina, Taurina, L-Serina, Serina, Tirosina, N-Acetil Tirosina, N-Acetil Cisteina, L-Acido Malico",Fresenius Kabi Brasil Ltda
Aminoven 10% Infant,Especifico,Nutrientes Parenterais,"Isoleucina, Leucina, Acetato De Lisina, L-Metionina, Fenilalanina, Treonina, Triptofano, Levovalina, Arginina, Histidina, Glicina, Alanina, Prolina, Serina, Taurina, Acetiltirosina, Acetilcisteina, Acido Malico",Fresenius Kabi Brasil Ltda
Amixal,Especifico,Nutrientes Parenterais,"Isoleucina, Leucina, Acetato De Lisina, Lisina, Fenilalanina, Treonina, Triptofano, Valina, Arginina, Histidina, Alanina, Glicina, Acido Aspartico, Acido Glutamico, Prolina, Serina, Tirosina, Metionina (11 C)",Laboratorios B. Braun S/A
Nutriflex,Especifico,Nutrientes Parenterais,"Isoleucina, Leucina, Cloridrato De Lisina, Levometionina, Fenilalanina, Treonina, Triptofano, Levovalina, Arginina, Cloridrato De Histidina Monoidratado, Alanina, Acido Aspartico, Acido Glutamico, Glicina, Prolina, Serina, Hidroxido De Sodio, Cloreto De Sodio, Acetato De Sodio Tri-Hidratado , Acetato De Potassio, Acetato De Magnesio Tetraidratado, Cloreto De Calcio Di-Hidratado",Laboratorios B. Braun S/A
Nutriflex Lipid,Especifico,Nutrientes Parenterais,"Isoleucina, Leucina, Cloridrato De Lisina, Levometionina, Fenilalanina, Treonina, Triptofano, Levovalina, Arginina, Cloridrato De Histidina Monoidratado, Alanina, Acido Aspartico, Acido Glutamico, Glicina, Prolina, Serina, Hidroxido De Sodio, Cloreto De Sodio, Acetato De Sodio Tri-Hidratado , Acetato De Potassio, Acetato De Magnesio Tetraidratado, Cloreto De Calcio Di-Hidratado",Laboratorios B. Braun S/A
Nutriflex Plus,Especifico,Nutrientes Parenterais,"Isoleucina, Leucina, Cloridrato De Lisina, Levometionina, Fenilalanina, Treonina, Triptofano, Levovalina, Glutamato De Arginina, Cloridrato De Histidina Monoidratado, Alanina, Acido Aspartico, Acido Glutamico, Glicina, Prolina, Serina, Acetato De Magnesio Tetraidratado, Acetato De Sodio Tri-Hidratado , Fosfato De Sodio Monobasico Di-Hidratado, Hidroxido De Potassio, Hidroxido D",Laboratorios B. Braun S/A
Nutriflex Lipid,Especifico,Nutrientes Parenterais,"Isoleucina, Leucina, Cloridrato De Lisina, Levometionina, Fenilalanina, Treonina, Triptofano, Valina, Arginina, Cloridrato De Histidina Monoidratado, Histidina, Alanina, Acido Aminoacetico, Acido Aspartico, Acido Glutamico, Prolina, Serina, Acetato De Magnesio Tetraidratado, Glicose Monoidratada, Acetato De Sodio Triidratado, Triglicerideos Cadeia Media, Triglicerideos De Cadei",Laboratorios B. Braun S/A
Nephrotect,Especifico,Nutrientes Parenterais,"L-Isoleucina, L-Leucina, Acetato De Lisina, L-Metionina, L-Fenilalanina, L-Treonina, L-Triptofano, Levovalina, L-Histidina, L-Alanina, N-Acetil Cisteina, Glicina, L-Prolina, L-Serina, L-Tirosina, L-Arginina, Gliciltirosina",Fresenius Kabi Brasil Ltda
Primene,Especifico,Nutrientes Parenterais,"L-Isoleucina, L-Leucina, Levovalina, L-Lisina, L-Metionina, L-Fenilalanina, L-Treonina, L-Triptofano, L-Arginina, L-Histidina, L-Alanina, Acido L-Aspartico, Cloridrato De L-Cisteina, L-Cisteina, L-Acido Glutamico, Acido L-Glutamico, Glicina, L-Prolina, L-Serina, L-Tirosina, Cloridrato De Ornitina, L-Ornitina, Taurina",Baxter Hospitalar Ltda
Omegaven,Especifico,Nutrientes Parenterais,Oleo De Peixe,Fresenius Kabi Brasil Ltda
Smoflipid 20%,Especifico,Nutrientes Parenterais,"Oleo De Soja, Triglicerideos Cadeia Media, Oleo De Oliva, Oleo De Peixe",Fresenius Kabi Brasil Ltda
Lipofundin,Especifico,Nutrientes Parenterais,"Oleo De Soja, Triglicerideos Cadeia Media, Triglicerideos De Cadeia Media, Glicerol, Lecitina De Ovo",Laboratorios B. Braun S/A
Lipovenos  Mct,Especifico,Nutrientes Parenterais,"Oleo De Soja, Triglicerideos Cadeia Media, Triglicerideos De Cadeia Media, Glicerol, Lecitina De Ovo",Fresenius Kabi Brasil Ltda
Sacfer,Especifico,Nutrientes Parenterais,Sacarato De Hidroxido Ferrico,Vasconcelos Industria Farmaceutica E Comercio Ltda
Zelazafer,Especifico,Nutrientes Parenterais,Sacarato De Hidroxido Ferrico,Viatris Farmaceutica Do Brasil Ltda
Olig-Trat,Especifico,Nutrientes Parenterais,"Sulfato Cuprico Pentaidratado, Sulfato De Zinco Heptaidratado, Sulfato De Manganes Monoidratado, Cloreto Cromico Hexaidratado",Vasconcelos Industria Farmaceutica E Comercio Ltda
Zinctrace,Especifico,Nutrientes Parenterais,Sulfato De Zinco Heptaidratado,Inpharma Laboratorios Ltda
Polignutri,Especifico,Nutrientes Parenterais,"Sulfato De Zinco Heptaidratado, Sulfato Cuprico Pentaidratado, Sulfato De Manganes Monoidratado, Cloreto Cromico Hexaidratado, Acido Selenioso",Vasconcelos Industria Farmaceutica E Comercio Ltda
Lipidem,Especifico,Nutrientes Parenterais,"Triglicerideos De Cadeia Media, Oleo De Soja, Trigliceridios C10-18",Laboratorios B. Braun S/A
Untral,Especifico,Outras Preparacoes Vitaminicas Monodroga,Biotina,Ache Laboratorios Farmaceuticos S.A
Ringer,Especifico,Outras Sol P/ Repos  Hidroeletrolitica E Alim  Parenteral,"Cloreto De Sodio, Cloreto De Calcio 2H2O, Cloreto De Calcio Di-Hidratado, Cloreto De Potassio",Fresenius Kabi Brasil Ltda
Glicose,Especifico,Outras Sol P/ Repos  Hidroeletrolitica E Alim  Parenteral,Glicose,Fresenius Kabi Brasil Ltda
Oralz,Especifico,Outros Coadjuvantes Do Tratamento Da Diarreia,Glicinato De Zinco,Biolab Sanus Farmaceutica Ltda
Hisocel,Especifico,Outros Derivados Do Sangue E Substitutos,"Gelatina, Cloreto De Sodio, Cloreto De Potassio, Cloreto De Calcio, Cloreto De Calcio Diidratado",Fresenius Kabi Brasil Ltda
Adaptis Gel,Especifico,Outros Medicamentos Com Acao No Aparelho Visual,Carbomer 940,Legrand Pharma Industria Farmaceutica Ltda
Acu Fresh,Especifico,Outros Medicamentos Com Acao No Aparelho Visual,Carmelose Sodica,Geolab Industria Farmaceutica S/A
Lacrifilm,Especifico,Outros Medicamentos Com Acao No Aparelho Visual,Carmelose Sodica,Uniao Quimica Farmaceutica Nacional S/A
Lacrilax,Especifico,Outros Medicamentos Com Acao No Aparelho Visual,Carmelose Sodica,Cosmed Industria De Cosmeticos E Medicamentos S.A.
Liris,Especifico,Outros Medicamentos Com Acao No Aparelho Visual,Carmelose Sodica,Uniao Quimica Farmaceutica Nacional S/A
Neo Fresh,Especifico,Outros Medicamentos Com Acao No Aparelho Visual,Carmelose Sodica,Brainfarma Industria Quimica E Farmaceutica S.A
Tearfilm,Especifico,Outros Medicamentos Com Acao No Aparelho Visual,Carmelose Sodica,Geolab Industria Farmaceutica S/A
Hipertonic 5%,Especifico,Outros Medicamentos Com Acao No Aparelho Visual,Cloreto De Sodio,Ophthalmos Ltda
Epitegel,Especifico,Outros Medicamentos Com Acao No Aparelho Visual,Dexpantenol,Bl Industria Otica Ltda
Epithelize,Especifico,Outros Medicamentos Com Acao No Aparelho Visual,Dexpantenol,Cristalia Produtos Quimicos Farmaceuticos Ltda.
Cloreto De Sodio Solucao Fisiologica Para Irrigacao - Baxter,Especifico,Outros Prods  Nao Enquadrados Em Classe Terapeutica Especif,Cloreto De Sodio,Baxter Hospitalar Ltda
Laqfa - Iodeto De Potassio,Especifico,Outros Prods  Nao Enquadrados Em Classe Terapeutica Especif,Iodeto De Potassio,Laboratorio Quimico Farmaceutico Da Aeronautica
Monessa,Especifico,Outros Prods  Nao Enquadrados Em Classe Terapeutica Especif,"Pantotenato De Calcio, Cistina, Nitrato De Tiamina, Levedura, Queratina, Acido Aminobenzoico",Biolab Sanus Farmaceutica Ltda
Pantogar,Especifico,Outros Prods  Nao Enquadrados Em Classe Terapeutica Especif,"Pantotenato De Calcio, Cistina, Nitrato De Tiamina, Levedura, Queratina, Acido Aminobenzoico",Biolab Sanus Farmaceutica Ltda
Baxter Sorbitol,Especifico,Outros Prods  Nao Enquadrados Em Classe Terapeutica Especif,Sorbitol,Baxter Hospitalar Ltda
Resist,Especifico,Outros Produtos Com Acao Imunoprotetora,Cloridrato De Lisina,Ache Laboratorios Farmaceuticos S.A
Bepantriz,Especifico,Outros Produtos Com Acao Na Pele E Mucosas,Dexpantenol,Cimed Industria S.A
Cicatenol,Especifico,Outros Produtos Com Acao Na Pele E Mucosas,Dexpantenol,Ems S/A
Depantex,Especifico,Outros Produtos Com Acao Na Pele E Mucosas,Dexpantenol,Nativita Ind. Com. Ltda.
Dexprotenol,Especifico,Outros Produtos Com Acao Na Pele E Mucosas,Dexpantenol,Prati Donaduzzi & Cia Ltda
Neopantol,Especifico,Outros Produtos Com Acao Na Pele E Mucosas,Dexpantenol,Brainfarma Industria Quimica E Farmaceutica S.A
Pantodex,Especifico,Outros Produtos Com Acao Na Pele E Mucosas,Dexpantenol,Geolab Industria Farmaceutica S/A
Pelletrat,Especifico,Outros Produtos Com Acao Na Pele E Mucosas,Dexpantenol,Laboratorio Farmaceutico Elofar Ltda
Teupantol,Especifico,Outros Produtos Com Acao Na Pele E Mucosas,Dexpantenol,Laboratorio Teuto Brasileiro S/A
Vit Pantenol,Especifico,Outros Produtos Com Acao Na Pele E Mucosas,Dexpantenol,Vitamedic Industria Farmaceutica Ltda
Bebex Ade,Especifico,Outros Produtos Com Acao Na Pele E Mucosas,"Oxido De Zinco, Palmitato De Retinol, Colecalciferol",Geolab Industria Farmaceutica S/A
Pratiglos,Especifico,Outros Produtos Com Acao Na Pele E Mucosas,"Oxido De Zinco, Palmitato De Retinol, Colecalciferol",Prati Donaduzzi & Cia Ltda
Rubidex,Especifico,Outros Produtos Com Acao No Sistema Musculo Esqueletico,"Mentol, Salicilato De Metila",Cazi Quimica Farmaceutica Industria E Comercio Ltda
Aliviol,Especifico,Outros Produtos Com Acao No Sistema Musculo Esqueletico,"Salicilato De Metila, Canfora, Levomentol",Cifarma Cientifica Farmaceutica Ltda
Massageol,Especifico,Outros Produtos Com Acao No Sistema Musculo Esqueletico,"Salicilato De Metila, Canfora, Levomentol",Brainfarma Industria Quimica E Farmaceutica S.A
Licitro,Especifico,Outros Produtos Com Acao No Trato Urinario,Citrato De Potassio Monoidratado,Multilab Industria E Comercio De Produtos Farmaceuticos Ltda
Litocit,Especifico,Outros Produtos Com Acao No Trato Urinario,Citrato De Potassio Monoidratado,Apsen Farmaceutica S/A
Luftagastro Dupla Acao,Especifico,Outros Produtos Para O Aparelho Digestivo E Metabolismo,"Alginato De Sodio, Carbonato De Calcio, Bicarbonato De Sodio",Reckitt Benckiser (Brasil) Ltda
Epocler,Especifico,Outros Produtos Para O Aparelho Digestivo E Metabolismo,"Citrato De Colina, Betaina, Dl-Metionina, Racemetionina",Cosmed Industria De Cosmeticos E Medicamentos S.A.
Epativan,Especifico,Outros Produtos Para O Aparelho Digestivo E Metabolismo,"Citrato De Colina, Betaina, Racemetionina",Cimed Industria S.A
Figlon,Especifico,Outros Produtos Para O Aparelho Digestivo E Metabolismo,"Citrato De Colina, Betaina, Racemetionina",Brainfarma Industria Quimica E Farmaceutica S.A
Metiocolin Complex,Especifico,Outros Produtos Para O Aparelho Digestivo E Metabolismo,"Citrato De Colina, Betaina, Racemetionina",Cosmed Industria De Cosmeticos E Medicamentos S.A.
Omize,Especifico,Outros Produtos Que Atuam Sobre O Sistema Nervoso,Levomefolato De Calcio,Libbs Farmaceutica Ltda
Nesh Zinco,Especifico,Outros Suplems  Minerais Exceto De Ferro E P/ Rehidratacao,Sulfato De Zinco,Nunesfarma Produtos Farmaceuticos Ltda
Vitergan Zinco,Especifico,Polivitaminicos Com Minerais,"Acido Ascorbico, Zinco, Oxido De Zinco, Cobre, Oxido Cuprico, Selenio, Acetato De Racealfatocoferol, Betacaroteno",Marjan Industria E Comercio Ltda
Organoneuro Cerebral,Especifico,Polivitaminicos Com Minerais,"Nitrato De Tiamina, Cloridrato De Piridoxina, Cianocobalamina, Acido Glutamico, Acido Gamaminobutirico",Laboratorio Gross S. A.
Gerovital,Especifico,Polivitaminicos Com Minerais,"Retinol, Vitamina A, Vitamina B1, Vitamina B2, Vitamina B6, Vitamina B12, Vitamina C, Vitamina D2, Vitamina D3, Vitamina E, Biotina, Nicotinamida, Acido Para-Aminobenzoico, Pantotenato De Calcio, Rutina, Fluoreto De Calcio, Fluoreto De Sodio, Calcio, Sulfato Ferroso, Iodeto De Potassio, Sulfato De Magnesio, Sulfato De Manganes, Sulfato De Potassio, Fosforo, Acetato De Racealfat",Ems S/A
Ad-Til,Especifico,Polivitaminicos Sem Minerais,"Acetato De Retinol, Colecalciferol",Cosmed Industria De Cosmeticos E Medicamentos S.A.
Ad-Vitam,Especifico,Polivitaminicos Sem Minerais,"Acetato De Retinol, Colecalciferol",Natulab Laboratorio S.A
Hyplex B,Especifico,Polivitaminicos Sem Minerais,"Cloridrato De Tiamina, Cloridrato De Piridoxina, Nicotinamida, Fosfato Sodico De Riboflavina, Dexpantenol",Hypofarma - Instituto De Hypodermia E Farmacia Ltda
Comple B,Especifico,Polivitaminicos Sem Minerais,"Cloridrato De Tiamina, Fosfato Sodico De Riboflavina, Cloridrato De Piridoxina, Nicotinamida",Natulab Laboratorio S.A
Complexo B 12,Especifico,Polivitaminicos Sem Minerais,"Cloridrato De Tiamina, Mononitrato De Tiamina, Tiamina, Riboflavina, Fosfato Sodico De Riboflavina, Cloridrato De Piridoxina, Cianocobalamina, Nicotinamida, Pantotenato De Calcio, Pantotenato De Calcio, Nitrato De Tiamina, Cloridrato De Nicotinamida, Cianocobalamina 0,1%",Ems S/A
Beneroc,Especifico,Polivitaminicos Sem Minerais,"Mononitrato De Tiamina, Riboflavina, Nicotinamida, Cloridrato De Piridoxina, Pantotenato De Calcio",Bayer S.A.
Frutovitam,Especifico,Polivitaminicos Sem Minerais,"Palmitato De Retinol, Colecalciferol, Acido Ascorbico, Cloridrato De Piridoxina, Dexpantenol, Acetato De Racealfatocoferol, Nicotinamida, Fosfato Sodico De Riboflavina",Cristalia Produtos Quimicos Farmaceuticos Ltda.
Cerne-12,Especifico,Polivitaminicos Sem Minerais,"Palmitato De Retinol, Colecalciferol, Dextroalfatocoferol, Acido Ascorbico, Cocarboxilase, Fosfato Sodico De Riboflavina, Cloridrato De Piridoxina, Cianocobalamina, Acido Folico, Dexpantenol, Nicotinamida, Biotina",Baxter Hospitalar Ltda
Snif 3%,Especifico,Produto Para O Aparelho Respiratorio,Cloreto De Sodio,Eurofarma Laboratorios S.A.
Betrat,Especifico,Produtos A Base De Vit  B 12-Associacoes Medicamentosas,"Cianocobalamina, Cloridrato De Piridoxina, Nitrato De Tiamina",Myralis Industria Farmaceutica Ltda
Citobe,Especifico,Produtos A Base De Vit  B 12-Associacoes Medicamentosas,"Cianocobalamina, Cloridrato De Piridoxina, Nitrato De Tiamina",Eurofarma Laboratorios S.A.
Lyvabe,Especifico,Produtos A Base De Vit  B 12-Associacoes Medicamentosas,"Cianocobalamina, Cloridrato De Piridoxina, Nitrato De Tiamina",Ache Laboratorios Farmaceuticos S.A
Neo B,Especifico,Produtos A Base De Vit  B 12-Associacoes Medicamentosas,"Cianocobalamina, Cloridrato De Piridoxina, Nitrato De Tiamina",Eurofarma Laboratorios S.A.
Nocip,Especifico,Produtos A Base De Vit  B 12-Associacoes Medicamentosas,"Cianocobalamina, Cloridrato De Piridoxina, Nitrato De Tiamina",Ache Laboratorios Farmaceuticos S.A
Renovi B,Especifico,Produtos A Base De Vit  B 12-Associacoes Medicamentosas,"Cianocobalamina, Cloridrato De Piridoxina, Nitrato De Tiamina",Supera Farma Laboratorios S.A
Vitaminas B1 + B6 + B12,Especifico,Produtos A Base De Vit  B 12-Associacoes Medicamentosas,"Cianocobalamina, Cloridrato De Piridoxina, Nitrato De Tiamina",Myralis Industria Farmaceutica Ltda
Citoneurin,Especifico,Produtos A Base De Vit  B 12-Associacoes Medicamentosas,"Cianocobalamina, Cloridrato De Tiamina, Nitrato De Tiamina, Cloridrato De Piridoxina",Procter & Gamble Do Brasil Ltda.
Cronobe Complex  Im,Especifico,Produtos A Base De Vit  B 12-Associacoes Medicamentosas,"Cloridrato De Tiamina, Cloridrato De Piridoxina, Cianocobalamina",Biolab Sanus Farmaceutica Ltda
Nevrix Im,Especifico,Produtos A Base De Vit  B 12-Associacoes Medicamentosas,"Cloridrato De Tiamina, Cloridrato De Piridoxina, Cianocobalamina",Arese Pharma Ltda.
Cronobe Complex,Especifico,Produtos A Base De Vit  B 12-Associacoes Medicamentosas,"Nitrato De Tiamina, Cloridrato De Piridoxina, Cianocobalamina",Biolab Sanus Farmaceutica Ltda
Neoplexus,Especifico,Produtos A Base De Vit  B 12-Associacoes Medicamentosas,"Nitrato De Tiamina, Cloridrato De Piridoxina, Cianocobalamina",Kley Hertz Farmaceutica S.A
Nevrix,Especifico,Produtos A Base De Vit  B 12-Associacoes Medicamentosas,"Nitrato De Tiamina, Cloridrato De Piridoxina, Cianocobalamina",Arese Pharma Ltda.
Trirubin,Especifico,Produtos A Base De Vit  B 12-Associacoes Medicamentosas,"Nitrato De Tiamina, Cloridrato De Piridoxina, Cianocobalamina",Uniao Quimica Farmaceutica Nacional S/A
Hepa-Merz,Especifico,Produtos Nao Enquadrados Em Classes Terapeuticas,Aspartato De Ornitina,Biolab Sanus Farmaceutica Ltda
Bibag,Especifico,Produtos Para Dialise,Bicarbonato De Sodio,Fresenius Medical Care Ltda
Solucao P/ Dialise Peritoneal,Especifico,Produtos Para Dialise,"Glicose, Glicose Monoidratada, Lactato De Sodio, Cloreto De Calcio 2H2O, Cloreto De Magnesio, Cloreto De Magnesio Hexaidratado, Cloreto De Sodio",Fresenius Kabi Brasil Ltda
Ketosteril,Especifico,Produtos Para Dietas Especiais,"Acetato De Lisina, Treonina, Triptofano, Histidina, Tirosina, Alfaoxofenilpropionato De Calcio, Racealfa-Hidroxigamametiltiobutanoato De Calcio, Racealfaoxobetametilbutanoato De Calcio, Racealfaoxogamametilpentanoato De Calcio, Racealfaoxobetametilpentanoato De Calcio",Fresenius Kabi Brasil Ltda
Cphd 35 Ba,Especifico,Produtos Para Hemodialise,Bicarbonato De Sodio,Nipro Renal Solutions Brasil Ltda
"Cphd Bicarbonato De Sodio 8,4 %",Especifico,Produtos Para Hemodialise,Bicarbonato De Sodio,Fresenius Medical Care Ltda
Cphd Farmarin,Especifico,Produtos Para Hemodialise,Bicarbonato De Sodio,Farmarin Industria E Comercio Ltda
Farmacart,Especifico,Produtos Para Hemodialise,Bicarbonato De Sodio,Farmarin Industria E Comercio Ltda
Sol-Cart B,Especifico,Produtos Para Hemodialise,Bicarbonato De Sodio,Laboratorios B. Braun S/A
Cifoban,Especifico,Produtos Para Hemodialise,Citrato De Sodio Di-Hidratado,Fresenius Medical Care Ltda
Tricit,Especifico,Produtos Para Hemodialise,Citrato De Sodio Di-Hidratado,Eurofarma Laboratorios S.A.
Calrecia,Especifico,Produtos Para Hemodialise,Cloreto De Calcio Di-Hidratado,Fresenius Medical Care Ltda
Farmarin Cphd,Especifico,Produtos Para Hemodialise,"Cloreto De Magnesio, Cloreto De Potassio, Cloreto De Sodio, Cloreto De Sodio + Associacoes, Cloreto De Calcio, Acido Acetico, Cloreto De Magnesio Hexaidratado, Glicose, Acido Acetico Glacial, Dextrose Anidra",Farmarin Industria E Comercio Ltda
Multibic,Especifico,Produtos Para Hemodialise,"Cloreto De Potassio, Cloreto De Calcio Di-Hidratado, Cloreto De Magnesio Hexaidratado, Glicose Monoidratada, Cloreto De Sodio, Bicarbonato De Sodio",Fresenius Medical Care Ltda
Cphd Genius,Especifico,Produtos Para Hemodialise,"Cloreto De Sodio, Bicarbonato De Sodio, Cloreto De Potassio, Cloreto De Calcio, Glicose Anidra, Cloreto De Magnesio Hexaidratado",Fresenius Medical Care Ltda
Phoxilium,Especifico,Produtos Para Hemodialise,"Cloreto De Sodio, Bicarbonato De Sodio, Fosfato De Sodio Dibasico Di-Hidratado, Cloreto De Calcio Di-Hidratado, Cloreto De Calcio Diidratado, Cloreto De Potassio, Cloreto De Magnesio Hexaidratado",Baxter Hospitalar Ltda
Biphozyl,Especifico,Produtos Para Hemodialise,"Cloreto De Sodio, Bicarbonato De Sodio, Fosfato De Sodio Dibasico Di-Hidratado, Cloreto De Potassio, Cloreto De Magnesio Hexaidratado",Baxter Hospitalar Ltda
Regiocit,Especifico,Produtos Para Hemodialise,"Cloreto De Sodio, Citrato De Sodio Di-Hidratado",Baxter Hospitalar Ltda
Duosol Sem Potassio,Especifico,Produtos Para Hemodialise,"Cloreto De Sodio, Cloreto De Calcio Diidratado, Cloreto De Magnesio Hexaidratado, Glicose Monoidratada, Bicarbonato De Sodio",Laboratorios B. Braun S/A
Lactasol,Especifico,Produtos Para Hemodialise,"Cloreto De Sodio, Cloreto De Calcio Diidratado, Lactato De Sodio, Cloreto De Magnesio Hexaidratado",Jp Industria Farmaceutica S/A
Cphd Com Glicose,Especifico,Produtos Para Hemodialise,"Cloreto De Sodio, Cloreto De Calcio, Cloreto De Magnesio Hexaidratado, Cloreto De Potassio, Cloreto De Magnesio, Glicose H2O, Glicose Anidra",Fresenius Medical Care Ltda
Cphd - Concentrado Acido Para Hemodialise Sem Glicose,Especifico,Produtos Para Hemodialise,"Cloreto De Sodio, Cloreto De Calcio, Cloreto De Potassio, Cloreto De Magnesio Hexaidratado, Acido Acetico",Farmarin Industria E Comercio Ltda
Lonadial,Especifico,Produtos Para Hemodialise,"Cloreto De Sodio, Cloreto De Potassio, Bicarbonato De Sodio, Cloreto De Magnesio Hexaidratado, Glicose Monoidratada",Fresenius Medical Care Ltda
Cphd 24/34,Especifico,Produtos Para Hemodialise,"Cloreto De Sodio, Cloreto De Potassio, Cloreto De Calcio Di-Hidratado, Cloreto De Magnesio Hexaidratado",Fresenius Medical Care Ltda
Cphd Ac 35 C/ Glicose,Especifico,Produtos Para Hemodialise,"Cloreto De Sodio, Cloreto De Potassio, Cloreto De Calcio Di-Hidratado, Cloreto De Magnesio Hexaidratado, Glicose",Nipro Renal Solutions Brasil Ltda
Cphd Ac,Especifico,Produtos Para Hemodialise,"Cloreto De Sodio, Cloreto De Potassio, Cloreto De Calcio Diidratado, Cloreto De Magnesio Hexaidratado",Nipro Renal Solutions Brasil Ltda
"Farmace Cphd - Fracao Acida Com Calcio 2,5 Meq/L",Especifico,Produtos Para Hemodialise,"Cloreto De Sodio, Cloreto De Potassio, Cloreto De Calcio Diidratado, Cloreto De Magnesio Hexaidratado, Acido Acetico",Farmace Industria Quimico-Farmaceutica Cearense Ltda
"Fracao Acida Ca ++ 3,0 Meq/L 1:44",Especifico,Produtos Para Hemodialise,"Cloreto De Sodio, Cloreto De Potassio, Cloreto De Calcio Diidratado, Cloreto De Magnesio Hexaidratado, Acido Acetico",Farmace Industria Quimico-Farmaceutica Cearense Ltda
Duosol Com Potassio,Especifico,Produtos Para Hemodialise,"Cloreto De Sodio, Cloreto De Potassio, Cloreto De Calcio Diidratado, Cloreto De Magnesio Hexaidratado, Glicose Monohidratada, Bicarbonato De Sodio",Laboratorios B. Braun S/A
Cphd Sem Glicose 1:44,Especifico,Produtos Para Hemodialise,"Cloreto De Sodio, Cloreto De Potassio, Cloreto De Calcio, Cloreto De Magnesio",Fresenius Medical Care Ltda
Cloreto De Sodio + Cloreto De Calcio + Associacoes Farmace,Especifico,Produtos Para Hemodialise,"Cloreto De Sodio, Cloreto De Potassio, Cloreto De Calcio, Cloreto De Magnesio, Acido Acetico Glacial",Farmace Industria Quimico-Farmaceutica Cearense Ltda
Cphd Smp 35,Especifico,Produtos Para Hemodialise,"Cloreto De Sodio, Cloreto De Potassio, Cloreto De Calcio, Cloreto De Magnesio, Bicarbonato De Sodio",Nipro Renal Solutions Brasil Ltda
Claribase,Especifico,Produtos Para Hemodialise,"Cloreto De Sodio, Sulfato De Magnesio Heptaidratado",Beker Produtos Farmaco Hospitalares Ltda
Hemolenta,Especifico,Produtos Para Hemodialise,"Cloreto De Sodio, Sulfato De Magnesio Heptaidratado",Eurofarma Laboratorios S.A.
Agua Para Irrigacao,Especifico,Produtos Para Procedimentos Especializados,Agua Para Injetaveis Qsp,Jp Industria Farmaceutica S/A
Purisole Sm,Especifico,Produtos Para Procedimentos Especializados,"Sorbitol, Manitol",Fresenius Kabi Brasil Ltda
Sorbitol + Manitol,Especifico,Produtos Para Procedimentos Especializados,"Sorbitol, Manitol",Halex Istar Industria Farmaceutica Sa
Baxter Glicina,Especifico,Produtos Para Vias Urinarias,Glicina,Baxter Hospitalar Ltda
"Glicina Jp 1,5%",Especifico,Produtos Para Vias Urinarias,Glicina,Jp Industria Farmaceutica S/A
Manitol 3%,Especifico,Produtos Para Vias Urinarias,Manitol,Jp Industria Farmaceutica S/A
Rehidrat,Especifico,Reidratantes Orais,"Cloreto De Potassio, Citrato De Sodio Di-Hidratado, Cloreto De Sodio, Glicose Anidra, Citrato De Sodio Dihidratado",Eurofarma Laboratorios S.A.
Sorozinc,Especifico,Reidratantes Orais,"Cloreto De Potassio, Glicose, Citrato De Sodio Di-Hidratado, Cloreto De Sodio, Gliconato De Zinco",Cifarma Cientifica Farmaceutica Ltda
Hidralyte,Especifico,Reidratantes Orais,"Cloreto De Sodio, Citrato De Sodio Dihidratado, Glicose Anidra, Citrato De Potassio Monoidratado",Natulab Laboratorio S.A
Rehidrazol,Especifico,Reidratantes Orais,"Cloreto De Sodio, Cloreto De Potassio, Citrato De Sodio Dihidratado, Glicose",Laboratorio Globo Sa
Pedialyte 45 Zinco,Especifico,Reidratantes Orais,"Cloreto De Sodio, Gliconato De Zinco, Glicose Monoidratada, Citrato De Sodio Di-Hidratado, Citrato De Potassio Monoidratado",Abbott Laboratorios Do Brasil Ltda
Pedialyte Max,Especifico,Reidratantes Orais,"Cloreto De Sodio, Gliconato De Zinco, Glicose Monoidratada, Citrato De Sodio Di-Hidratado, Cloreto De Potassio",Abbott Laboratorios Do Brasil Ltda
Bicarbonato De Sodio,Especifico,Reidratantes Parenterais,Bicarbonato De Sodio,Hypofarma - Instituto De Hypodermia E Farmacia Ltda
Isofarma-Solucao De Cloreto De Potassio,Especifico,Reidratantes Parenterais,Cloreto De Potassio,Halex Istar Industria Farmaceutica Sa
Mixistar,Especifico,Reidratantes Parenterais,"Cloreto De Potassio, Cloreto De Sodio, Glicose",Halex Istar Industria Farmaceutica Sa
"Cloreto De Sodio 0,9%",Especifico,Reidratantes Parenterais,Cloreto De Sodio,
"Cloreto De Sodio 0,9% Basa",Especifico,Reidratantes Parenterais,Cloreto De Sodio,Basal Industria Farmaceutica Ltda
Isofarma-Solucao De Cloreto De Sodio,Especifico,Reidratantes Parenterais,Cloreto De Sodio,Halex Istar Industria Farmaceutica Sa
Jp Fisiologico,Especifico,Reidratantes Parenterais,Cloreto De Sodio,Jp Industria Farmaceutica S/A
Solucao De Cloreto De Sodio B.Braun,Especifico,Reidratantes Parenterais,Cloreto De Sodio,Laboratorios B. Braun S/A
Solucao Fisiologica,Especifico,Reidratantes Parenterais,Cloreto De Sodio,Farmarin Industria E Comercio Ltda
"Solucao Fisiologica A 0,9%",Especifico,Reidratantes Parenterais,Cloreto De Sodio,Cristalia Produtos Quimicos Farmaceuticos Ltda.
Ringer,Especifico,Reidratantes Parenterais,"Cloreto De Sodio Usp, Cloreto De Potassio, Cloreto De Calcio Diidratado",Farmarin Industria E Comercio Ltda
Solucao De Ringer,Especifico,Reidratantes Parenterais,"Cloreto De Sodio, Cloreto De Potassio, Cloreto De Calcio Diidratado",Cristalia Produtos Quimicos Farmaceuticos Ltda.
Solucao De Ringer Com Lactato De Sodio,Especifico,Reidratantes Parenterais,"Cloreto De Sodio, Cloreto De Potassio, Cloreto De Calcio Diidratado, Lactato De Sodio",Beker Produtos Farmaco Hospitalares Ltda
Solucao Fisiologica De Ringer Com Lactato,Especifico,Reidratantes Parenterais,"Cloreto De Sodio, Cloreto De Potassio, Lactato De Sodio, Cloreto De Calcio Diidratado",Eurofarma Laboratorios S.A.
Cloreto De Sodio,Especifico,Reidratantes Parenterais,"Cloreto De Sodio, Cloreto De Sodio + Associacoes",Halex Istar Industria Farmaceutica Sa
Solucao Fisiologica De Cloreto De Sodio,Especifico,Reidratantes Parenterais,"Cloreto De Sodio, Cloreto De Sodio + Associacoes",Fresenius Medical Care Ltda
Solucao Glicocloretada Basa,Especifico,Reidratantes Parenterais,"Cloreto De Sodio, Glicose",Basal Industria Farmaceutica Ltda
Solucao Glicofisiologica Snb,Especifico,Reidratantes Parenterais,"Cloreto De Sodio, Glicose",Cristalia Produtos Quimicos Farmaceuticos Ltda.
Frutose 5%,Especifico,Reidratantes Parenterais,Frutose,Fresenius Kabi Brasil Ltda
Glicose,Especifico,Reidratantes Parenterais,Glicose,Farmarin Industria E Comercio Ltda
Glicose Halex Istar,Especifico,Reidratantes Parenterais,Glicose,Halex Istar Industria Farmaceutica Sa
Isofarma - Solucao De Glicose,Especifico,Reidratantes Parenterais,Glicose,Halex Istar Industria Farmaceutica Sa
Solucao De Glicose,Especifico,Reidratantes Parenterais,Glicose,Cristalia Produtos Quimicos Farmaceuticos Ltda.
Glicose Basa,Especifico,Reidratantes Parenterais,Glicose Anidra,Basal Industria Farmaceutica Ltda
Halex Istar Solucao Glicofisiologica,Especifico,Reidratantes Parenterais,"Glicose Anidra, Glicose Monoidratada, Cloreto De Sodio",Halex Istar Industria Farmaceutica Sa
Glicose + Cloreto De Sodio,Especifico,Reidratantes Parenterais,"Glicose Monoidratada, Cloreto De Sodio",Eurofarma Laboratorios S.A.
Solucao Glicofisiologica,Especifico,Reidratantes Parenterais,"Glicose, Cloreto De Sodio",Fresenius Kabi Brasil Ltda
Glicofisiologico,Especifico,Reidratantes Parenterais,"Glicose, Cloreto De Sodio Usp",Farmarin Industria E Comercio Ltda
Olimel,Especifico,Reposicao Hidroeletrolitica E Alimentacao Parenteral,"Alanina, Arginina, Acido Aspartico, Acido Glutamico, Glicina, Histidina, Isoleucina, Leucina, Acetato De Lisina, Levometionina, Fenilalamina, Prolina, Serina, Treonina, Triptofano, Tirosina, Levovalina, Acetato De Sodio Tri-Hidratado , Acetato De Sodio Trihidratado, Glicerofosfato De Sodio, Cloreto De Potassio, Cloreto De Magnesio Hexaidratado, Glicose Monohidratada, Glicose Mo",Baxter Hospitalar Ltda
Numeta Neo,Especifico,Reposicao Hidroeletrolitica E Alimentacao Parenteral,"Alanina, Arginina, Acido Aspartico, Cisteina, Acido Glutamico, Glicina, Histidina, Isoleucina, Leucina, Lisina, Levometionina, Cloridrato De Ornitina, Fenilalanina, Prolina, Serina, Taurina, Treonina, Triptofano, Tirosina, Levovalina, Acetato De Potassio, Acetato De Magnesio Tetraidratado, Glicerofosfato De Sodio, Glicose Monoidratada, Oleo De Oliva, Oleo De Soja, Cloreto De Ca",Baxter Hospitalar Ltda
Numeta Ped,Especifico,Reposicao Hidroeletrolitica E Alimentacao Parenteral,"Alanina, Arginina, Acido Aspartico, Cisteina, Acido Glutamico, Glicina, Histidina, Isoleucina, Leucina, Lisina, Levometionina, Cloridrato De Ornitina, Fenilalanina, Prolina, Serina, Taurina, Treonina, Triptofano, Tirosina, Levovalina, Cloreto De Sodio, Acetato De Potassio, Cloreto De Calcio Diidratado, Acetato De Magnesio Tetraidratado, Glicerofosfato De Sodio, Glicose Monoidra",Baxter Hospitalar Ltda
Cloreto De Potassio,Especifico,Reposicao Hidroeletrolitica E Alimentacao Parenteral,Cloreto De Potassio,
"Cloreto De Potassio 19,1%",Especifico,Reposicao Hidroeletrolitica E Alimentacao Parenteral,Cloreto De Potassio,Farmarin Industria E Comercio Ltda
Solucao De Cloreto De Potassio,Especifico,Reposicao Hidroeletrolitica E Alimentacao Parenteral,Cloreto De Potassio,Equiplex Industria Farmaceutica Ltda
Ringer Com Lactato,Especifico,Reposicao Hidroeletrolitica E Alimentacao Parenteral,"Cloreto De Potassio, Cloreto De Sodio, Cloreto De Calcio Diidratado, Lactato De Sodio",Farmace Industria Quimico-Farmaceutica Cearense Ltda
Solucao Ringer Simples Equiplex,Especifico,Reposicao Hidroeletrolitica E Alimentacao Parenteral,"Cloreto De Potassio, Cloreto De Sodio, Cloreto De Sodio + Associacoes, Cloreto De Calcio",Equiplex Industria Farmaceutica Ltda
Cloreto De Sodio,Especifico,Reposicao Hidroeletrolitica E Alimentacao Parenteral,Cloreto De Sodio,
Cloreto De Sodio - Baxter,Especifico,Reposicao Hidroeletrolitica E Alimentacao Parenteral,Cloreto De Sodio,Baxter Hospitalar Ltda
Solucao De Ringer Com Lactato,Especifico,Reposicao Hidroeletrolitica E Alimentacao Parenteral,"Cloreto De Sodio, Cloreto De Calcio 2H2O, Cloreto De Calcio Diidratado, Cloreto De Potassio, Lactato De Sodio",Jp Industria Farmaceutica S/A
Solucao Ringer Com Lactato,Especifico,Reposicao Hidroeletrolitica E Alimentacao Parenteral,"Cloreto De Sodio, Cloreto De Calcio 2H2O, Cloreto De Calcio Diidratado, Cloreto De Potassio, Lactato De Sodio",Fresenius Kabi Brasil Ltda
Ringer,Especifico,Reposicao Hidroeletrolitica E Alimentacao Parenteral,"Cloreto De Sodio, Cloreto De Calcio Di-Hidratado, Cloreto De Potassio, Cloreto De Calcio Diidratado",Jp Industria Farmaceutica S/A
Solucao De Ringer Com Lactato,Especifico,Reposicao Hidroeletrolitica E Alimentacao Parenteral,"Cloreto De Sodio, Cloreto De Potassio, Cloreto De Calcio 2H2O, Lactato De Sodio",Laboratorios B. Braun S/A
Solucao Ringer Com Lactato,Especifico,Reposicao Hidroeletrolitica E Alimentacao Parenteral,"Cloreto De Sodio, Cloreto De Potassio, Cloreto De Calcio Di-Hidratado, Lactato De Sodio, Cloreto De Calcio Diidratado",Equiplex Industria Farmaceutica Ltda
B.Braun Solucao De Ringer No3,Especifico,Reposicao Hidroeletrolitica E Alimentacao Parenteral,"Cloreto De Sodio, Cloreto De Potassio, Cloreto De Calcio Diidratado",Laboratorios B. Braun S/A
Farmace - Ringer,Especifico,Reposicao Hidroeletrolitica E Alimentacao Parenteral,"Cloreto De Sodio, Cloreto De Potassio, Cloreto De Calcio, Cloreto De Calcio Diidratado",Farmace Industria Quimico-Farmaceutica Cearense Ltda
Baxter Solucao De Ringer Com Lactato,Especifico,Reposicao Hidroeletrolitica E Alimentacao Parenteral,"Cloreto De Sodio, Cloreto De Potassio, Cloreto De Calcio, Lactato De Sodio",Baxter Hospitalar Ltda
Plasmafundin,Especifico,Reposicao Hidroeletrolitica E Alimentacao Parenteral,"Cloreto De Sodio, Cloreto De Potassio, Cloreto De Magnesio Hexaidratado, Acetato De Sodio Trihidratado, Gliconato De Sodio",Laboratorios B. Braun S/A
Solucao Fisiologica De Cloreto De Sodio Equiplex,Especifico,Reposicao Hidroeletrolitica E Alimentacao Parenteral,"Cloreto De Sodio, Cloreto De Sodio + Associacoes",Equiplex Industria Farmaceutica Ltda
Solucao Glicofisiologica Equiplex,Especifico,Reposicao Hidroeletrolitica E Alimentacao Parenteral,"Cloreto De Sodio, Dextrose Anidra, Glicose",Equiplex Industria Farmaceutica Ltda
Plasma Lyte,Especifico,Reposicao Hidroeletrolitica E Alimentacao Parenteral,"Cloreto De Sodio, Gliconato De Sodio, Acetato De Sodio Tri-Hidratado , Acetato De Sodio Trihidratado, Cloreto De Potassio, Cloreto De Magnesio",Baxter Hospitalar Ltda
Plasmaistar,Especifico,Reposicao Hidroeletrolitica E Alimentacao Parenteral,"Cloreto De Sodio, Gliconato De Sodio, Acetato De Sodio Trihidratado, Cloreto De Potassio, Cloreto De Magnesio Hexaidratado",Halex Istar Industria Farmaceutica Sa
Jp Glicofisiologico,Especifico,Reposicao Hidroeletrolitica E Alimentacao Parenteral,"Cloreto De Sodio, Glicose",Jp Industria Farmaceutica S/A
Solucao De Glicose,Especifico,Reposicao Hidroeletrolitica E Alimentacao Parenteral,"Dextrose Anidra, Glicose",Equiplex Industria Farmaceutica Ltda
Gliconato De Calcio,Especifico,Reposicao Hidroeletrolitica E Alimentacao Parenteral,Gliconato De Calcio,Blau Farmaceutica S.A.
Gliconato De Calcio 10%,Especifico,Reposicao Hidroeletrolitica E Alimentacao Parenteral,Gliconato De Calcio,Halex Istar Industria Farmaceutica Sa
Baxter Glicose,Especifico,Reposicao Hidroeletrolitica E Alimentacao Parenteral,Glicose,Baxter Hospitalar Ltda
Farmace-Glicose 5% Solucao Isotonica,Especifico,Reposicao Hidroeletrolitica E Alimentacao Parenteral,Glicose,Farmace Industria Quimico-Farmaceutica Cearense Ltda
Farmace-Glicose,Especifico,Reposicao Hidroeletrolitica E Alimentacao Parenteral,Glicose Anidra,Farmace Industria Quimico-Farmaceutica Cearense Ltda
Glicose,Especifico,Reposicao Hidroeletrolitica E Alimentacao Parenteral,Glicose Anidra,
Cloreto De Sodio + Glicose,Especifico,Reposicao Hidroeletrolitica E Alimentacao Parenteral,"Glicose Anidra, Cloreto De Sodio",
"Cloreto De Sodio 0,9% + Glicose 5%",Especifico,Reposicao Hidroeletrolitica E Alimentacao Parenteral,"Glicose Anidra, Cloreto De Sodio",Aurantis Industria Farmaceutica Ltda
"Glicose 5% + Cloreto De Sodio 0,9%",Especifico,Reposicao Hidroeletrolitica E Alimentacao Parenteral,"Glicose Anidra, Cloreto De Sodio",Copermed Comercial Importadora Ltda
Solucao Glicofisiologica,Especifico,Reposicao Hidroeletrolitica E Alimentacao Parenteral,"Glicose Anidra, Cloreto De Sodio",Equiplex Industria Farmaceutica Ltda
Glicose + Cloreto De Sodio Farmace,Especifico,Reposicao Hidroeletrolitica E Alimentacao Parenteral,"Glicose, Cloreto De Sodio",Farmace Industria Quimico-Farmaceutica Cearense Ltda
Solucao Glicofisiologica,Especifico,Reposicao Hidroeletrolitica E Alimentacao Parenteral,"Glicose, Cloreto De Sodio",Baxter Hospitalar Ltda
Solucao Glicofisiologica Beker,Especifico,Reposicao Hidroeletrolitica E Alimentacao Parenteral,"Glicose, Cloreto De Sodio",Beker Produtos Farmaco Hospitalares Ltda
Solucao De Manitol Equiplex,Especifico,Reposicao Hidroeletrolitica E Alimentacao Parenteral,Manitol,Equiplex Industria Farmaceutica Ltda
Gelol,Especifico,Rubefacientes,"Salicilato De Metila, Canfora, Mentol, Levomentol, Borneol, Timol",Cosmed Industria De Cosmeticos E Medicamentos S.A.
Cloreto De Sodio,Especifico,Solucoes Isosmoticas Salinas Simples,Cloreto De Sodio,
"Cloreto De Sodio 0,9%",Especifico,Solucoes Isosmoticas Salinas Simples,Cloreto De Sodio,
Cloreto De Sodio Beker,Especifico,Solucoes Isosmoticas Salinas Simples,Cloreto De Sodio,Beker Produtos Farmaco Hospitalares Ltda
Peritosteril,Especifico,Solucoes Para Dialise Peritonial,"Cloreto, Cloreto De Calcio 2H2O, Cloreto De Sodio, Cloreto De Sodio Usp, Lactato De Sodio, Cloreto De Calcio, Cloreto De Calcio Di-Hidratado, Cloreto De Magnesio, Cloreto De Magnesio Hexaidratado, Glicose Monoidratada, Cloreto De Calcio Diidratado, Glicose Anidra, Glicose Monohidratada",Fresenius Medical Care Ltda
Dianeal Pd-2,Especifico,Solucoes Para Dialise Peritonial,"Glicose Monoidratada, Cloreto De Sodio, Lactato De Sodio, Cloreto De Calcio Di-Hidratado, Cloreto De Calcio Diidratado, Cloreto De Magnesio Hexaidratado",Baxter Hospitalar Ltda
Solucao Para Dialise Peritonial Com Glicose,Especifico,Solucoes Para Dialise Peritonial,"Glicose, Lactato De Sodio, Cloreto De Sodio, Cloreto De Calcio Diidratado, Cloreto De Magnesio Hexaidratado",Beker Produtos Farmaco Hospitalares Ltda
Extraneal,Especifico,Solucoes Para Dialise Peritonial,"Icodextrina, Cloreto De Sodio, Lactato De Sodio, Cloreto De Calcio Diidratado, Cloreto De Magnesio Hexaidratado",Baxter Hospitalar Ltda
Sele-Vita,Especifico,Solucoes Para Nutricao Parenteral,Selenio,Inpharma Laboratorios Ltda
"Acetato De Zinco 0,5 Meq/Ml",Especifico,Solucoes Que Ajustam O Balanco Eletrolitico,Acetato De Zinco,Vasconcelos Industria Farmaceutica E Comercio Ltda
Cloreto De Sodio Jp Fisiologico,Especifico,Solucoes Que Ajustam O Balanco Eletrolitico,Cloreto De Sodio,Jp Industria Farmaceutica S/A
Solluid,Especifico,Solucoes Que Ajustam O Balanco Eletrolitico,"Cloreto De Sodio, Gliconato De Sodio, Acetato De Sodio Tri-Hidratado , Cloreto De Potassio, Cloreto De Magnesio Hexaidratado",Cristalia Produtos Quimicos Farmaceuticos Ltda.
Oraice,Especifico,Solucoes Salinas,Cloreto De Sodio,Laboratorio De Extratos Alergenicos Ltda
Diluente Bacteriostatico,Especifico,"Solventes E Agentes Diluentes, Incluindo Solucoes Para Irrigacao",Alcool Benzilico,Laboratorio Quimico Farmaceutico Bergamo Ltda
Gelafundin,Especifico,Substitutos Do Plasma E Expansores Plasmaticos,"Gelatina, Succinilgelatina",Laboratorios B. Braun S/A
Plasmin,Especifico,Substitutos Do Plasma E Expansores Plasmaticos,Hidroxietilamido,Halex Istar Industria Farmaceutica Sa
Voluven 6%,Especifico,Substitutos Do Plasma E Expansores Plasmaticos,Hidroxietilamido,Fresenius Kabi Brasil Ltda
Istarhes,Especifico,Substitutos Do Plasma E Expansores Plasmaticos,"Hidroxietilamido, Cloreto De Sodio, Cloreto De Potassio, Cloreto De Calcio Diidratado, Cloreto De Magnesio Hexaidratado, Acetato De Sodio Triidratado",Halex Istar Industria Farmaceutica Sa
Vick Vaporub,Especifico,Unguentos Percutaneos E Inalantes,"Levomentol, Canfora, Eucalipto",Procter & Gamble Do Brasil Ltda.
Mentalol,Especifico,Unguentos Percutaneos E Inalantes,"Mentol, Canfora, Eucalipto",1Farma Industria Farmaceutica Ltda
Yomax,Especifico,Vasodilatadores Perifericos,Cloridrato De Ioimbina,Apsen Farmaceutica S/A
Hipovit B,Especifico,Vitamina B1 (Monodroga),Cloridrato De Tiamina,Hipolabor Farmaceutica Ltda
Tipici,Especifico,Vitamina B1 Em Associacao Com Vitaminas B6 E/Ou B12,"Cloridrato De Tiamina, Cloridrato De Piridoxina, Cianocobalamina",Laboratorio Teuto Brasileiro S/A
Dozemast Trio,Especifico,Vitamina B1 Em Associacao Com Vitaminas B6 E/Ou B12,"Mecobalamina, Nitrato De Tiamina, Cloridrato De Piridoxina",Marjan Industria E Comercio Ltda
Amicored,Especifico,Vitamina B12 (Cianocobalamina E Analogos),Cianocobalamina,Vasconcelos Industria Farmaceutica E Comercio Ltda
Altad Caps,Especifico,Vitamina D E Analogos,Colecalciferol,Eurofarma Laboratorios S.A.
Decole Caps,Especifico,Vitamina D E Analogos,Colecalciferol,Myralis Industria Farmaceutica Ltda
Deforce,Especifico,Vitamina D E Analogos,Colecalciferol,Zydus Nikkho Farmaceutica Ltda
Defull,Especifico,Vitamina D E Analogos,Colecalciferol,Brasterapica Pharmaceutica Ltda.
Delumi,Especifico,Vitamina D E Analogos,Colecalciferol,Geolab Industria Farmaceutica S/A
Delux,Especifico,Vitamina D E Analogos,Colecalciferol,1Farma Industria Farmaceutica Ltda
Demi-D,Especifico,Vitamina D E Analogos,Colecalciferol,Farmoquimica S/A
Dphar,Especifico,Vitamina D E Analogos,Colecalciferol,Pharlab Industria Farmaceutica S.A.
Dprev,Especifico,Vitamina D E Analogos,Colecalciferol,Myralis Industria Farmaceutica Ltda
Dprev Caps,Especifico,Vitamina D E Analogos,Colecalciferol,Myralis Industria Farmaceutica Ltda
Dprev Gotas,Especifico,Vitamina D E Analogos,Colecalciferol,Myralis Industria Farmaceutica Ltda
Dviterd3,Especifico,Vitamina D E Analogos,Colecalciferol,Natulab Laboratorio S.A
Dvitta,Especifico,Vitamina D E Analogos,Colecalciferol,Prati Donaduzzi & Cia Ltda
Gran-D,Especifico,Vitamina D E Analogos,Colecalciferol,Cristalia Produtos Quimicos Farmaceuticos Ltda.
Inpruv D,Especifico,Vitamina D E Analogos,Colecalciferol,Apsen Farmaceutica S/A
Invit D3,Especifico,Vitamina D E Analogos,Colecalciferol,Laboratorio Tiaraju Alimentos E Cosmeticos S/A
Koli D3,Especifico,Vitamina D E Analogos,Colecalciferol,Ems Sigma Pharma Ltda
Milde,Especifico,Vitamina D E Analogos,Colecalciferol,Laboratorio Gross S. A.
Ohde Caps,Especifico,Vitamina D E Analogos,Colecalciferol,Eurofarma Laboratorios S.A.
Plex-D3 Vitamin,Especifico,Vitamina D E Analogos,Colecalciferol,Kley Hertz Farmaceutica S.A
Sany D,Especifico,Vitamina D E Analogos,Colecalciferol,Ache Laboratorios Farmaceuticos S.A
Sany D Caps,Especifico,Vitamina D E Analogos,Colecalciferol,Ache Laboratorios Farmaceuticos S.A
Sof D,Especifico,Vitamina D E Analogos,Colecalciferol,Abbott Laboratorios Do Brasil Ltda
Tresde,Especifico,Vitamina D E Analogos,Colecalciferol,Althaia S.A. Industria Farmaceutica
Trynde,Especifico,Vitamina D E Analogos,Colecalciferol,Althaia S.A. Industria Farmaceutica
Vit. Bio D,Especifico,Vitamina D E Analogos,Colecalciferol,Ache Laboratorios Farmaceuticos S.A
Vit. D Soleil,Especifico,Vitamina D E Analogos,Colecalciferol,Ache Laboratorios Farmaceuticos S.A
Vit. D Soleil Caps,Especifico,Vitamina D E Analogos,Colecalciferol,Ache Laboratorios Farmaceuticos S.A
Vitamina D,Especifico,Vitamina D E Analogos,Colecalciferol,Myralis Industria Farmaceutica Ltda
Vitamina D Cimed,Especifico,Vitamina D E Analogos,Colecalciferol,Cimed Industria S.A
Vitamina D3,Especifico,Vitamina D E Analogos,Colecalciferol,
Vitdera D3,Especifico,Vitamina D E Analogos,Colecalciferol,Vitamedic Industria Farmaceutica Ltda
Inpruv D K,Especifico,Vitamina K Simples Ou Em Associacoes Medicamentosas,"Colecalciferol, Menaeptenona",Apsen Farmaceutica S/A
Eskavit,Especifico,Vitamina K Simples Ou Em Associacoes Medicamentosas,Fitomenadiona,Hipolabor Farmaceutica Ltda
Kavit,Especifico,Vitamina K Simples Ou Em Associacoes Medicamentosas,Fitomenadiona,Cristalia Produtos Quimicos Farmaceuticos Ltda.
Vikatron,Especifico,Vitamina K Simples Ou Em Associacoes Medicamentosas,Fitomenadiona,Blau Farmaceutica S.A.
Aspargil C,Especifico,Vitaminas,"Acido Ascorbico, Aspartato De Arginina",Cifarma Cientifica Farmaceutica Ltda
Vitamina C Injetavel,Especifico,Vitaminas E Suplementos Minerais,Acido Ascorbico,Farmace Industria Quimico-Farmaceutica Cearense Ltda
Vitergyl Zinco,Especifico,Vitaminas E Suplementos Minerais,"Acido Ascorbico, Gliconato De Zinco",Cifarma Cientifica Farmaceutica Ltda
Reforgan,Especifico,Vitaminas E Suplementos Minerais,Aspartato De L-Arginina,Zydus Nikkho Farmaceutica Ltda
Acesyl,Especifico,Vitaminas E Suplementos Minerais,Cloridrato De Tiamina,Vasconcelos Industria Farmaceutica E Comercio Ltda
Beneum,Especifico,Vitaminas E Suplementos Minerais,Cloridrato De Tiamina,Laboratorio Teuto Brasileiro S/A
Ferripolimaltose,Especifico,Vitaminas E Suplementos Minerais,Ferripolimaltose,Myralis Industria Farmaceutica Ltda
Far-Manguinhos Vitamina A,Especifico,Vitaminas E Suplementos Minerais,Palmitato De Retinol,Fundacao Oswaldo Cruz
Uni-Z,Especifico,Vitaminas E Suplementos Minerais,Sulfato De Zinco Heptaidratado,Myralis Industria Farmaceutica Ltda
Unizinco,Especifico,Vitaminas E Suplementos Minerais,Sulfato De Zinco Heptaidratado,Myralis Industria Farmaceutica Ltda
Gaballon,Especifico,Vitaminas Ou Minerais Associados A Outros Farmacos,"Acido Gamaminobutirico, Cloridrato De Lisina, Cloridrato De Tiamina, Cloridrato De Piridoxina, Pantotenato De Calcio",Zydus Nikkho Farmaceutica Ltda
Camomilina C,Especifico,Vitaminas Ou Minerais Associados A Outros Farmacos,"Matricaria Chamomilla L., Glycyrrhiza Glabra L., Acido Ascorbico, Colecalciferol",Theraskin Farmaceutica Ltda.
Neo Cebetil Complexo,Especifico,Vitaminas Ou Minerais Associados A Outros Farmacos,"Nicotinamida, Cloridrato De Piridoxina, Fosfato Sodico De Riboflavina, Cianocobalamina, Acido Ascorbico, Frutose",Uniao Quimica Farmaceutica Nacional S/A
Mature,Especifico,Vitaminas Ou Minerais Associados A Outros Farmacos,"Panax Ginseng C. A. Mey., Acetato De Retinol, Nitrato De Tiamina, Riboflavina, Nicotinamida, Cloridrato De Piridoxina, Cianocobalamina, Acido Ascorbico, Colecalciferol, Acetato De Racealfatocoferol, Biotina, Pantotenato De Calcio, Ferro, Fluoreto, Iodo, Manganes, Potassio, Rutosideo",Mabra Farmaceutica Ltda
Natus Gerin,Especifico,Vitaminas Ou Minerais Associados A Outros Farmacos,"Panax Ginseng C. A. Mey., Tiamina, Riboflavina, Cloridrato De Piridoxina, Cianocobalamina, Palmitato De Retinol, Acido Ascorbico, Acetato De Tocoferol, Sulfato Ferroso, Fosfato De Calcio Dibasico, Pantotenato De Calcio, Bitartarato De Colina, Nicotinamida, Inositol, Levometionina, Adenosina, Biotina, Acido Folico",Legrand Pharma Industria Farmaceutica Ltda
Gerilon,Especifico,Vitaminas Ou Minerais Associados A Outros Farmacos,"Panax Ginseng, Acetato De Retinol, Nitrato De Tiamina, Riboflavina, Nicotinamida, Cloridrato De Piridoxina, Cianocobalamina, Acido Ascorbico, Colecalciferol, Acetato De Racealfatocoferol, Biotina, Pantotenato De Calcio, Ferro, Fluoreto, Iodo, Manganes, Potassio, Rutosideo",Cifarma Cientifica Farmaceutica Ltda
Epocler,Especifico,Outros Produtos Para O Aparelho Digestivo E Metabolismo,"Betaina Monoidratada, Citrato De Colina, Acetilracemetionina",Cosmed Industria De Cosmeticos E Medicamentos S.A.
Nesh Calcio,Especifico,Farmacos Para O Tratamento Da Hipercalemia E Hiperfosfatemia,Carbonato De Calcio,Nunesfarma Produtos Farmaceuticos Ltda
Nasojet 3H,Especifico,Solucoes Isosmoticas Salinas Simples,Cloreto De Sodio,Natulab Laboratorio S.A
Diovases,Especifico,Antivaricosos De Acao Sistemica,"Diosmina, Flavonoides Expressos Em Hesperidina, Hesperidina",Ems S/A
Passare,Especifico,Antivaricosos De Acao Sistemica,"Diosmina, Flavonoides Expressos Em Hesperidina, Hesperidina",Ems S/A
Vevaso,Especifico,Antivaricosos De Acao Sistemica,"Diosmina, Flavonoides Expressos Em Hesperidina, Hesperidina",Multilab Industria E Comercio De Produtos Farmaceuticos Ltda
Epadio,Especifico,,Esteres Etilicos De Acidos Graxos Omega-3,Laboratorio Tiaraju Alimentos E Cosmeticos S/A
Nenfy,Especifico,Antianemicos Simples,Ferripolimaltose,Laboratorio Teuto Brasileiro S/A
Hyvit K,Especifico,Vitamina K Simples Ou Em Associacoes Medicamentosas,Fitomenadiona,Hypofarma - Instituto De Hypodermia E Farmacia Ltda
Myra-K7,Especifico,Medicamentos Afetando A Estrutura Ossea E Mineralizacao,Menaeptenona,Myralis Industria Farmaceutica Ltda
Pepto-Bismol,Especifico,,Salicilato De Bismuto Monobasico,Procter & Gamble Do Brasil Ltda.
Salonpas Adesivo,Especifico,,"Salicilato De Metila, Levomentol, Canfora",Hisamitsu Farmaceutica Do Brasil Ltda
Sal De Andrews,Especifico,,"Sulfato De Magnesio, Acido Citrico Anidro, Bicarbonato De Sodio",Pf Consumer Healthcare Brazil Importadora E Distribuidora De Me
Sal De Sonrisal,Especifico,,"Sulfato De Magnesio, Acido Citrico Anidro, Bicarbonato De Sodio",Pf Consumer Healthcare Brazil Importadora E Distribuidora De Me
Artroflan,Fitoterapico,Agentes Antiinflamatorios/Antireumaticos Em Associacao,Harpagophytum Procumbens Dc. Ex Meissn.,Cosmed Industria De Cosmeticos E Medicamentos S.A.
Calmantina,Fitoterapico,Ansioliticos,Passiflora Incarnata L.,Makrofarma Quimica Farmaceutica Ltda
Reparosono,Fitoterapico,Ansioliticos,Passiflora Incarnata L.,Vitamedic Industria Farmaceutica Ltda
Sonotabs,Fitoterapico,Ansioliticos,Valeriana Officinalis L.,Kley Hertz Farmaceutica S.A
Calmalevhy,Fitoterapico,Ansioliticos Simples,Passiflora Incarnata L.,Vidora Farmaceutica Ltda
Calmlive,Fitoterapico,Ansioliticos Simples,Passiflora Incarnata L.,Pharmascience Industria Farmaceutica S.A
Calmphar Pi,Fitoterapico,Ansioliticos Simples,Passiflora Incarnata L.,Pharlab Industria Farmaceutica S.A.
Equilibrisse,Fitoterapico,Ansioliticos Simples,Passiflora Incarnata L.,Brainfarma Industria Quimica E Farmaceutica S.A
Femcalmy,Fitoterapico,Ansioliticos Simples,Passiflora Incarnata L.,Cosmed Industria De Cosmeticos E Medicamentos S.A.
Fiquezen,Fitoterapico,Ansioliticos Simples,Passiflora Incarnata L.,Medquimica Industria Farmaceutica Ltda.
Fitocalm,Fitoterapico,Ansioliticos Simples,Passiflora Incarnata L.,Laboratorio Catarinense Ltda
Maracugina Pi (Passiflora Incarnata L.),Fitoterapico,Ansioliticos Simples,Passiflora Incarnata L.,Cosmed Industria De Cosmeticos E Medicamentos S.A.
Maracugina Pi (Passiflora Incarnata L),Fitoterapico,Ansioliticos Simples,Passiflora Incarnata L.,Cosmed Industria De Cosmeticos E Medicamentos S.A.
Pasalix Pi,Fitoterapico,Ansioliticos Simples,Passiflora Incarnata L.,Marjan Industria E Comercio Ltda
Passiflora Althaia,Fitoterapico,Ansioliticos Simples,Passiflora Incarnata L.,Althaia S.A. Industria Farmaceutica
Passiflora Mcg,Fitoterapico,Ansioliticos Simples,Passiflora Incarnata L.,Mcg Industria Farmaceutica E Importacao Ltda
Passiflora Vidora,Fitoterapico,Ansioliticos Simples,Passiflora Incarnata L.,Vidora Farmaceutica Ltda
Passiflorine Pi,Fitoterapico,Ansioliticos Simples,Passiflora Incarnata L.,Mr Pharma Ltda
Pazine,Fitoterapico,Ansioliticos Simples,Passiflora Incarnata L.,Arese Pharma Ltda.
Prasilence,Fitoterapico,Ansioliticos Simples,Passiflora Incarnata L.,Pharmascience Industria Farmaceutica S.A
Sintocalmy,Fitoterapico,Ansioliticos Simples,Passiflora Incarnata L.,Ache Laboratorios Farmaceuticos S.A
Sominex Pi,Fitoterapico,Ansioliticos Simples,Passiflora Incarnata L.,Ems S/A
Sosseg,Fitoterapico,Ansioliticos Simples,Passiflora Incarnata L.,Cimed Industria S.A
Tensart Pro,Fitoterapico,Ansioliticos Simples,Passiflora Incarnata L.,Myralis Industria Farmaceutica Ltda
Tranquil,Fitoterapico,Ansioliticos Simples,Passiflora Incarnata L.,Laboratorio Globo Sa
Zympalix,Fitoterapico,Ansioliticos Simples,Passiflora Incarnata L.,Althaia S.A. Industria Farmaceutica
Alphaliv,Fitoterapico,Ansioliticos Simples,"Passiflora Incarnata, Passiflora Incarnata L.",Mabra Farmaceutica Ltda
Calmasyn,Fitoterapico,Ansioliticos Simples,"Passiflora Incarnata, Passiflora Incarnata L.",Cifarma Cientifica Farmaceutica Ltda
Maracuja Herbarium,Fitoterapico,Ansioliticos Simples,"Passiflora Incarnata, Passiflora Incarnata L.",Herbarium Laboratorio Botanico Ltda
Valerimed,Fitoterapico,Ansioliticos Simples,Valeriana Officinalis L.,Cimed Industria S.A
Valerinati,Fitoterapico,Ansioliticos Simples,Valeriana Officinalis L.,Pharmascience Industria Farmaceutica S.A
Valsed,Fitoterapico,Ansioliticos Simples,Valeriana Officinalis L.,Cifarma Cientifica Farmaceutica Ltda
Wallery,Fitoterapico,Ansioliticos Simples,Valeriana Officinalis L.,Gallia Industria Farmaceutica Ltda
Maracuja Concentrix,Fitoterapico,Ansioliticos-Associacoes Medicamentosas,"Passiflora Incarnata L., Crataegus Oxyacantha , Salix Alba L.",Legrand Pharma Industria Farmaceutica Ltda
Gastriless,Fitoterapico,Antiacidos,Monteverdia Ilicifolia (Mart. Ex Reissek) Biral,Bionatus Laboratorio Botanico Ltda
Gastrinon,Fitoterapico,Antiacidos E Antiulcerosos,"Maytenus Ilicifolia Mart.Ex.Reiss, Monteverdia Ilicifolia (Mart. Ex Reissek) Biral",Laboratorio Vitalab Ltda
Hyperativ,Fitoterapico,Antidepressivos,Hypericum Perforatum L.,Bionatus Laboratorio Botanico Ltda
Ziclague,Fitoterapico,Antiespasmodicos,Alpinia Zerumbet (Pers.) B.L. Burtt & R.M. Sm.,Infan Industria Quimica Farmaceutica Nacional S/A
Funchicorea,Fitoterapico,Antiespasmodicos,"Chicorium Intybus, Rheum Palmatum L., Anethum Foeniculum L., Cichorium Intybus",Laboratorio Melpoejo
Elixir Paregorico Catarinense,Fitoterapico,Antiespasmodicos,Papaver Somniferum L.,Laboratorio Catarinense Ltda
Theogorico Sobral,Fitoterapico,Antiespasmodicos E Anticolinergicos Gastrintestinais,Atropa Belladonna L.,Theodoro F Sobral & Cia Ltda
Arpatabs,Fitoterapico,Antiinflamatorios E Antireumaticos,Harpagophytum Procumbens Dc. Ex Meissn.,Kley Hertz Farmaceutica S.A
Cordiaflan,Fitoterapico,Antinflamatorios,Cordia Verbenacea Dc.,Ache Laboratorios Farmaceuticos S.A
Flexive Cdm,Fitoterapico,Antinflamatorios,Symphytum Officinale,Procter & Gamble Do Brasil Ltda.
Cumiah,Fitoterapico,Antinflamatorios Antireumaticos,Curcuma Longa L.,Legrand Pharma Industria Farmaceutica Ltda
Motore,Fitoterapico,Antinflamatorios Antireumaticos,"Curcuma Longa L. , Curcuma Longa L.",Ache Laboratorios Farmaceuticos S.A
Arpynflan,Fitoterapico,Antinflamatorios Antireumaticos,Harpagophytum Procumbens Dc. Ex Meissn.,Natulab Laboratorio S.A
Permear,Fitoterapico,Antinflamatorios Antireumaticos,Harpagophytum Procumbens Dc. Ex Meissn.,Marjan Industria E Comercio Ltda
Tismo,Fitoterapico,Antinflamatorios Antireumaticos,Harpagophytum Procumbens Dc. Ex Meissn.,Legrand Pharma Industria Farmaceutica Ltda
Phytocran,Fitoterapico,Antissepticos Urinarios Simples,Vaccinium Macrocarpon Aiton,Herbarium Laboratorio Botanico Ltda
Decontosse,Fitoterapico,Antitussigenos Simples,Althaea Officinalis L.,Ache Laboratorios Farmaceuticos S.A
Espinheira Santa Herbarium,Fitoterapico,Antiulcerosos,Monteverdia Ilicifolia (Mart. Ex Reissek) Biral,Herbarium Laboratorio Botanico Ltda
Castanha Da India Althaia,Fitoterapico,Antivaricosos De Acao Sistemica,Aesculus Hippocastanum L.,Althaia S.A. Industria Farmaceutica
Castanha Da India Globo,Fitoterapico,Antivaricosos De Acao Sistemica,Aesculus Hippocastanum L.,Laboratorio Globo Sa
Fluxoliv,Fitoterapico,Antivaricosos De Acao Sistemica,Aesculus Hippocastanum L.,Airela Industria Farmaceutica Ltda.
Varicaps Ah,Fitoterapico,Antivaricosos De Acao Sistemica,Aesculus Hippocastanum L.,Kley Hertz Farmaceutica S.A
Varicell,Fitoterapico,Antivaricosos De Acao Sistemica,Aesculus Hippocastanum L.,Farmoquimica S/A
Venocel,Fitoterapico,Antivaricosos De Acao Sistemica,Aesculus Hippocastanum L.,Cifarma Cientifica Farmaceutica Ltda
Fitovein Flux,Fitoterapico,Antivaricosos De Acao Sistemica,Extrato Seco De Aesculus Hippocastanum L.,Laboratorio Catarinense Ltda
Flenus,Fitoterapico,Antivaricosos De Acao Sistemica,Melilotus Officinalis (L.) Pall.,Arese Pharma Ltda.
Vecasten,Fitoterapico,Antivaricosos De Acao Sistemica,Melilotus Officinalis (L.) Pall.,Marjan Industria E Comercio Ltda
Flebliv,Fitoterapico,Antivaricosos De Acao Sistemica,Pinus Pinaster Aiton,Natulab Laboratorio S.A
Flebon,Fitoterapico,Antivaricosos De Acao Sistemica,Pinus Pinaster Aiton,Farmoquimica S/A
Buona,Fitoterapico,Coadjuvante No Tratamento Do Climaterio,Glycine Max (L.) Merr.,Eurofarma Laboratorios S.A.
Isoflavine,Fitoterapico,Coadjuvante No Tratamento Do Climaterio,Glycine Max (L.) Merr.,Herbarium Laboratorio Botanico Ltda
Isovit,Fitoterapico,Coadjuvante No Tratamento Do Climaterio,Glycine Max (L.) Merr.,Airela Industria Farmaceutica Ltda.
Climatrix,Fitoterapico,Coadjuvante No Tratamento Do Climaterio,Trifolium Pratense L.,Myralis Industria Farmaceutica Ltda
Minel,Fitoterapico,Coadjuvante No Tratamento Do Climaterio,Trifolium Pratense L.,Arese Pharma Ltda.
Promensil,Fitoterapico,Coadjuvante No Tratamento Do Climaterio,Trifolium Pratense L.,Farmoquimica S/A
Alcachofra Aspen Pharma,Fitoterapico,Colagogos E Colereticos,Cynara Scolymus L.,Aspen Pharma Industria Farmaceutica Ltda
Alcachofra Multilab,Fitoterapico,Colagogos E Colereticos,Cynara Scolymus L.,Multilab Industria E Comercio De Produtos Farmaceuticos Ltda
Alcachofra Vidora,Fitoterapico,Colagogos E Colereticos,Cynara Scolymus L.,Vidora Farmaceutica Ltda
Alcachofra Vitamedic,Fitoterapico,Colagogos E Colereticos,Cynara Scolymus L.,Vitamedic Industria Farmaceutica Ltda
Alcachofrax,Fitoterapico,Colagogos E Colereticos,Cynara Scolymus L.,Laboratorio Catarinense Ltda
Chophytol,Fitoterapico,Colagogos E Colereticos,Cynara Scolymus L.,Mr Pharma Ltda
Scolydrin,Fitoterapico,Colagogos E Colereticos,Cynara Scolymus L.,Ems S/A
Boldo Klein,Fitoterapico,Colagogos E Colereticos,Peumus Boldus Molina,Vidora Farmaceutica Ltda
Hepatilon,Fitoterapico,Colagogos E Colereticos,Peumus Boldus Molina,Kley Hertz Farmaceutica S.A
Cardomarin,Fitoterapico,"Colagogos, Colereticos E Hepatoprotetores",Silybum Marianum (L.) Gaertn,Natulab Laboratorio S.A
Figazyd,Fitoterapico,"Colagogos, Colereticos E Hepatoprotetores",Silybum Marianum (L.) Gaertn,Zydus Nikkho Farmaceutica Ltda
Silibom,Fitoterapico,"Colagogos, Colereticos E Hepatoprotetores",Silybum Marianum (L.) Gaertn,Brainfarma Industria Quimica E Farmaceutica S.A
Silimalon Liv,Fitoterapico,"Colagogos, Colereticos E Hepatoprotetores",Silybum Marianum (L.) Gaertn,Zydus Nikkho Farmaceutica Ltda
Steaton,Fitoterapico,"Colagogos, Colereticos E Hepatoprotetores",Silybum Marianum (L.) Gaertn,Ache Laboratorios Farmaceuticos S.A
Olina Essencia De Vida,Fitoterapico,Digestivos-Associacoes Medicamentosas,"Aloe Ferox Mill., Angelica Archangelica L., Gentiana Lutea L., Commyphora Myrrha, Rheum Palmatum L., Gentiana Lutea, Cinnamomum Zeylanicum Ness.",Laboratorio Wesp Ltda
Expulsatox,Fitoterapico,Expectorantes,Hedera Helix L.,Brasterapica Pharmaceutica Ltda.
Gripalcefito,Fitoterapico,Expectorantes,Hedera Helix L.,Brasterapica Pharmaceutica Ltda.
Hedera 1Farma,Fitoterapico,Expectorantes,Hedera Helix L.,1Farma Industria Farmaceutica Ltda
Hedera Catarinense,Fitoterapico,Expectorantes,Hedera Helix L.,Laboratorio Catarinense Ltda
Hedera Cimed,Fitoterapico,Expectorantes,Hedera Helix L.,Cimed Industria S.A
Hedera Helix Vitamedic,Fitoterapico,Expectorantes,Hedera Helix L.,Vitamedic Industria Farmaceutica Ltda
Hedera Herbarium,Fitoterapico,Expectorantes,Hedera Helix L.,Laboratorio Catarinense Ltda
Hedera Teuto,Fitoterapico,Expectorantes,Hedera Helix L.,Laboratorio Teuto Brasileiro S/A
Hederaflux,Fitoterapico,Expectorantes,Hedera Helix L.,Kley Hertz Farmaceutica S.A
Hederax,Fitoterapico,Expectorantes,Hedera Helix L.,Arese Pharma Ltda.
Phitoss,Fitoterapico,Expectorantes,Hedera Helix L.,Brasterapica Pharmaceutica Ltda.
Resfefito,Fitoterapico,Expectorantes,Hedera Helix L.,Kley Hertz Farmaceutica S.A
Salvotux,Fitoterapico,Expectorantes,Hedera Helix L.,Gallia Industria Farmaceutica Ltda
Biotoss,Fitoterapico,Expectorantes,Mikania Glomerata Spreng.,Bionatus Laboratorio Botanico Ltda
Guaco Edulito Herbarium,Fitoterapico,Expectorantes,Mikania Glomerata Spreng.,Herbarium Laboratorio Botanico Ltda
Guaco Vitamedic,Fitoterapico,Expectorantes,Mikania Glomerata Spreng.,Vitamedic Industria Farmaceutica Ltda
Guacoflus,Fitoterapico,Expectorantes,Mikania Glomerata Spreng.,Airela Industria Farmaceutica Ltda.
Guacotoss,Fitoterapico,Expectorantes,Mikania Glomerata Spreng.,Ifal Industria E Comercio De Produtos Farmac Ltda
Guakoexpec,Fitoterapico,Expectorantes,Mikania Glomerata Spreng.,Vitamedic Industria Farmaceutica Ltda
Peitoral Martel,Fitoterapico,Expectorantes,Mikania Glomerata Spreng.,Kley Hertz Farmaceutica S.A
Blumel Hedera,Fitoterapico,Expectorantes Simples,"Hedera Helix (Hera), Hedera Helix L.",Brainfarma Industria Quimica E Farmaceutica S.A
Fluijet,Fitoterapico,Expectorantes Simples,Hedera Helix L.,Myralis Industria Farmaceutica Ltda
Liberaflux,Fitoterapico,Expectorantes Simples,Hedera Helix L.,Ache Laboratorios Farmaceuticos S.A
Xarope Benetosse,Fitoterapico,Expectorantes Simples,Hedera Helix L.,Cosmed Industria De Cosmeticos E Medicamentos S.A.
Livtos,Fitoterapico,Expectorantes Simples,Mikania Glomerata Spreng.,Vidora Farmaceutica Ltda
Agua Inglesa Catarinense,Fitoterapico,Fitoterapico Composto,Cinchona Calisaya Wedd.,Laboratorio Catarinense Ltda
Balsamo Branco,Fitoterapico,Fitoterapico Composto,"Cinnamomum Verum J. Presl, Syzygium Aromaticum (L.) Merr. & L.M. Perry",Laboratorio Catarinense Ltda
Calman,Fitoterapico,Fitoterapico Composto,"Crataegus Rhipidophylla Gand., Passiflora Incarnata L., Salix Alba L.",Aspen Pharma Industria Farmaceutica Ltda
Guacovita,Fitoterapico,Fitoterapico Composto,"Nasturtium Officinale R.Br., Mikania Glomerata Spreng., Polygala Senega L., Myroxylon Balsamum (L.) Harms, Cephaelis Ipecacuanha (Brot.) A. Rich, Aconitum Napellus L.",Laboratorio Vitalab Ltda
Pasalix,Fitoterapico,Fitoterapico Composto,"Passiflora Incarnata L., Salix Alba L., Crataegus Rhipidophylla Gand.",Marjan Industria E Comercio Ltda
Castanha Da India Mcg,Fitoterapico,Fitoterapico Simples,Aesculus Hippocastanum L.,Mcg Industria Farmaceutica E Importacao Ltda
Varisbem,Fitoterapico,Fitoterapico Simples,Aesculus Hippocastanum L.,Vidora Farmaceutica Ltda
Urocist,Fitoterapico,Fitoterapico Simples,Arctostaphylos Uva-Ursi (L.) Spreng.,Natulab Laboratorio S.A
Eucaprol,Fitoterapico,Fitoterapico Simples,Eucalyptus Globulus Labill.,Apis Flora Industrial  E Comercial Ltda
Topslim,Fitoterapico,Fitoterapico Simples,Garcinia Cambogia Desr.,Marjan Industria E Comercio Ltda
Ginkgo Vital,Fitoterapico,Fitoterapico Simples,Ginkgo Biloba L.,Prati Donaduzzi & Cia Ltda
Ginkobonin,Fitoterapico,Fitoterapico Simples,Ginkgo Biloba L.,Uniao Quimica Farmaceutica Nacional S/A
Ginkotab,Fitoterapico,Fitoterapico Simples,Ginkgo Biloba L.,Brainfarma Industria Quimica E Farmaceutica S.A
Gino-Menopausa,Fitoterapico,Fitoterapico Simples,Glycine Max (L.) Merr.,Bayer S.A.
Hizofito,Fitoterapico,Fitoterapico Simples,Glycine Max (L.) Merr.,Infan Industria Quimica Farmaceutica Nacional S/A
Isoclim,Fitoterapico,Fitoterapico Simples,Glycine Max (L.) Merr.,Bionatus Laboratorio Botanico Ltda
Menop,Fitoterapico,Fitoterapico Simples,Glycine Max (L.) Merr.,Myralis Industria Farmaceutica Ltda
Pausefemme,Fitoterapico,Fitoterapico Simples,Glycine Max (L.) Merr.,Natulab Laboratorio S.A
Resplix,Fitoterapico,Fitoterapico Simples,Hedera Helix L.,Medquimica Industria Farmaceutica Ltda.
Hiperico Herbarium,Fitoterapico,Fitoterapico Simples,Hypericum Perforatum L.,Herbarium Laboratorio Botanico Ltda
Hyperinat,Fitoterapico,Fitoterapico Simples,Hypericum Perforatum L.,Pharmascience Industria Farmaceutica S.A
Triativ,Fitoterapico,Fitoterapico Simples,Hypericum Perforatum L.,Myralis Industria Farmaceutica Ltda
Melissa Legrand,Fitoterapico,Fitoterapico Simples,Melissa Officinalis L.,Legrand Pharma Industria Farmaceutica Ltda
Tintura De Melissa Yanten,Fitoterapico,Fitoterapico Simples,Melissa Officinalis L.,Laboratorio Yanten Ltda
Apaxy,Fitoterapico,Fitoterapico Simples,Passiflora Incarnata L.,Geolab Industria Farmaceutica S/A
Passiflora Airela,Fitoterapico,Fitoterapico Simples,Passiflora Incarnata L.,Airela Industria Farmaceutica Ltda.
Heblax,Fitoterapico,Fitoterapico Simples,Rhamnus Purshiana Dc.,Infan Industria Quimica Farmaceutica Nacional S/A
Arnica Do Mato Ec,Fitoterapico,Fitoterapico Simples,Solidago Microglossa Dc.,As Ervas Curam Industria Farmaceutica Ltda
Valessone,Fitoterapico,Fitoterapico Simples,Valeriana Officinalis L.,Natulab Laboratorio S.A
Valyanne,Fitoterapico,Fitoterapico Simples,Valeriana Officinalis L.,Geolab Industria Farmaceutica S/A
Serenus,Fitoterapico,Fitoterapicos Associados,"Crataegus Rhipidophylla Gand., Passiflora Incarnata L., Salix Alba L.",Biolab Sanus Farmaceutica Ltda
Epatocardin,Fitoterapico,Hepatoprotetores E Lipotropicos,Silybum Marianum (L.) Gaertn,Ems S/A
Forfig,Fitoterapico,Hepatoprotetores E Lipotropicos,Silybum Marianum (L.) Gaertn,Eurofarma Laboratorios S.A.
Nufig,Fitoterapico,Hepatoprotetores E Lipotropicos,Silybum Marianum (L.) Gaertn,Geolab Industria Farmaceutica S/A
Protefigan Sm,Fitoterapico,Hepatoprotetores E Lipotropicos,Silybum Marianum (L.) Gaertn,Kley Hertz Farmaceutica S.A
Vitamagris,Fitoterapico,Iodoterapia,Fucus Vesiculosus L.,Laboratorio Vitalab Ltda
Cascara Sagrada Bionatus,Fitoterapico,Laxantes,Frangula Purshiana (Dc.) A. Gray,Bionatus Laboratorio Botanico Ltda
Cascara Sagrada Herbarium,Fitoterapico,Laxantes,Frangula Purshiana (Dc.) A. Gray,Herbarium Laboratorio Botanico Ltda
Seneflora,Fitoterapico,Laxantes,Senna Alexandrina Mill.,Kley Hertz Farmaceutica S.A
Sennalax,Fitoterapico,Laxantes,Senna Alexandrina Mill.,Cazi Quimica Farmaceutica Industria E Comercio Ltda
Senne Brasterapica,Fitoterapico,Laxantes,Senna Alexandrina Mill.,Brasterapica Pharmaceutica Ltda.
Tamarine,Fitoterapico,Laxantes,"Senna Alexandrina Mill., Cassia Fistula, Cassia Fistula L., Cassia Fistula",Cosmed Industria De Cosmeticos E Medicamentos S.A.
Metamucil,Fitoterapico,Laxantes Incrementadores Do Bolo Intestinal,Plantago Ovata Forssk.,Procter & Gamble Do Brasil Ltda.
Plantaben,Fitoterapico,Laxantes Incrementadores Do Bolo Intestinal,Plantago Ovata Forssk.,Viatris Farmaceutica Do Brasil Ltda
Agiolax,Fitoterapico,Laxantes Incrementadores Do Bolo Intestinal,"Plantago Ovata Forssk., Senna Alexandrina Mill.",Viatris Farmaceutica Do Brasil Ltda
Senareti,Fitoterapico,Laxantes Incrementadores Do Bolo Intestinal,Senna Alexandrina Mill.,Brainfarma Industria Quimica E Farmaceutica S.A
Pilulas De Erva De Bicho Compostas Imescard,Fitoterapico,Laxantes Irritantes Ou Estimulantes,"Aloe Ferox Mill., Cephaelis Ipecacuanha (Brot.) A. Rich, Atropa Belladonna L., Persicaria Hydropiper (L.) Delarbre",Laboratorios Osorio De Moraes Ltda
Plantare,Fitoterapico,Laxantes Suavizadores Ou Emolientes,Plantago Ovata Forssk.,Legrand Pharma Industria Farmaceutica Ltda
Vigor Natus,Fitoterapico,Neuropsicoestimulantes,Panax Ginseng C. A. Mey.,Airela Industria Farmaceutica Ltda.
Petamig,Fitoterapico,Outras Preparacoes Antienxaqueca,"Petasites Hybridus (L.) P. Gaertn., B. Mey. & Scherb.",Herbarium Laboratorio Botanico Ltda
Finest Eg,Fitoterapico,Outros Prods  Nao Enquadrados Em Classe Terapeutica Especif,Panax Ginseng C. A. Mey.,Pharmascience Industria Farmaceutica S.A
Sanprost,Fitoterapico,Outros Produtos Com Acao No Trato Urinario,Serenoa Repens (W. Bartram) Small,Infan Industria Quimica Farmaceutica Nacional S/A
Tintura De Espinheira Divina Composta,Fitoterapico,Outros Produtos Para O Aparelho Digestivo E Metabolismo,"Maytenus Ilicifolia Mart.Ex.Reiss, Monteverdia Ilicifolia (Mart. Ex Reissek) Biral, Jateorhiza Palmata (Lam.) Miers",Vidora Farmaceutica Ltda
Litane,Fitoterapico,Outros Produtos Para O Aparelho Respiratorio,Pelargonium Sidoides Dc.,Myralis Industria Farmaceutica Ltda
Aplause,Fitoterapico,Outros Produtos Para Uso Em Ginecologia E Obstetricia,Actaea Racemosa L.,Marjan Industria E Comercio Ltda
Canephron,Fitoterapico,Outros Produtos Urologicos,"Centaurium Erythraea Rafn, Levisticum Officinale W.D.J.Koch, Rosmarinus Officinalis L.",Bionorica Do Brasil Distribuicao E Importacao Ltda
Herba-Sek,Fitoterapico,Outros Supressores Da Tosse,Extrato Da Raiz De Althaea Officinalis,Herbarium Laboratorio Botanico Ltda
Blugrip Pelargonium,Fitoterapico,Produto P.Terapia Sintomatica Da Gripe,Pelargonium Sidoides Dc.,Brainfarma Industria Quimica E Farmaceutica S.A
Imunotrat Pelargonium,Fitoterapico,Produto P.Terapia Sintomatica Da Gripe,Pelargonium Sidoides Dc.,Kley Hertz Farmaceutica S.A
Ellura,Fitoterapico,Produtos Para Vias Urinarias,Vaccinium Macrocarpon Aiton,Biolab Sanus Farmaceutica Ltda
Helioral,Fitoterapico,"Protecao, Aparencia E Cicatrizacao Da Pele E Mucosas",Polypodium Leucatomos Poir.,Farmoquimica S/A
Inthos,Fitoterapico,"Protecao, Aparencia E Cicatrizacao Da Pele E Mucosas",Polypodium Leucatomos Poir.,Farmoquimica S/A
Bioseng,Fitoterapico,Psicoanaleticos,Panax Ginseng C. A. Mey.,Natulab Laboratorio S.A
Equitam,Fitoterapico,Vasodilatadores,Ginkgo Biloba L.,Eurofarma Laboratorios S.A.
Fitobiloba,Fitoterapico,Vasodilatadores,Ginkgo Biloba L.,Geolab Industria Farmaceutica S/A
Ginkgo Biloba Mcg,Fitoterapico,Vasodilatadores,Ginkgo Biloba L.,Mcg Industria Farmaceutica E Importacao Ltda
Ginkgo Vidora,Fitoterapico,Vasodilatadores,Ginkgo Biloba L.,Vidora Farmaceutica Ltda
Ginkocaps,Fitoterapico,Vasodilatadores,Ginkgo Biloba L.,Kley Hertz Farmaceutica S.A
Tebonin,Fitoterapico,Vasodilatadores,Ginkgo Biloba L.,Herbarium Laboratorio Botanico Ltda
Bioginkgo Bionatus,Fitoterapico,Vasodilatadores Cerebrais,Ginkgo Biloba L.,Bionatus Laboratorio Botanico Ltda
Ginkgo Biloba Laboratorios Osorio De Moraes,Fitoterapico,Vasodilatadores Cerebrais,Ginkgo Biloba L.,Laboratorios Osorio De Moraes Ltda
Clifemin,Fitoterapico,Fitoterapico,Actaea Racemosa L.,Herbarium Laboratorio Botanico Ltda
Tepemen,Fitoterapico,Fitoterapico,Actaea Racemosa L.,Airela Industria Farmaceutica Ltda.
Castanha Da India,Fitoterapico,Fitoterapico,Aesculus Hippocastanum L.,Belfar Ltda
Castanha Da India Atalaia,Fitoterapico,Fitoterapico,Aesculus Hippocastanum L.,Farmabraz Beta Atalaia Farmaceutica Ltda.
Castanha Da India Ec,Fitoterapico,Fitoterapico,Aesculus Hippocastanum L.,As Ervas Curam Industria Farmaceutica Ltda
Castanha Da India Herbarium,Fitoterapico,Fitoterapico,Aesculus Hippocastanum L.,Herbarium Laboratorio Botanico Ltda
Castanha Da India Laboratorios Osorio De Moraes,Fitoterapico,Fitoterapico,Aesculus Hippocastanum L.,Laboratorios Osorio De Moraes Ltda
Plasmove,Fitoterapico,Fitoterapico,Aesculus Hippocastanum L.,Bionatus Laboratorio Botanico Ltda
Proctocaps,Fitoterapico,Fitoterapico,Aesculus Hippocastanum L.,Kley Hertz Farmaceutica S.A
Variless Bionatus,Fitoterapico,Fitoterapico,Aesculus Hippocastanum L.,Bionatus Laboratorio Botanico Ltda
Varinati,Fitoterapico,Fitoterapico,Aesculus Hippocastanum L.,Pharmascience Industria Farmaceutica S.A
Varivax,Fitoterapico,Fitoterapico,Aesculus Hippocastanum L.,Natulab Laboratorio S.A
Varizan Castanha Da India,Fitoterapico,Fitoterapico,Aesculus Hippocastanum L.,Lapon Industria Farmaceutica Ltda - Epp
Vitatrat,Fitoterapico,Fitoterapico,Aesculus Hippocastanum L.,Laboratorio Vitalab Ltda
Bromelin,Fitoterapico,Fitoterapico,Ananas Comosus (L.) Merr.,Infan Industria Quimica Farmaceutica Nacional S/A
Elixir Colico,Fitoterapico,Fitoterapico,Atropa Belladonna L.,Ifal Industria E Comercio De Produtos Farmac Ltda
Cognitus,Fitoterapico,Fitoterapico,Bacopa Monnieri (L.) Wettst.,Herbarium Laboratorio Botanico Ltda
Gamaline V,Fitoterapico,Fitoterapico,Borago Officinalis L.,Herbarium Laboratorio Botanico Ltda
Gamax,Fitoterapico,Fitoterapico,Borago Officinalis L.,Infan Industria Quimica Farmaceutica Nacional S/A
Laxette,Fitoterapico,Fitoterapico,"Cassia Angustifolia L., Cassia Senna L., Senna Alexandrina Mill.",Biolab Sanus Farmaceutica Ltda
Cellufan  Vita,Fitoterapico,Fitoterapico,"Centella Asiatica (L.) Urb., Centella Asiatica Urb.",Laboratorio Vitalab Ltda
Acheflan,Fitoterapico,Fitoterapico,Cordia Verbenacea Dc.,Ache Laboratorios Farmaceuticos S.A
Alcachofra  Herbarium,Fitoterapico,Fitoterapico,Cynara Scolymus L.,Herbarium Laboratorio Botanico Ltda
Alcachofra Airela,Fitoterapico,Fitoterapico,Cynara Scolymus L.,Airela Industria Farmaceutica Ltda.
Alcachofra Natulab,Fitoterapico,Fitoterapico,Cynara Scolymus L.,Natulab Laboratorio S.A
Alcagest,Fitoterapico,Fitoterapico,Cynara Scolymus L.,Airela Industria Farmaceutica Ltda.
Linevit,Fitoterapico,Fitoterapico,Cynara Scolymus L.,Laboratorio Vitalab Ltda
Figatil,Fitoterapico,Fitoterapico,"Cynara Scolymus L., Peumus Boldus Molina",Laboratorio Catarinense Ltda
Flor Da Noite Composta,Fitoterapico,Fitoterapico,"Dorstenia Arifolia Lam., Cereus Jamacaru Dc., Erythrina Velutina Willd., Himatanthus Lancifolius (Mull.Arg.) Woodson",As Ervas Curam Industria Farmaceutica Ltda
Echinacea Vitalab,Fitoterapico,Fitoterapico,Echinacea Purpurea (L.) Moench,Laboratorio Vitalab Ltda
Enax,Fitoterapico,Fitoterapico,Echinacea Purpurea (L.) Moench,Arese Pharma Ltda.
Kmune,Fitoterapico,Fitoterapico,Echinacea Purpurea (L.) Moench,Myralis Industria Farmaceutica Ltda
Prymox,Fitoterapico,Fitoterapico,Echinacea Purpurea (L.) Moench,Airela Industria Farmaceutica Ltda.
Bronquivita,Fitoterapico,Fitoterapico,"Eucaliptus Globulus  Labill, Eucalyptus Globulus Labill.",Laboratorio Vitalab Ltda
Camomila Composta Catarinense,Fitoterapico,Fitoterapico,"Gentiana Lutea L., Gentiana Lutea, Chamaemelum Nobile (L.)All.",Laboratorio Catarinense Ltda
Ginkgo Biloba Brasterapica,Fitoterapico,Fitoterapico,Ginkgo Biloba L.,Brasterapica Pharmaceutica Ltda.
Ginkgo Catarinense,Fitoterapico,Fitoterapico,Ginkgo Biloba L.,Laboratorio Catarinense Ltda
Ginkgo Es,Fitoterapico,Fitoterapico,Ginkgo Biloba L.,Laboratorio Vitalab Ltda
Ginkgo Herbarium,Fitoterapico,Fitoterapico,Ginkgo Biloba L.,Herbarium Laboratorio Botanico Ltda
Ginkoba,Fitoterapico,Fitoterapico,Ginkgo Biloba L.,Zydus Nikkho Farmaceutica Ltda
Ginkomed,Fitoterapico,Fitoterapico,Ginkgo Biloba L.,Cimed Industria S.A
Ginkozyd,Fitoterapico,Fitoterapico,Ginkgo Biloba L.,Zydus Nikkho Farmaceutica Ltda
Ritapeels,Fitoterapico,Fitoterapico,Ginkgo Biloba L.,Bionatus Laboratorio Botanico Ltda
Tanakan,Fitoterapico,Fitoterapico,Ginkgo Biloba L.,Abbott Laboratorios Do Brasil Ltda
Soyfemme,Fitoterapico,Fitoterapico,Glycine Max (L.) Merr.,Ache Laboratorios Farmaceuticos S.A
Soynati,Fitoterapico,Fitoterapico,Glycine Max (L.) Merr.,Pharmascience Industria Farmaceutica S.A
Piascledine,Fitoterapico,Fitoterapico,"Glycine Max, Persea Americana Mill., Glycine Max (L.) Merr., Persea Gratissima Gaertn",Abbott Laboratorios Do Brasil Ltda
Hemoproct,Fitoterapico,Fitoterapico,Hamamelis Virginiana L.,Belfar Ltda
Maravilha Curativa Do Dr. Humpherys,Fitoterapico,Fitoterapico,Hamamelis Virginiana L.,Pinus Industria Quimica E Farmaceutica Ltda
Reumaliv,Fitoterapico,Fitoterapico,"Harpagophytum Procumbens (Burch.) Dc. Ex Meissn., Harpagophytum Procumbens Dc. Ex Meissn.",Laboratorio Vitalab Ltda
Arpadol,Fitoterapico,Fitoterapico,Harpagophytum Procumbens Dc. Ex Meissn.,Apsen Farmaceutica S/A
Arpafito,Fitoterapico,Fitoterapico,Harpagophytum Procumbens Dc. Ex Meissn.,Geolab Industria Farmaceutica S/A
Bioflan,Fitoterapico,Fitoterapico,Harpagophytum Procumbens Dc. Ex Meissn.,Myralis Industria Farmaceutica Ltda
Harpagon,Fitoterapico,Fitoterapico,Harpagophytum Procumbens Dc. Ex Meissn. E/Ou Harpagophytum Zeyheri Decne,Cifarma Cientifica Farmaceutica Ltda
Abrilar,Fitoterapico,Fitoterapico,"Hedera Helix (Hera), Hedera Helix L.",Farmoquimica S/A
Hedra Expec,Fitoterapico,Fitoterapico,"Hedera Helix (Hera), Hedera Helix L.",Legrand Pharma Industria Farmaceutica Ltda
Abrifit,Fitoterapico,Fitoterapico,Hedera Helix L.,Geolab Industria Farmaceutica S/A
Abryflui,Fitoterapico,Fitoterapico,Hedera Helix L.,Airela Industria Farmaceutica Ltda.
Aremaz,Fitoterapico,Fitoterapico,Hedera Helix L.,Multilab Industria E Comercio De Produtos Farmaceuticos Ltda
Arlivry,Fitoterapico,Fitoterapico,Hedera Helix L.,Natulab Laboratorio S.A
Brondelix,Fitoterapico,Fitoterapico,Hedera Helix L.,Ems S/A
Flyare,Fitoterapico,Fitoterapico,Hedera Helix L.,Cifarma Cientifica Farmaceutica Ltda
Hevelair,Fitoterapico,Fitoterapico,Hedera Helix L.,Brasterapica Pharmaceutica Ltda.
Nq Hera,Fitoterapico,Fitoterapico,Hedera Helix L.,Multilab Industria E Comercio De Produtos Farmaceuticos Ltda
Respiratus,Fitoterapico,Fitoterapico,Hedera Helix L.,Sanofi Medley Farmaceutica Ltda.
Specdera,Fitoterapico,Fitoterapico,Hedera Helix L.,Laboratorio Globo Sa
Torante,Fitoterapico,Fitoterapico,Hedera Helix L.,Eurofarma Laboratorios S.A.
Toux,Fitoterapico,Fitoterapico,Hedera Helix L.,Laboratorio Farmaceutico Elofar Ltda
V-Tosse,Fitoterapico,Fitoterapico,Hedera Helix L.,Eurofarma Laboratorios S.A.
Deprenon  Vita,Fitoterapico,Fitoterapico,Hypericum Perforatum L.,Laboratorio Vitalab Ltda
Ad-Muc,Fitoterapico,Fitoterapico,Matricaria Recutita L.,Biolab Sanus Farmaceutica Ltda
Venolise,Fitoterapico,Fitoterapico,Melilotus Officinalis (L.) Pall.,Myralis Industria Farmaceutica Ltda
Melissa Ifal,Fitoterapico,Fitoterapico,Melissa Officinalis L.,Ifal Industria E Comercio De Produtos Farmac Ltda
Sonolis,Fitoterapico,Fitoterapico,Melissa Officinalis L.,Airela Industria Farmaceutica Ltda.
Apiguaco,Fitoterapico,Fitoterapico,Mikania Glomerata Spreng.,Apis Flora Industrial  E Comercial Ltda
Expectrat,Fitoterapico,Fitoterapico,Mikania Glomerata Spreng.,Cazi Quimica Farmaceutica Industria E Comercio Ltda
G500 Balsamico,Fitoterapico,Fitoterapico,Mikania Glomerata Spreng.,Laboratorio Catarinense Ltda
Guacolin,Fitoterapico,Fitoterapico,Mikania Glomerata Spreng.,Kress Farmaceutica S.A.
Guaconat,Fitoterapico,Fitoterapico,Mikania Glomerata Spreng.,Pharmascience Industria Farmaceutica S.A
Xarope De Guaco Belfar,Fitoterapico,Fitoterapico,Mikania Glomerata Spreng.,Belfar Ltda
Xarope De Guaco Herbarium,Fitoterapico,Fitoterapico,Mikania Glomerata Spreng.,Herbarium Laboratorio Botanico Ltda
Xarope De Guaco Natulab,Fitoterapico,Fitoterapico,Mikania Glomerata Spreng.,Natulab Laboratorio S.A
Xarope Guaco Melpoejo,Fitoterapico,Fitoterapico,Mikania Glomerata Spreng.,Laboratorio Melpoejo
Melagriao,Fitoterapico,Fitoterapico,"Mikania Glomerata Spreng., Glinus Oppositifolius (L.) Aug. Dc., Polygala Senega L., Cephaelis Ipecacuanha (Brot.) A. Rich",Laboratorio Catarinense Ltda
Xarope De Guaco Cimed,Fitoterapico,Fitoterapico,"Mikania Glomerata Spreng., Mikania Laevigata Sch.Bip. Ex Baker.",Cimed Industria S.A
Espinheira Santa,Fitoterapico,Fitoterapico,Monteverdia Ilicifolia (Mart. Ex Reissek) Biral,Vidora Farmaceutica Ltda
Espinheira Santa Natulab,Fitoterapico,Fitoterapico,Monteverdia Ilicifolia (Mart. Ex Reissek) Biral,Natulab Laboratorio S.A
Tintura De Jalapa Sobral,Fitoterapico,Fitoterapico,Operculina Alata (Ham.) Urb.,Theodoro F Sobral & Cia Ltda
Ginseng Bionatus,Fitoterapico,Fitoterapico,Panax Ginseng C. A. Mey.,Bionatus Laboratorio Botanico Ltda
Akalmese,Fitoterapico,Fitoterapico,Passiflora Incarnata L.,Airela Industria Farmaceutica Ltda.
Dalay,Fitoterapico,Fitoterapico,Passiflora Incarnata L.,Airela Industria Farmaceutica Ltda.
Passiflora Catarinense,Fitoterapico,Fitoterapico,Passiflora Incarnata L.,Laboratorio Catarinense Ltda
Passiflora Klein,Fitoterapico,Fitoterapico,Passiflora Incarnata L.,Vidora Farmaceutica Ltda
Passify,Fitoterapico,Fitoterapico,Passiflora Incarnata L.,Ache Laboratorios Farmaceuticos S.A
Ritmoneuran Rtm,Fitoterapico,Fitoterapico,Passiflora Incarnata L.,Kley Hertz Farmaceutica S.A
Seakalm,Fitoterapico,Fitoterapico,Passiflora Incarnata L.,Natulab Laboratorio S.A
Sonozzz,Fitoterapico,Fitoterapico,Passiflora Incarnata L.,Procter & Gamble Do Brasil Ltda.
Tensart,Fitoterapico,Fitoterapico,Passiflora Incarnata L.,Myralis Industria Farmaceutica Ltda
Tranquil,Fitoterapico,Fitoterapico,Passiflora Incarnata L.,Laboratorio Globo Sa
Catuama,Fitoterapico,Fitoterapico,"Paulinia Cupana, Trichilia Emarginata (Turcz.) C.Dc., Croton Echioideus Baill., Croton Heliotropiifolius Kunth, Paullinia Cupana Kunth, Trichilia Catigua A.Juss., Zingiber Officinale Roscoe",Laboratorio Catarinense Ltda
Imunoflan,Fitoterapico,Fitoterapico,Pelargonium Sidoides Dc.,Herbarium Laboratorio Botanico Ltda
Kaloba,Fitoterapico,Fitoterapico,Pelargonium Sidoides Dc.,Herbarium Laboratorio Botanico Ltda
Biohepaton,Fitoterapico,Fitoterapico,Peumus Boldus Molina,Pharmascience Industria Farmaceutica S.A
Boldo Belfar,Fitoterapico,Fitoterapico,Peumus Boldus Molina,Belfar Ltda
Epaphyto,Fitoterapico,Fitoterapico,Peumus Boldus Molina,Natulab Laboratorio S.A
Gotas Preciosas,Fitoterapico,Fitoterapico,Peumus Boldus Molina,Kley Hertz Farmaceutica S.A
Hepatoplantas,Fitoterapico,Fitoterapico,Peumus Boldus Molina,As Ervas Curam Industria Farmaceutica Ltda
Ierobina,Fitoterapico,Fitoterapico,Peumus Boldus Molina,Belfar Ltda
Hepatilon,Fitoterapico,Fitoterapico,"Peumus Boldus, Peumus Boldus Molina",Kley Hertz Farmaceutica S.A
Kompaz,Fitoterapico,Fitoterapico,Piper Methysticum G. Forst.,Airela Industria Farmaceutica Ltda.
Plantolaxy,Fitoterapico,Fitoterapico,Plantago Ovata Forssk.,Natulab Laboratorio S.A
Fitobronc,Fitoterapico,Fitoterapico,Polygala Senega L.,Ifal Industria E Comercio De Produtos Farmac Ltda
Eparema,Fitoterapico,Fitoterapico,"Rheum Palmatum L., Frangula Purshiana (Dc.) A. Gray , Peumus Boldus Molina",Cosmed Industria De Cosmeticos E Medicamentos S.A.
Fisioton,Fitoterapico,Fitoterapico,Rhodiola Rosea L.,Ache Laboratorios Farmaceuticos S.A
Galenogal Elixir,Fitoterapico,Fitoterapico,Salix Alba L.,Kley Hertz Farmaceutica S.A
Kronel,Fitoterapico,Fitoterapico,"Schinus Terebinthifolius, Schinus Terebenthifolius, Schinus Terebinthifolia Raddi",Infan Industria Quimica Farmaceutica Nacional S/A
Active Plus,Fitoterapico,Fitoterapico,Senna Alexandrina Mill.,Makrofarma Quimica Farmaceutica Ltda
Capsplan,Fitoterapico,Fitoterapico,Senna Alexandrina Mill.,Lapon Industria Farmaceutica Ltda - Epp
Lacass,Fitoterapico,Fitoterapico,Senna Alexandrina Mill.,Arese Pharma Ltda.
Laxasene Bionatus,Fitoterapico,Fitoterapico,Senna Alexandrina Mill.,Bionatus Laboratorio Botanico Ltda
Natulaxe,Fitoterapico,Fitoterapico,Senna Alexandrina Mill.,Natulab Laboratorio S.A
Sene Herbarium,Fitoterapico,Fitoterapico,Senna Alexandrina Mill.,Herbarium Laboratorio Botanico Ltda
Seneben,Fitoterapico,Fitoterapico,Senna Alexandrina Mill.,Airela Industria Farmaceutica Ltda.
Naturetti,Fitoterapico,Fitoterapico,"Senna Alexandrina Mill., Cassia Fistula L.",Brainfarma Industria Quimica E Farmaceutica S.A
Plan 30 Dias,Fitoterapico,Fitoterapico,"Senna Alexandrina Mill., Peumus Boldus Molina",Te Guarani Do Brasil Ltda
Prostatal,Fitoterapico,Fitoterapico,Serenoa Repens (W. Bartram) Small,Herbarium Laboratorio Botanico Ltda
Figmed,Fitoterapico,Fitoterapico,Silybum Marianum (L.) Gaertn,Cimed Industria S.A
Hepat,Fitoterapico,Fitoterapico,Silybum Marianum (L.) Gaertn,
Legalon,Fitoterapico,Fitoterapico,Silybum Marianum (L.) Gaertn,Viatris Farmaceutica Do Brasil Ltda
Lison,Fitoterapico,Fitoterapico,Silybum Marianum (L.) Gaertn,Cifarma Cientifica Farmaceutica Ltda
Silarym,Fitoterapico,Fitoterapico,Silybum Marianum (L.) Gaertn,Myralis Industria Farmaceutica Ltda
Silibom,Fitoterapico,Fitoterapico,Silybum Marianum (L.) Gaertn,Brainfarma Industria Quimica E Farmaceutica S.A
Fitoscar,Fitoterapico,Fitoterapico,Stryphnodendron Adstringens (Mart.) Coville,Apsen Farmaceutica S/A
Tomis,Fitoterapico,Fitoterapico,Thymus Vulgaris  L.,Myralis Industria Farmaceutica Ltda
Androsten,Fitoterapico,Fitoterapico,Tribulus Terrestris L.,Herbarium Laboratorio Botanico Ltda
Fitovital,Fitoterapico,Fitoterapico,"Trichilia Catigua A.Juss., Croton Heliotropiifolius Kunth, Paullinia Cupana Kunth",Laboratorio Catarinense Ltda
Menoralis,Fitoterapico,Fitoterapico,Trifolium Pratense L.,Myralis Industria Farmaceutica Ltda
Calmazil,Fitoterapico,Fitoterapico,Valeriana Officinalis L.,Airela Industria Farmaceutica Ltda.
Calmitane,Fitoterapico,Fitoterapico,Valeriana Officinalis L.,Bionatus Laboratorio Botanico Ltda
Lenitive,Fitoterapico,Fitoterapico,Valeriana Officinalis L.,Bionatus Laboratorio Botanico Ltda
Valdream,Fitoterapico,Fitoterapico,Valeriana Officinalis L.,Zydus Nikkho Farmaceutica Ltda
Valerance,Fitoterapico,Fitoterapico,Valeriana Officinalis L.,Laboratorio Farmaceutico Elofar Ltda
Valeriana Laboratorios Osorio De Moraes,Fitoterapico,Fitoterapico,Valeriana Officinalis L.,Laboratorios Osorio De Moraes Ltda
Valeriane,Fitoterapico,Fitoterapico,Valeriana Officinalis L.,Zydus Nikkho Farmaceutica Ltda
Valeril,Fitoterapico,Fitoterapico,Valeriana Officinalis L.,Lapon Industria Farmaceutica Ltda - Epp
Acalmilfito,Fitoterapico,Fitoterapico,"Valeriana Officinalis L., Crataegus Rhipidophylla Gand., Passiflora Incarnata L.",Multilab Industria E Comercio De Produtos Farmaceuticos Ltda
Sominex Composto,Fitoterapico,Fitoterapico,"Valeriana Officinalis L., Crataegus Rhipidophylla Gand., Passiflora Incarnata L.",Ems S/A
Remilev,Fitoterapico,Fitoterapico,"Valeriana Officinalis L., Humulus Lupulus L.",Ache Laboratorios Farmaceuticos S.A
Sinupret,Fitoterapico,Fitoterapico,"Verbena Officinalis L, Gentiana Lutea L., Rumex Crispus L., Primula Veris L. E/Ou Primula Elatior (L.) Hill, Sambucus Nigra L.",Bionorica Do Brasil Distribuicao E Importacao Ltda
Gengimin,Fitoterapico,Fitoterapico,Zingiber Officinale Roscoe,Farmoquimica S/A
Ginbre,Fitoterapico,Fitoterapico,Zingiber Officinale Roscoe,Myralis Industria Farmaceutica Ltda
Sintocalmy,Fitoterapico,Fitoterapico,Passiflora Incarnata L.,Ache Laboratorios Farmaceuticos S.A
Stillkalm,Fitoterapico,Fitoterapico,Passiflora Incarnata L.,Airela Industria Farmaceutica Ltda.
Nitrogenio Liquido Medicinal,Gases Medicinais,Gases Medicinais,Nitrogenio,Air Products Brasil Ltda
Nitrogenio Medicinal,Gases Medicinais,Gases Medicinais,Nitrogenio,Oximil Oxigenio Mg Ltda
Ar Sintetico Medicinal,Gases Medicinais,Gases Medicinais,"Nitrogenio, Oxigenio",
Gas Oxigenio Medicinal Mlx,Gases Medicinais,Gases Medicinais,Oxigenio,Mlx Comercio De Gases Ltda Me
Oxienio Medicinal Liquido,Gases Medicinais,Gases Medicinais,Oxigenio,Oxi Morena Comercio De Oxigenio Ltda - Epp
Oxigenio,Gases Medicinais,Gases Medicinais,Oxigenio,Oxiguacu Industria E Comercio De Gases Ltda
Oxigenio Gas,Gases Medicinais,Gases Medicinais,Oxigenio,Oxi Morena Comercio De Oxigenio Ltda - Epp
Oxigenio Gasoso Medicinal,Gases Medicinais,Gases Medicinais,Oxigenio,Air Products Brasil Ltda
Oxigenio Liquido Criogenico Medicinal,Gases Medicinais,Gases Medicinais,Oxigenio,Bernabe Gases Ltda
Oxigenio Liquido Medicinal,Gases Medicinais,Gases Medicinais,Oxigenio,
Oxigenio Medicinal,Gases Medicinais,Gases Medicinais,Oxigenio,
Simeticona,Generico,Adsorventes E Antifiseticos Intestinais Simples,Simeticona,
Simeticona + Metilbrometo De Homatropina,Generico,Adsorventes E Antifiseticos Intestinais Simples,"Simeticona, Metilbrometo De Homatropina",
Ciclosporina,Generico,Outros Medicamentos Com Acao No Aparelho Visual,Ciclosporina,
Cloridrato De Fingolimode,Generico,Agente Imunosupressor,Cloridrato De Fingolimode,
Everolimo,Generico,Agente Imunosupressor,Everolimo,
Lenalidomida,Generico,Outros Agentes Imunossupressores,Lenalidomida,
Micofenolato De Mofetila,Generico,Imunosupressor,Micofenolato De Mofetila,
Micofenolato De Sodio,Generico,Agente Imunosupressor,Micofenolato De Sodio,
Deferasirox,Generico,Agente Quelante De Ferro,Deferasirox,
Celecoxibe,Generico,Antinflamatorios,Celecoxibe,
Nimesulida,Generico,Antinflamatorios,Nimesulida,
Acetato De Abiraterona,Generico,Outros Antineoplasicos,Acetato De Abiraterona,
Anastrozol,Generico,Antineoplasico,Anastrozol,
Capecitabina,Generico,Outros Antineoplasicos,Capecitabina,
Cloridrato De Erlotinibe,Generico,Antineoplasico,Cloridrato De Erlotinibe,
Cloridrato De Gencitabina,Generico,Antineoplasico,Cloridrato De Gencitabina,
Cloridrato De Irinotecano Triidratado,Generico,Antineoplasico,Cloridrato De Irinotecano Triidratado,
Dacarbazina,Generico,Antineoplasico,Dacarbazina,
Docetaxel,Generico,Antineoplasico,Docetaxel,
Docetaxel Tri-Hidratado,Generico,Agentes Antineoplasicos,Docetaxel Triidratado,
Fulvestranto,Generico,Antineoplasico,Fulvestranto,
Letrozol,Generico,Antineoplasico,Letrozol,
Malato De Sunitinibe,Generico,Antineoplasico,Malato De Sunitinibe,
Mesilato De Imatinibe,Generico,Antineoplasico,Mesilato De Imatinibe,
Palbociclibe,Generico,Antineoplasico,Palbociclibe,
Pemetrexede Dissodico,Generico,Antineoplasico,Pemetrexede Dissodico,
Pemetrexede Dissodico,Generico,Antineoplasico,Pemetrexede Dissodico Hemipentaidratado,
Mesilato De Lenvatinibe,Generico,Agentes Antineoplasicos E Imunomoduladores,Mesilato De Lenvatinibe,
Tacrolimo,Generico,Imunosupressor,Tacrolimo Monoidratado,
Cloridrato De Cinacalcete,Generico,Antitireoideanos,Cloridrato De Cinacalcete,
Apixabana,Generico,Antitrombotico,Apixabana,
Rivaroxabana,Generico,Antitrombotico,Rivaroxabana,
Cloridrato De Propranolol,Generico,Betabloqueadores Simples,Cloridrato De Propranolol,
Tartarato De Metoprolol,Generico,Betabloqueadores Simples,Tartarato De Metoprolol,
Losartana Potassica + Hidroclorotiazida,Generico,Anti-Hipertensivos,"Losartana Potassica, Hidroclorotiazida",
Tiocolchicosideo,Generico,Relaxantes Musculares Centrais Simples,Tiocolchicosideo,
Sulfato De Vincristina,Generico,Alcaloide Da Vinca,Sulfato De Vincristina,
Benzoilmetronidazol,Generico,"Amebicidas, Giardicidas E Tricomonicidas",Benzoilmetronidazol,
Metronidazol,Generico,"Amebicidas, Giardicidas E Tricomonicidas",Metronidazol,
Secnidazol,Generico,"Amebicidas, Giardicidas E Tricomonicidas",Secnidazol,
Tinidazol,Generico,"Amebicidas, Giardicidas E Tricomonicidas",Tinidazol,
Sulfato De Amicacina,Generico,Aminoglicosideos,Sulfato De Amicacina,
Sulfato De Gentamicina,Generico,Antibioticos Sistemicos Simples,Sulfato De Gentamicina,
Tobramicina,Generico,Aminoglicosideos,Tobramicina,
Clonixinato De Lisina + Cloridrato De Ciclobenzaprin,Generico,Analgesicos,"Clonixinato De Lisina, Cloridrato De Ciclobenzaprina",
Cloridrato De Clonidina,Generico,Analgesicos Nao Narcoticos,Cloridrato De Clonidina,
Dipirona,Generico,Analgesicos Nao Narcoticos,Dipirona,
Dipirona,Generico,Analgesicos,"Dipirona, Dipirona Monoidratada",
Dipirona Monoidratada,Generico,Analgesicos,"Dipirona, Dipirona Monoidratada",
Benzoato De Rizatriptana,Generico,Analgesicos Contra Enxaqueca,Benzoato De Rizatriptana,
Cloridrato De Naratriptana,Generico,Analgesicos Contra Enxaqueca,Cloridrato De Naratriptana,
Succinato De Sumatriptana,Generico,Analgesicos Contra Enxaqueca,Succinato De Sumatriptana,
Acido Acetilsalicilico,Generico,Analgesicos Nao Narcoticos,Acido Acetilsalicilico,
Acido Acetilsalicilico,Generico,Analgesicos Nao Narcoticos,"Acido Acetilsalicilico, Acido Acetilsalicilico",
Dipirona  Monoidratada,Generico,Analgesicos Nao Narcoticos,Dipirona,
Dipirona Monoidratada,Generico,Analgesicos Nao Narcoticos,Dipirona,
Dipirona Sodica,Generico,Analgesicos Nao Narcoticos,Dipirona,
Dipirona,Generico,Analgesicos Nao Narcoticos,Dipirona Monoidratada,
Dipirona Monohidratada,Generico,Analgesicos Nao Narcoticos,Dipirona Monoidratada,
Dipirona Monoidratada,Generico,Analgesicos Nao Narcoticos,Dipirona Monoidratada,
Dipirona Sodica,Generico,Analgesicos Nao Narcoticos,Dipirona Monoidratada,
Dipirona Monoidratada,Generico,Analgesicos Nao Narcoticos,"Dipirona Monoidratada, Dipirona",
Dipirona + Mucato De Isometepteno + Cafeina,Generico,Analgesicos Nao Narcoticos,"Dipirona Monoidratada, Mucato De Isometepteno, Cafeina Anidra",
Dipirona + Cafeina,Generico,Analgesicos Nao Narcoticos,"Dipirona, Cafeina",
Dipirona Sodica,Generico,Analgesicos,"Dipirona, Dipirona Monoidratada",
Ibuprofeno,Generico,Analgesicos Nao Narcoticos,Ibuprofeno,
Ibuprofeno + Paracetamol,Generico,Analgesicos Nao Narcoticos,"Ibuprofeno, Paracetamol",
Paracetamol,Generico,Analgesicos,Paracetamol,
Paracetamol + Fosfato De Codeina,Generico,Analgesicos Narcoticos,"Paracetamol, Fosfato De Codeina Hemi-Hidratado",
Buprenorfina,Generico,Analgesicos,Buprenorfina,
Citrato De Fentanila,Generico,Analgesicos Narcoticos,Citrato De Fentanila,
Cloridrato De Nalbufina,Generico,Analgesicos Narcoticos,Cloridrato De Nalbufina,
Cloridrato De Oxicodona,Generico,Analgesicos Narcoticos,Cloridrato De Oxicodona,
Cloridrato De Remifentanila,Generico,Analgesicos Narcoticos,Cloridrato De Remifentanila,
Cloridrato De Tramadol,Generico,Analgesicos Narcoticos,Cloridrato De Tramadol,
Cloridrato De Tramadol (Port 344/98 - Lista A2),Generico,Analgesicos Narcoticos,Cloridrato De Tramadol,
Cloridrato De Tramadol (Port. 344/98 - Lista A2),Generico,Analgesicos Narcoticos,Cloridrato De Tramadol,
"Cloridrato De Tramadol (Port. 344/98, L-A2)",Generico,Analgesicos Narcoticos,Cloridrato De Tramadol,
Cloridrato De Tramadol (Portaria 344/98 - Lista A2),Generico,Analgesicos Narcoticos,Cloridrato De Tramadol,
Cloridrato De Tramadol + Diclofenaco Sodico,Generico,Analgesicos Narcoticos,"Cloridrato De Tramadol, Diclofenaco Sodico",
Cloridrato De Tramadol + Paracetamol,Generico,Analgesicos Narcoticos,"Cloridrato De Tramadol, Paracetamol",
Fosfato De Codeina,Generico,Analgesicos Narcoticos,Fosfato De Codeina Hemi-Hidratado,
Paracetamol + Fosfato De Codeina,Generico,Analgesicos Narcoticos,"Fosfato De Codeina, Paracetamol",
Cloridrato De Tramadol + Paracetamol,Generico,Analgesicos Narcoticos,"Paracetamol, Cloridrato De Tramadol",
Paracetamol + Fosfato De Codeina,Generico,Analgesicos Narcoticos,"Paracetamol, Fosfato De Codeina",
Sulfato De Morfina,Generico,Analgesicos Narcoticos,Sulfato De Morfina Pentaidratado,
Acetato De Ciproterona + Etinilestradiol,Generico,Estrogenos Assocs  A Outros Farmacos Exclusive Androgenos,"Acetato De Ciproterona, Etinilestradiol",
Undecilato De Testosterona,Generico,Androgenos Simples,Undecilato De Testosterona,
Cloridrato De Escetamina,Generico,Antidepressivos,Cloridrato De Escetamina,
Propofol,Generico,Anestesicos Gerais Injetaveis,Propofol,
Isoflurano,Generico,Anestesicos Gerais Volateis E Gasosos,Isoflurano,
Sevoflurano,Generico,Anestesicos Gerais Volateis E Gasosos,Sevoflurano,
Cloridrato De Bupivacaina,Generico,Anestesicos Locais,Cloridrato De Bupivacaina Monoidratado,
Cloridrato De Bupivacaina Hiperbarica,Generico,Anestesicos Locais,Cloridrato De Bupivacaina Monoidratado,
Cloridrato De Bupivacaina + Glicose,Generico,Anestesicos Locais,"Cloridrato De Bupivacaina Monoidratado, Glicose",
Cloridrato De Lidocaina,Generico,Anestesicos Locais,Cloridrato De Lidocaina,
Cloridrato De Lidocaina,Generico,Anestesicos Locais,Cloridrato De Lidocaina Monoidratada,
Cloridrato De Lidocaina,Generico,Anestesicos Locais,"Cloridrato De Lidocaina, Lidocaina",
Lidocaina,Generico,Anestesicos Locais,"Cloridrato De Lidocaina, Lidocaina",
Cloridrato De Mepivacaina,Generico,Anestesicos Locais,Cloridrato De Mepivacaina,
Cloridrato De Ropivacaina,Generico,Anestesicos Locais,Cloridrato De Ropivacaina,
Cloridrato De Ropivacaina,Generico,Anestesicos Locais,Cloridrato De Ropivacaina Monoidratado,
Lidocaina,Generico,Anestesicos,Lidocaina,
Lidocaina + Tetracaina,Generico,Anestesicos Locais,"Lidocaina, Tetracaina",
Cloridrato De Sibutramina Monoidratado,Generico,Anorexicos Simples,Cloridrato De Sibutramina,
Cloridrato De Sibutramina,Generico,Anorexicos Simples,Cloridrato De Sibutramina Monoidratado,
Cloridrato De Sibutramina Monoidratada,Generico,Anorexicos Simples,Cloridrato De Sibutramina Monoidratado,
Cloridrato De Sibutramina Monoidratado,Generico,Anorexicos Simples,Cloridrato De Sibutramina Monoidratado,
Alprazolam,Generico,Ansioliticos Simples,Alprazolam,
Bromazepam,Generico,Ansioliticos Simples,Bromazepam,
Cloridrato De Buspirona,Generico,Ansioliticos Simples,Cloridrato De Buspirona,
Diazepam,Generico,Ansioliticos Simples,Diazepam,
Lorazepam,Generico,Ansioliticos Simples,Lorazepam,
"Lorazepam (Port.344/98, Lista B1)",Generico,Ansioliticos Simples,Lorazepam,
Nitrazepam,Generico,Ansioliticos Simples,Nitrazepam,
Nitrazepam (Port 344/98 Lista B1),Generico,Ansioliticos Simples,Nitrazepam,
Flumazenil,Generico,Antagonista De Benzodiazepinas,Flumazenil,
Ondansetrona,Generico,Antagonistas Da Serotonina (5-Ht3),Ondansetrona,
Acetato De Caspofungina,Generico,Anti-Fungicos,Acetato De Caspofungina,
Anidulafungina,Generico,Anti-Fungicos,Anidulafungina,
Fluconazol,Generico,Antimicoticos Sistemicos,Fluconazol,
Micafungina Sodica,Generico,Anti-Fungicos,Micafungina Sodica,
Nitrato De Butoconazol,Generico,Anti-Fungicos,Nitrato De Butoconazol,
Voriconazol,Generico,Antimicoticos Sistemicos,Voriconazol,
Albendazol,Generico,Anti-Helminticos Do Trato Gastrintestinal,Albendazol,
Albendazol 40 Mg/Ml Suspensao Oral,Generico,Anti-Helminticos Do Trato Gastrintestinal,Albendazol,
Mebendazol,Generico,Anti-Helminticos Do Trato Gastrintestinal,Mebendazol,
Eltrombopague Olamina,Generico,Outros Produtos Anti-Hemorragicos,Eltrombopague Olamina,
Atenolol,Generico,Betabloqueadores Simples,Atenolol,
Besilato De Anlodipino,Generico,Anti-Hipertensivos Simples,Besilato De Anlodipino,
Besilato De Anlodipino + Losartana Potassica,Generico,Anti-Hipertensivos-Associacoes Medicamentosas,"Besilato De Anlodipino, Losartana Potassica",
Bosentana,Generico,Anti-Hipertensivos,Bosentana,
Bosentana,Generico,Anti-Hipertensivos,Bosentana Monoidratada,
Candesartana Cilexetila,Generico,Anti-Hipertensivos Simples,Candesartana Cilexetila,
Candesartana Cilexetila + Hidroclorotiazida,Generico,Anti-Hipertensivos,"Candesartana Cilexetila, Hidroclorotiazida",
Captopril,Generico,Anti-Hipertensivos,Captopril,
Carvedilol,Generico,Anti-Hipertensivos,Carvedilol,
Cloridrato De Lercanidipino,Generico,Anti-Hipertensivos,Cloridrato De Lercanidipino,
Cloridrato De Nebivolol,Generico,Anti-Hipertensivos,Cloridrato De Nebivolol,
Dicloridrato De Manidipino,Generico,Anti-Hipertensivos Simples,Dicloridrato De Manidipino,
Indapamida,Generico,Diureticos Simples,Indapamida,
Irbesartana,Generico,Anti-Hipertensivos,Irbesartana,
Irbesartana + Hidroclorotiazida,Generico,Anti-Hipertensivos,"Irbesartana, Hidroclorotiazida",
Lisinopril,Generico,Anti-Hipertensivos Simples,Lisinopril,
Losartana Potassica,Generico,Anti-Hipertensivos,Losartana Potassica,
Maleato De Enalapril,Generico,Anti-Hipertensivos,Maleato De Enalapril,
Maleato De Enalapril + Hidroclorotiazida,Generico,Anti-Hipertensivos,"Maleato De Enalapril, Hidroclorotiazida",
Mesilato De Doxazosina,Generico,Outros Produtos Com Acao No Trato Urinario,Mesilato De Doxazosina,
Metildopa,Generico,Anti-Hipertensivos,Metildopa Sesqui-Hidratada,
Olmesartana Medoxomila,Generico,Anti-Hipertensivos,Olmesartana Medoxomila,
Olmesartana Medoxomila + Hidroclorotiazida,Generico,Anti-Hipertensivos-Associacoes Medicamentosas,"Olmesartana Medoxomila, Hidroclorotiazida",
Perindopril Erbumina + Indapamida,Generico,Anti-Hipertensivos,"Perindopril Erbumina, Indapamida",
Ramipril,Generico,Anti-Hipertensivos,Ramipril,
Telmisartana,Generico,Anti-Hipertensivos,Telmisartana,
Besilato De Levanlodipino,Generico,Anti-Hipertensivos Simples,Besilato De Levanlodipino,
Besilato De Levanlodipino,Generico,Anti-Hipertensivos Simples,Besilato De Levanlodipino Hemipentaidratado,
Besilato De Levanlodipino Hemipentaidratado,Generico,Anti-Hipertensivos Simples,Besilato De Levanlodipino Hemipentaidratado,
Cloridrato De Benazepril,Generico,Anti-Hipertensivos Simples,Cloridrato De Benazepril,
Hemifumarato De Alisquireno,Generico,Anti-Hipertensivos Simples,Hemifumarato De Alisquireno,
Lisinopril,Generico,Anti-Hipertensivos Simples,Lisinopril Di-Hidratado,
Metildopa,Generico,Anti-Hipertensivos Simples,Metildopa,
Nitrendipino,Generico,Antianginosos E Vasodilatadores,Nitrendipino,
Perindopril Erbumina,Generico,Anti-Hipertensivos Simples,Perindopril Erbumina,
Valsartana,Generico,Anti-Hipertensivos Simples,Valsartana,
Atenolol + Clortalidona,Generico,Anti-Hipertensivos-Associacoes Medicamentosas,"Atenolol, Clortalidona",
Besilato De Anlodipino + Atenolol,Generico,Anti-Hipertensivos-Associacoes Medicamentosas,"Besilato De Anlodipino, Atenolol",
Olmesartana Medoxomila + Besilato De Anlodipino,Generico,Anti-Hipertensivos-Associacoes Medicamentosas,"Olmesartana Medoxomila, Besilato De Anlodipino",
Telmisartana + Hidroclorotiazida,Generico,Anti-Hipertensivos-Associacoes Medicamentosas,"Telmisartana, Hidroclorotiazida",
Valsartana + Anlodipino,Generico,Anti-Hipertensivos-Associacoes Medicamentosas,"Valsartana, Besilato De Anlodipino",
Valsartana + Besilato De Anlodipino,Generico,Anti-Hipertensivos-Associacoes Medicamentosas,"Valsartana, Besilato De Anlodipino",
Valsacor Hct,Generico,Anti-Hipertensivos-Associacoes Medicamentosas,"Valsartana, Hidroclorotiazida",
Valsartana + Hidroclorotiazida,Generico,Anti-Hipertensivos-Associacoes Medicamentosas,"Valsartana, Hidroclorotiazida",
Cloridrato De Fexofenadina,Generico,Anti-Histaminicos Sistemicos,Cloridrato De Fexofenadina,
Desloratadina,Generico,Anti-Histaminicos Sistemicos,Desloratadina,
Loratadina,Generico,Anti-Histaminicos Sistemicos,Loratadina,
Betametasona + Maleato De Dexclorfeniramina,Generico,Anti-Histaminicos Sistemicos,"Betametasona, Maleato De Dexclorfeniramina",
Maleato De Dexclorfeniramina + Betametasona,Generico,Anti-Histaminicos Sistemicos,"Betametasona, Maleato De Dexclorfeniramina",
Bilastina,Generico,Anti-Histaminicos Sistemicos,Bilastina,
Cloridrato De Fexofenadina + Cloridrato De Pseudoefedrina,Generico,Descongestionantes Nasais Sistemicos,"Cloridrato De Fexofenadina, Cloridrato De Pseudoefedrina",
Cloridrato De Hidroxizina,Generico,Anti-Histaminicos Sistemicos,Cloridrato De Hidroxizina,
Cloridrato De Hidroxizine,Generico,Anti-Histaminicos Sistemicos,Cloridrato De Hidroxizina,
Cloridrato De Prometazina,Generico,Anti-Histaminicos Sistemicos,Cloridrato De Prometazina,
Cloridrato De Prometazina,Generico,Anti-Histaminicos Sistemicos,"Cloridrato De Prometazina, Prometazina",
Dicloridrato De Cetirizina,Generico,Anti-Histaminicos Sistemicos,Dicloridrato De Cetirizina,
Cloridrato De Hidroxizina,Generico,Anti-Histaminicos Sistemicos,Dicloridrato De Hidroxizina,
Dicloridrato De Hidroxizina,Generico,Anti-Histaminicos Sistemicos,Dicloridrato De Hidroxizina,
Loratadina + Sulfato De Pseudoefedrina,Generico,Anti-Histaminicos Sistemicos,"Loratadina, Sulfato De Pseudoefedrina",
Maleato De Dexclorfeniramina,Generico,Antialergicos,Maleato De Dexclorfeniramina,
Maleato De Dexclorfeniramina + Betametasona,Generico,Anti-Histaminicos Sistemicos,"Maleato De Dexclorfeniramina, Betametasona",
Desloratadina + Sulfato De Pseudoefedrina,Generico,Anti-Histaminicos Sistemicos,"Sulfato De Pseudoefedrina, Desloratadina",
Cloridrato De Moxifloxacino,Generico,Antibioticos Sistemicos Simples,Cloridrato De Moxifloxacino,
Amoxicilina + Claritromicina + Esomeprazol,Generico,Antiacidos E Antiulcerosos,"Amoxicilina Tri-Hidratada, Claritromicina, Esomeprazol Magnesico Di-Hidratado",
Cimetidina,Generico,Antiulcerosos,Cimetidina,
Dexlansoprazol,Generico,Antiacidos E Antiulcerosos,Dexlansoprazol Sesqui-Hidratado,
Omeprazol,Generico,Antiulcerosos,Omeprazol,
Pantoprazol Magnesico,Generico,Antiacidos E Antiulcerosos Simples,Pantoprazol Magnesico Di-Hidratado,
Pantoprazol Magnesico Di-Hidratado,Generico,Antiacidos E Antiulcerosos Simples,Pantoprazol Magnesico Di-Hidratado,
Pantoprazol,Generico,Antiacidos E Antiulcerosos,Pantoprazol Sodico Sesqui-Hidratado,
Pantoprazol Sodico Sesqui-Hidratado,Generico,Antiacidos E Antiulcerosos,Pantoprazol Sodico Sesqui-Hidratado,
Lansoprazol + Claritromicina + Amoxicilina,Generico,Antiacidos E Antiulcerosos Associados,"Lansoprazol, Claritromicina, Amoxicilina Tri-Hidratada",
Omeprazol,Generico,Antiacidos E Antiulcerosos Simples,"Omeprazol, Omeprazol Sodico",
Pantoprazol Magnesico Diidratado,Generico,Antiacidos E Antiulcerosos Simples,Pantoprazol Magnesico Di-Hidratado,
Pantoprazol Sodico Sesqui-Hidratado,Generico,Antiacidos E Antiulcerosos Simples,Pantoprazol Sodico,
Pantoprazol Sodico,Generico,Antiacidos E Antiulcerosos,Pantoprazol Sodico Sesqui-Hidratado,
Cloridrato De Tirofibana Monoidratado,Generico,Antiagregante Plaquetario,Cloridrato De Tirofibana Monoidratado,
Ticagrelor,Generico,Antiagregante Plaquetario,Ticagrelor,
Dicloridrato De Levocetirizina,Generico,Antialergicos,Dicloridrato De Levocetirizina,
Montelucaste De Sodio + Dicloridrato De Levocetirizina,Generico,Antialergicos,"Montelucaste De Sodio, Dicloridrato De Levocetirizina",
Alfaestradiol,Generico,Antialopecia,Alfaestradiol,
Minoxidil,Generico,Antialopecia,Minoxidil,
Cloridrato De Diltiazem,Generico,Antianginosos E Vasodilatadores,Cloridrato De Diltiazem,
Cloridrato De Ivabradina,Generico,Antianginosos E Vasodilatadores,Cloridrato De Ivabradina,
Cloridrato De Verapamil,Generico,Antianginosos E Vasodilatadores,Cloridrato De Verapamil,
Dicloridrato De Trimetazidina,Generico,Antianginosos E Vasodilatadores,Dicloridrato De Trimetazidina,
Cloridrato De Amiodarona,Generico,Antiarritmicos,Cloridrato De Amiodarona,
Cloridrato De Propafenona,Generico,Antiarritmicos,Cloridrato De Propafenona,
Dipropionato De Beclometasona,Generico,Antiasmaticos,Dipropionato De Beclometasona,
Fumarato De Formoterol Di-Hidratado + Budesonida,Generico,Antiasmaticos,"Fumarato De Formoterol Di-Hidratado, Budesonida",
Fumarato De Formoterol Di-Hidratado + Propionato De Fluticasona,Generico,Antiasmaticos,"Fumarato De Formoterol Di-Hidratado, Propionato De Fluticasona",
Montelucaste De Sodio,Generico,Antiasmaticos,Montelucaste De Sodio,
Montelucaste Sodico,Generico,Antiasmaticos,Montelucaste De Sodio,
Xinafoato De Salmeterol + Propionato De Fluticasona,Generico,Antiasmaticos,"Xinafoato De Salmeterol, Propionato De Fluticasona",
Daptomicina,Generico,Antibacteriano,Daptomicina,
Rifamicina Sv Sodica,Generico,Antibacteriano,Rifamicina Sv Sodica,
Ertapenem Sodico,Generico,Antibioticos Sistemicos Simples,Ertapenem Sodico,
Sulfato De Polimixina B,Generico,Antibioticos Sistemicos Simples,Sulfato De Polimixina B,
Cloridrato De Doxorrubicina,Generico,Antibioticos Antineoplasicos,Cloridrato De Doxorrubicina,
Cloridrato De Epirrubicina,Generico,Antibioticos Antineoplasicos,Cloridrato De Epirrubicina,
Sulfato De Bleomicina,Generico,Antibioticos Antineoplasicos,Sulfato De Bleomicina,
Amoxicilina + Clavulanato De Potassio,Generico,Antibioticos Sistemicos-Associacoes Medicamentosas,"Amoxicilina Tri-Hidratada, Clavulanato De Potassio",
Amoxicilina,Generico,Penicilina De Amplo Espectro,Amoxicilina Tri-Hidratada,
Amoxicilina Tri-Hidratada,Generico,Penicilina De Amplo Espectro,Amoxicilina Trihidratada,
Azitromicina,Generico,Antibioticos Sistemicos Simples,Azitromicina,
Azitromicina Di-Hidratada,Generico,Antibioticos Sistemicos Simples,Azitromicina,
Azitromicina Monoidratada,Generico,Antibioticos Sistemicos Simples,Azitromicina,
Azitromicina,Generico,Antibioticos Sistemicos Simples,Azitromicina Di-Hidratada,
Azitromicina Di-Hidratada,Generico,Antibioticos Sistemicos Simples,Azitromicina Di-Hidratada,
Azitromicina Diidratada,Generico,Antibioticos Sistemicos Simples,Azitromicina Di-Hidratada,
Azitromicina Monoidratada,Generico,Antibioticos Sistemicos Simples,Azitromicina Monoidratada,
Azitromicina,Generico,Antibioticos Sistemicos Simples,"Azitromicina, Azitromicina Di-Hidratada",
Aztreonam,Generico,Antibioticos Sistemicos Simples,Aztreonam,
Cefalexina,Generico,Cefalosporinas,Cefalexina Monoidratada,
Cefalotina Sodica,Generico,Cefalosporinas,Cefalotina Sodica,
Cefazolina Sodica,Generico,Cefalosporinas,Cefazolina Sodica,
Ceftriaxona Dissodica Hemieptaidratada,Generico,Cefalosporinas,Ceftriaxona Dissodica Hemieptaidratada,
Cefuroxima Sodica,Generico,Antibioticos Sistemicos Simples,Cefuroxima Sodica,
Ciprofloxacino,Generico,Antibioticos Sistemicos Simples,Ciprofloxacino,
Claritromicina,Generico,Macrolideos,Claritromicina,
Cloridrato De Ciprofloxacino,Generico,Antibioticos Sistemicos Simples,Cloridrato De Ciprofloxacino,
Ciprofloxacino,Generico,Antinfecciosos Topicos Para Uso Oftalmico,Cloridrato De Ciprofloxacino Monoidratado,
Cloridrato De Ciprofloxacino,Generico,Antinfecciosos Topicos Para Uso Oftalmico,Cloridrato De Ciprofloxacino Monoidratado,
Cloridrato De Clindamicina,Generico,Antibioticos Sistemicos Simples,Cloridrato De Clindamicina Monoidratado,
Cloridrato De Lincomicina,Generico,Antibioticos Sistemicos Simples,Cloridrato De Lincomicina,
Cloridrato De Moxifloxacino,Generico,Antinfecciosos Topicos Para Uso Oftalmico,Cloridrato De Moxifloxacino Monoidratado,
Cloridrato De Tetraciclina,Generico,Antinfecciosos Topicos Para Uso Oftalmico,Cloridrato De Tetraciclina,
Cloridrato De Vancomicina,Generico,Antibioticos Sistemicos Simples,Cloridrato De Vancomicina,
Colistimetato De Sodio,Generico,Antibioticos Sistemicos Simples,Colistimetato De Sodio,
Estolato De Eritromicina,Generico,Antibioticos Sistemicos Simples,Estolato De Eritromicina,
Fosfato De Clindamicina,Generico,Antibioticos Sistemicos Simples,Fosfato De Clindamicina,
Fosfomicina Trometamol,Generico,Antibioticos Sistemicos Simples,Fosfomicina Trometamol,
Hiclato De Doxiciclina,Generico,Antibioticos Sistemicos Simples,Hiclato De Doxiciclina,
Levofloxacino,Generico,Antibioticos Sistemicos Simples,Levofloxacino,
Levofloxacino,Generico,Antibioticos Sistemicos Simples,Levofloxacino Hemi-Hidratado,
Levofloxacino Hemi- Hidratado,Generico,Antibioticos Sistemicos Simples,Levofloxacino Hemi-Hidratado,
Levofloxacino Hemi-Hidratado,Generico,Antibioticos Sistemicos Simples,Levofloxacino Hemi-Hidratado,
Levofloxacino,Generico,Antibioticos Sistemicos Simples,Levofloxacino Hemiidratado,
Levofloxacino Hemiidratado,Generico,Antibioticos Sistemicos Simples,Levofloxacino Hemiidratado,
Levofloxacino,Generico,Antibioticos Sistemicos Simples,"Levofloxacino, Levofloxacino Hemi-Hidratado",
Linezolida,Generico,Antibioticos Sistemicos Simples,Linezolida,
Meropenem,Generico,Antibioticos Sistemicos Simples,Meropenem Tri-Hidratado,
Norfloxacino,Generico,Antibioticos Sistemicos Simples,Norfloxacino,
Oxacilina Sodica,Generico,Penicilinas Penicilinase-Resistentes,Oxacilina Sodica,
Sulbactam Sodico + Ampicilina Sodica,Generico,Antibioticos Sistemicos Simples,"Sulbactam Sodico, Ampicilina Sodica",
Teicoplanina,Generico,Antibioticos Sistemicos Simples,Teicoplanina,
Tigeciclina,Generico,Antibioticos Sistemicos Simples,Tigeciclina,
Acido Clavulanico + Amoxicilina,Generico,Antibioticos Sistemicos-Associacoes Medicamentosas,"Amoxicilina Sodica, Clavulanato De Potassio",
Amoxicilina + Clavulanato De Potassio,Generico,Antibioticos Sistemicos-Associacoes Medicamentosas,"Amoxicilina Sodica, Clavulanato De Potassio",
Amoxicilina Sodica + Clavulanato De Potassio,Generico,Antibioticos Sistemicos-Associacoes Medicamentosas,"Amoxicilina Sodica, Clavulanato De Potassio",
Amoxicilina + Clavulanato De Potassio,Generico,Antibioticos Sistemicos-Associacoes Medicamentosas,"Amoxicilina Tri-Hidratada, Amoxicilina Trihidratada, Clavulanato De Potassio",
Amoxicilina Tri-Hidratada + Clavulanato De Potassio,Generico,Antibioticos Sistemicos-Associacoes Medicamentosas,"Amoxicilina Tri-Hidratada, Clavulanato De Potassio",
Amoxicilina + Clavulanato De Potassio,Generico,Antibioticos Sistemicos-Associacoes Medicamentosas,"Amoxicilina Trihidratada, Clavulanato De Potassio",
Amoxicilina + Clavulanato De Potassio,Generico,Antibioticos Sistemicos-Associacoes Medicamentosas,"Amoxicilina, Amoxicilina Tri-Hidratada, Clavulanato De Potassio",
Amoxicilina + Clavulanato De Potassio,Generico,Antibioticos Sistemicos-Associacoes Medicamentosas,"Amoxicilina, Clavulanato De Potassio",
Amoxicilina Triidratada + Clavulanato De Potassio,Generico,Antibioticos Sistemicos-Associacoes Medicamentosas,"Amoxicilina, Clavulanato De Potassio",
Ampicilina Sodica + Sulbactam Sodica,Generico,Antibioticos Sistemicos-Associacoes Medicamentosas,"Ampicilina Sodica, Sulbactam Sodico",
Ampicilina Sodica + Sulbactam Sodico,Generico,Antibioticos Sistemicos-Associacoes Medicamentosas,"Ampicilina Sodica, Sulbactam Sodico",
Imipenem + Cilastatina,Generico,Antibioticos Sistemicos-Associacoes Medicamentosas,"Imipenem Monoidratado, Cilastatina Sodica",
Imipenem + Cilastatina Sodica,Generico,Antibioticos Sistemicos-Associacoes Medicamentosas,"Imipenem Monoidratado, Cilastatina Sodica",
Imipenem + Cilastatina Sodica,Generico,Antibioticos Sistemicos-Associacoes Medicamentosas,"Imipenem, Cilastatina Sodica",
Sulfato De Neomicina + Bacitracina Zincica,Generico,Antinfecciosos Topicos-Associacoes Medicamentosas,"Sulfato De Neomicina, Bacitracina Zincica",
Tosilato De Edoxabana,Generico,Anticoagulantes,Tosilato De Edoxabana Monoidratado,
Varfarina Sodica,Generico,Anticoagulantes,Varfarina Sodica,
Cloridrato De Donepezila,Generico,Outros Produtos Que Atuam Sobre O Sistema Nervoso,Cloridrato De Donepezila,
Acetato De Clomardinona + Etinildestradiol,Generico,Anticoncepcionais,"Acetato De Clormadinona, Etinilestradiol",
Acetato De Clormadinona + Etinilestradiol,Generico,Anticoncepcionais,"Acetato De Clormadinona, Etinilestradiol",
Acetato De Medroxiprogesterona + Cipionato De Estradiol,Generico,Anticoncepcionais,"Acetato De Medroxiprogesterona, Cipionato De Estradiol",
Algestona Acetofenida + Enantato De Estradiol,Generico,Estrogenos Assocs  A Outros Farmacos Exclusive Androgenos,"Algestona Acetofenida, Enantato De Estradiol",
Desogestrel,Generico,Anticoncepcionais,Desogestrel,
Desogestrel + Etinilestradiol,Generico,Anticoncepcionais,"Desogestrel, Etinilestradiol",
Drosperinona + Etinilestradiol,Generico,Anticoncepcionais,"Drospirenona, Etinilestradiol",
Drospirenona + Etinilestradiol,Generico,Anticoncepcionais,"Drospirenona, Etinilestradiol",
Enantato De Noretisterona + Valerato De Estradiol,Generico,Anticoncepcionais,"Enantato De Noretisterona, Valerato De Estradiol",
Acetato De Clormadinona + Etinilestradiol,Generico,Anticoncepcionais,"Etinilestradiol, Acetato De Clormadinona",
Etinilestradiol + Desogestrel,Generico,Anticoncepcionais,"Etinilestradiol, Desogestrel",
Etinilestradiol + Gestodeno,Generico,Anticoncepcionais,"Etinilestradiol, Gestodeno",
Gestodeno + Etinilestradiol,Generico,Anticoncepcionais,"Gestodeno, Etinilestradiol",
Levonorgestrel,Generico,Anticoncepcionais,Levonorgestrel,
Levonorgestrel + Etinilestradiol,Generico,Anticoncepcionais,"Levonorgestrel Micronizado, Etinilestradiol",
Levonorgestrel + Etinilestradiol,Generico,Anticoncepcionais,"Levonorgestrel, Etinilestradiol",
Noretisterona,Generico,Anticoncepcionais,Noretisterona,
Valerato De Estradiol + Dienogeste,Generico,Anticoncepcionais,"Valerato De Estradiol, Dienogeste",
Carbamazepina,Generico,Anticonvulsivantes,Carbamazepina,
Clonazepam,Generico,Anticonvulsivantes,Clonazepam,
Clonazepam (Port. 344/98 – Lista B1),Generico,Anticonvulsivantes,Clonazepam,
Divalproato De Sodio,Generico,Anticonvulsivantes,Divalproato De Sodio,
Fenitoina,Generico,Anticonvulsivantes,Fenitoina,
Fenitoina Sodica,Generico,Anticonvulsivantes,Fenitoina Sodica,
Fenobarbital,Generico,Anticonvulsivantes,Fenobarbital,
Fenobarbital,Generico,Anticonvulsivantes,"Fenobarbital, Fenobarbital Sodico",
Gabapentina,Generico,Anticonvulsivantes,Gabapentina,
Lacosamida,Generico,Anticonvulsivantes,Lacosamida,
Lamotrigina,Generico,Anticonvulsivantes,Lamotrigina,
Levetiracetam,Generico,Anticonvulsivantes,Levetiracetam,
Oxcarbazepina,Generico,Anticonvulsivantes,Oxcarbazepina,
Pregabalina,Generico,Anticonvulsivantes,Pregabalina,
Topiramato,Generico,Anticonvulsivantes,Topiramato,
Valproato De Sodio,Generico,Anticonvulsivantes,Valproato De Sodio,
Acido Valproico,Generico,Anticonvulsivantes,"Valproato De Sodio, Acido Valproico",
Cloridrato De Biperideno,Generico,Antiparkinsonianos,Cloridrato De Biperideno,
Agomelatina,Generico,Antidepressivos,Agomelatina,
Bromidrato De Citalopram,Generico,Antidepressivos,Bromidrato De Citalopram,
Citalopram,Generico,Antidepressivos,Bromidrato De Citalopram,
Bromidrato De Vortioxetina,Generico,Antidepressivos,Bromidrato De Vortioxetina,
Carbonato De Litio,Generico,Antidepressivos,Carbonato De Litio,
Citalopram,Generico,Antidepressivos,Citalopram,
"Citalopram (Port. 344/98, L-C1)",Generico,Antidepressivos,Citalopram,
Cloridrato De Amitriptilina,Generico,Antidepressivos,Cloridrato De Amitriptilina,
Cloridrato De Bupropiona,Generico,Antidepressivos,Cloridrato De Bupropiona,
Cloridrato De Clomipramina,Generico,Antidepressivos,Cloridrato De Clomipramina,
Cloridrato De Duloxetina,Generico,Antidepressivos,Cloridrato De Duloxetina,
Cloridrato De Fluoxetina,Generico,Antidepressivos,Cloridrato De Fluoxetina,
Cloridrato De Nortriptilina,Generico,Antidepressivos,Cloridrato De Nortriptilina,
Cloridrato De Paroxetina,Generico,Antidepressivos,Cloridrato De Paroxetina,
Cloridrato De Paroxetina,Generico,Antidepressivos,Cloridrato De Paroxetina Hemi-Hidratado,
Cloridrato De Paroxetina,Generico,Antidepressivos,"Cloridrato De Paroxetina, Cloridrato De Paroxetina Hemi-Hidratado",
Cloridrato De Sertralina,Generico,Antidepressivos,Cloridrato De Sertralina,
Cloridrato De Trazodona,Generico,Antidepressivos,Cloridrato De Trazodona,
Cloridrato De Venlafaxina,Generico,Antidepressivos,Cloridrato De Venlafaxina,
Cloridrato De Venlafaxina (Port. 344/98 L-C1),Generico,Antidepressivos,Cloridrato De Venlafaxina,
Maleato De Fluvoxamina,Generico,Antidepressivos,Maleato De Fluvoxamina,
Mirtazapina,Generico,Antidepressivos,Mirtazapina,
Oxalato De Escitalopram,Generico,Antidepressivos,Oxalato De Escitalopram,
Succinato De Desvelafaxina,Generico,Antidepressivos,Succinato De Desvenlafaxina Monoidratado,
Succinato De Desvenlafaxina,Generico,Antidepressivos,Succinato De Desvenlafaxina Monoidratado,
Succinato De Desvenlafaxina Monoidratado,Generico,Antidepressivos,Succinato De Desvenlafaxina Monoidratado,
Benzoato De Alogliptina,Generico,Antidiabeticos,Benzoato De Alogliptina,
Benzoato De Alogliptina + Cloridrato De Pioglitazona,Generico,Antidiabeticos,"Benzoato De Alogliptina, Cloridrato De Pioglitazona",
Cloridrato De Metformina,Generico,Antidiabeticos,Cloridrato De Metformina,
Cloridrato De Metformina + Benzoato De Alogliptina,Generico,Antidiabeticos,"Cloridrato De Metformina, Benzoato De Alogliptina",
Dapagliflozina + Cloridrato De Metformina,Generico,Antidiabeticos,"Cloridrato De Metformina, Dapagliflozina",
Cloridrato De Metformina + Fosfato De Sitagliptina,Generico,Antidiabeticos,"Cloridrato De Metformina, Fosfato De Sitagliptina Monoidratado",
Cloridrato De Metformina + Glibenclamida,Generico,Antidiabeticos,"Cloridrato De Metformina, Glibenclamida",
Cloridrato De Pioglitazona,Generico,Antidiabeticos,Cloridrato De Pioglitazona,
Cloridrato De Sitagliptina Monoidratado + Cloridrato De Metformina,Generico,Antidiabeticos,"Cloridrato De Sitagliptina Monoidratado, Cloridrato De Metformina",
Dapagliflozina,Generico,Antidiabeticos,Dapagliflozina,
Dapagliflozina Propanodiol,Generico,Antidiabeticos,Dapagliflozina Propanodiol Monoidratado,
Dapagliflozina Propanodiol + Cloridrato De Metformina,Generico,Antidiabeticos,"Dapagliflozina Propanodiol Monoidratado, Cloridrato De Metformina",
Dapagliflozina Propanodiol + Cloridrato De Saxagliptina,Generico,Antidiabeticos,"Dapagliflozina Propanodiol Monoidratado, Saxagliptina Monoidratada",
Empagliflozina,Generico,Antidiabeticos,Empagliflozina,
Fosfato De Sitagliptina,Generico,Antidiabeticos,Fosfato De Sitagliptina,
Fosfato De Sitagliptina + Cloridrato De Metformina,Generico,Antidiabeticos,"Fosfato De Sitagliptina Monoidratado, Cloridrato De Metformina",
Fosfato De Sitagliptina + Cloridrato De Metformina,Generico,Antidiabeticos,"Fosfato De Sitagliptina, Cloridrato De Metformina",
Glibenclamida,Generico,Antidiabeticos,Glibenclamida,
Gliclazida,Generico,Antidiabeticos,Gliclazida,
Glimepirida,Generico,Antidiabeticos,Glimepirida,
Glimepirida + Cloridrato De Metformina,Generico,Antidiabeticos,"Glimepirida, Cloridrato De Metformina",
Linagliptina,Generico,Antidiabeticos,Linagliptina,
Linagliptina + Cloridrato De Metformina,Generico,Antidiabeticos,"Linagliptina, Cloridrato De Metformina",
Repaglinida,Generico,Antidiabeticos,Repaglinida,
Tartarato De Evogliptina,Generico,Antidiabeticos,Tartarato De Evogliptina,
Vildagliptina,Generico,Antidiabeticos,Vildagliptina,
Vildagliptina + Cloridrato De Metformina,Generico,Antidiabeticos,"Vildagliptina, Cloridrato De Metformina",
Cloridrato De Loperamida,Generico,Antidiarreicos Adsorventes E Antifiseticos,Cloridrato De Loperamida,
Racecadotrila,Generico,Antidiarreicos Simples Sem Acao Antimicrobiana,Racecadotrila,
Bromoprida,Generico,Antiemeticos E Antinauseantes,Bromoprida,
Cloridrato De Ondansentrona,Generico,Antiemeticos E Antinauseantes,Cloridrato  De Ondansetrona Di-Hidratado,
Cloridrato De Ondansetrona,Generico,Antiemeticos E Antinauseantes,Cloridrato  De Ondansetrona Di-Hidratado,
Cloridrato De Ondansetrona Di-Hidratado,Generico,Antiemeticos E Antinauseantes,Cloridrato  De Ondansetrona Di-Hidratado,
Cloridrato De Ondansetrona Dihidratado,Generico,Antiemeticos E Antinauseantes,Cloridrato  De Ondansetrona Di-Hidratado,
Ondansetrona,Generico,Antiemeticos E Antinauseantes,Cloridrato  De Ondansetrona Di-Hidratado,
Cloridrato De Ondansetrona,Generico,Antiemeticos E Antinauseantes,"Cloridrato  De Ondansetrona Di-Hidratado, Cloridrato De Ondansetrona",
Cloridrato De Granisetrona,Generico,Antiemeticos E Antinauseantes,Cloridrato De Granisetrona,
Cloridrato De Metoclopramida,Generico,Antiemeticos E Antinauseantes,Cloridrato De Metoclopramida Monoidratado,
Cloridrato De Ondansetrona,Generico,Antiemeticos E Antinauseantes,Cloridrato De Ondansetrona,
Cloridrato De Palonosetrona,Generico,Antiemeticos E Antinauseantes,Cloridrato De Palonosetrona,
Dimenidrinato,Generico,Antiemeticos E Antinauseantes,Dimenidrinato,
Dimenidrinato + Cloridrato De Piridoxina,Generico,Antiemeticos E Antinauseantes,"Dimenidrinato, Cloridrato De Piridoxina",
Domperidona,Generico,Antiemeticos E Antinauseantes,Domperidona,
Fosaprepitanto Dimeglumina,Generico,Antiemeticos E Antinauseantes,Fosaprepitanto Dimeglumina,
Brometo De Pinaverio,Generico,Antiespasmodicos,Brometo De Pinaverio,
Butilbrometo De Escopolamina,Generico,Antiespasmodicos E Anticolinergicos Gastrintestinais,Butilbrometo De Escopolamina,
Butilbrometo De Escopolamina + Dipirona Monoidratada,Generico,Antiespasmodicos E Anticolinergicos-Assoc  Medicamentosas,"Butilbrometo De Escopolamina, Dipirona Monoidratada",
Cloridrato De Oxibutinina,Generico,Antiespasmodicos,Cloridrato De Oxibutinina,
Maleato De Trimebutina,Generico,Antiespasmodicos,Maleato De Trimebutina,
Brometo De N-Butilescopolamina + Dipirona,Generico,Antiespasmodicos E Anticolinergicos-Assoc  Medicamentosas,"Butilbrometo De Escopolamina, Dipirona",
Butilbrometo De Escopolamina + Dipirona Sodica,Generico,Antiespasmodicos E Anticolinergicos-Assoc  Medicamentosas,"Butilbrometo De Escopolamina, Dipirona",
Butilbrometo De Escopolamina + Dipirona,Generico,Antiespasmodicos E Anticolinergicos-Assoc  Medicamentosas,"Butilbrometo De Escopolamina, Dipirona Monoidratada",
Butilbrometo De Escopolamina + Dipirona Sodica,Generico,Antiespasmodicos E Anticolinergicos-Assoc  Medicamentosas,"Butilbrometo De Escopolamina, Dipirona Monoidratada",
Butilbrometo De Escopolamina + Dipirona Monoidratada,Generico,Antiespasmodicos,"Butilbrometo De Escopolamina, Dipirona, Dipirona Monoidratada",
Dipirona Monoidratada + Butilbrometo De Escopolamina,Generico,Antiespasmodicos E Anticolinergicos-Assoc  Medicamentosas,"Dipirona Monoidratada, Butilbrometo De Escopolamina",
Simeticona + Metilbrometo De Homatropina,Generico,Antiespasmodicos E Anticolinergicos-Assoc  Medicamentosas,"Metilbrometo De Homatropina, Simeticona",
Acido Tranexamico,Generico,Antifibrinoliticos,Acido Tranexamico,
Bimatoprosta,Generico,Antiglaucomatosos,Bimatoprosta,
Bimatoprosta + Maleato De Timolol,Generico,Antiglaucomatosos,"Bimatoprosta, Maleato De Timolol",
Cloridrato De Dorzolamida,Generico,Antiglaucomatosos,Cloridrato De Dorzolamida,
Cloridrato De Dorzolamida + Maleato De Timolol,Generico,Antiglaucomatosos,"Cloridrato De Dorzolamida, Maleato De Timolol",
Latanoprosta + Maleato De Timolol,Generico,Antiglaucomatosos,"Latanoprosta, Maleato De Timolol",
Maleato De Timolol,Generico,Antiglaucomatosos,Maleato De Timolol,
Tartarato De Brimonidina,Generico,Antiglaucomatosos,Tartarato De Brimonidina,
Tartarato De Brimonidina + Maleato De Timolol,Generico,Antiglaucomatosos,"Tartarato De Brimonidina, Maleato De Timolol",
Travoprosta,Generico,Antiglaucomatosos,Travoprosta,
Cloridrato De Betaxolol,Generico,Antiglaucomatosos,Cloridrato De Betaxolol,
Alopurinol,Generico,Antigotosos,Alopurinol,
Colchicina,Generico,Antinflamatorios Antireumaticos,Colchicina,
Cetoprofeno,Generico,Antinflamatorios Antireumaticos,Cetoprofeno,
Trometamol Cetorolaco,Generico,Antinflamatorios,Trometamol Cetorolaco,
Atorvastatina Calcica,Generico,Antilipemicos,Atorvastatina Calcica,
Bezafibrato,Generico,Antilipemicos,Bezafibrato,
Ciprofibrato,Generico,Antilipemicos,Ciprofibrato,
Teulenn,Generico,Antilipemicos,Ciprofibrato,
Ezetimiba,Generico,Antilipemicos,Ezetimiba,
Ezetimiba + Sinvastatina,Generico,Antilipemicos,"Ezetimiba, Sinvastatina",
Fenofibrato,Generico,Antilipemicos,Fenofibrato,
Fenofibrato Micronizado,Generico,Antilipemicos,Fenofibrato,
Genfibrozila,Generico,Antilipemicos,Genfibrozila,
Pitavastatina Calcica,Generico,Antilipemicos,Pitavastatina Calcica,
Pitavastatina Calcica,Generico,Antilipemicos,Pitavastatina Calcica Pentaidratada,
Pravastatina Sodica,Generico,Antilipemicos,Pravastatina Sodica,
Rosuvastatina Calcica,Generico,Antilipemicos,Rosuvastatina Calcica,
Rosuvastatina Calcica + Ezetimiba,Generico,Antilipemicos,"Rosuvastatina Calcica, Ezetimiba",
Sinvastatina,Generico,Antilipemicos,Sinvastatina,
Sulfato De Hidroxicloroquina,Generico,Antimalaricos,Sulfato De Hidroxicloroquina,
Azacitidina,Generico,Antimetabolicos Analogos Da Pirimidina,Azacitidina,
Citarabina,Generico,Antimetabolicos Analogos Da Pirimidina,Citarabina,
Folinato De Calcio,Generico,Antimetabolicos Antagonistas Do Acido Folico,Folinato De Calcio,
Metotrexato,Generico,Antimetabolicos Antagonistas Do Acido Folico,Metotrexato,
Metilsulfato De Neostigmina,Generico,Antimiastenicos E Descurarizantes,Metilsulfato De Neostigmina,
Cetoconazol,Generico,Antimicotico,Cetoconazol,
Cloridrato De Terbinafina,Generico,Antimicotico,Cloridrato De Terbinafina,
Clotrimazol,Generico,Antiinfecciosos E Antissepticos Ginecologicos Excluindo Associacoes Com Corticosteroides,Clotrimazol,
Itraconazol,Generico,Antimicoticos Sistemicos,Itraconazol,
Nistatina,Generico,Antimicotico,Nistatina,
Tinidazol + Nitrato De Miconazol,Generico,Produtos Ginecologicos Antiinfecciosos Topicos Associacao Medicamentosa,"Tinidazol, Nitrato De Miconazol",
Acido Fusidico + Valerato De Betametasona,Generico,Antinfecciosos Topicos-Associacoes Medicamentosas,"Acido Fusidico, Valerato De Betametasona",
Cetoconazol + Dipropionato De Betametasona + Sulfato De Neomicina,Generico,Glicocorticoides Topicos - Associacao Medicamentosa,"Cetoconazol, Dipropionato De Betametasona, Sulfato De Neomicina",
Ciclopirox Olamina,Generico,Antimicoticos Para Uso Topico,Ciclopirox Olamina,
Ciclopirox- Olamina,Generico,Antimicoticos Para Uso Topico,Ciclopirox Olamina,
Dermostatin,Generico,Emolientes E Protetores Da Pele E Mucosas,"Nistatina, Oxido De Zinco",
Nistatina + Oxido De Zinco,Generico,Emolientes E Protetores Da Pele E Mucosas,"Nistatina, Oxido De Zinco",
Nitrato De Fenticonazol,Generico,Antimicoticos Para Uso Topico,Nitrato De Fenticonazol,
Nitrato De Isoconazol,Generico,Produtos Ginecologicos Antinfecciosos Topicos Simples,Nitrato De Isoconazol,
Nitrato De Oxiconazol,Generico,Antimicoticos Para Uso Topico,Nitrato De Oxiconazol,
Tioconazol,Generico,Antimicoticos Para Uso Topico,Tioconazol,
Acido Zoledronico,Generico,Supressores Da Reabsorcao Ossea,Acido Zoledronico Monoidratado,
Bicalutamida,Generico,Antineoplasico,Bicalutamida,
Cabazitaxel,Generico,Antineoplasico,Cabazitaxel,
Carboplatina,Generico,Antineoplasico,Carboplatina,
Carfilzomibe,Generico,Outros Agentes Antineoplasicos,Carfilzomibe,
Cisplatina,Generico,Antineoplasico,Cisplatina,
Citrato De Tamoxifeno,Generico,Antineoplasico,Citrato De Tamoxifeno,
Cloridrato De Irinotecano,Generico,Antineoplasico,Cloridrato De Irinotecano Triidratado,
Cloridrato De Pazopanibe,Generico,Antineoplasico,Cloridrato De Pazopanibe,
Cloridrato De Topotecana,Generico,Antineoplasico,Cloridrato De Topotecana,
Dasatinibe,Generico,Antineoplasico,Dasatinibe,
Dasatinibe,Generico,Antineoplasico,Dasatinibe Monoidratado,
Dasatinibe Monoidratado,Generico,Antineoplasico,Dasatinibe Monoidratado,
Decitabina,Generico,Antineoplasicos Citotoxicos,Decitabina,
Docetaxel,Generico,Antineoplasico,Docetaxel Tri-Hidratado,
Enzalutamida,Generico,Antineoplasico,Enzalutamida,
Esilato De Nintedanibe,Generico,Antineoplasico,Esilato De Nintedanibe,
Exemestano,Generico,Antineoplasico,Exemestano,
Fluoruracila,Generico,Outros Antineoplasicos,Fluoruracila,
Flutamida,Generico,Antineoplasico,Flutamida,
Supreniq,Generico,Antineoplasico,Fulvestranto,
Gefitinibe,Generico,Antineoplasico,Gefitinibe,
Hidroxiureia,Generico,Agentes Antineoplasicos,Hidroxiureia,
Ifosfamida,Generico,Antineoplasico,Ifosfamida,
Metotrexato,Generico,Antineoplasico,Metotrexato De Sodio,
Metotrexato De Sodio,Generico,Antineoplasico,Metotrexato De Sodio,
Paclitaxel,Generico,Agentes Antineoplasicos,Paclitaxel,
Pamidronato Dissodico,Generico,Antineoplasico,Pamidronato Dissodico,
Pemetrexede,Generico,Antineoplasico,Pemetrexede Dissodico Hemipentaidratado,
Pemetrexede Dissodico,Generico,Antineoplasico,Pemetrexede Dissodico Heptaidratado,
Pemetrexede Dissodico Heptaidratado,Generico,Antineoplasico,Pemetrexede Dissodico Heptaidratado,
Tosilato De Sorafenibe,Generico,Antineoplasico,Tosilato De Sorafenibe,
Bortezomibe,Generico,Antineoplasicos Citotoxicos,Bortezomibe,
Bussulfano,Generico,Antineoplasicos Citotoxicos,Bussulfano,
Cloridrato De Bendamustina,Generico,Antineoplasicos Citotoxicos,Cloridrato De Bendamustina,
Cloridrato De Bendamustina,Generico,Antineoplasicos Citotoxicos,Cloridrato De Bendamustina Monoidratada,
Cloridrato De Melfalana,Generico,Antineoplasicos Citotoxicos,Cloridrato De Melfalana,
Axetilcefuroxima,Generico,Cefalosporinas,Axetilcefuroxima,
Acido Fusidico,Generico,Antinfecciosos Topicos,Acido Fusidico,
Metronidazol + Nistatina,Generico,Produtos Ginecologicos Antiinfecciosos Topicos Associacao Medicamentosa,"Metronidazol, Nistatina",
Mupirocina,Generico,Antinfecciosos Topicos,Mupirocina,
Sulfadiazina De Prata,Generico,Outros Produtos Com Acao Na Pele E Mucosas,Sulfadiazina De Prata,
Sulfato De Neomicina,Generico,Antinfecciosos Topicos,Sulfato De Neomicina,
Sulfato De Neomicina + Bacitracina Zincica,Generico,Antinfecciosos Topicos,"Sulfato De Neomicina, Bacitracina",
Cloridrato De Ciprofloxacino + Dexametasona,Generico,Antinfecciosos Topicos Para Uso Oftalmico,"Cloridrato De Ciprofloxacino Monoidratado, Dexametasona",
Cloridrato De Ciprofloxacino Monoidratado + Dexametasona,Generico,Antinfecciosos Topicos Para Uso Oftalmico,"Cloridrato De Ciprofloxacino Monoidratado, Dexametasona",
Gatifloxacino,Generico,Antinfecciosos Topicos Para Uso Oftalmico,Gatifloxacino,
Ofloxacino,Generico,Antinfecciosos Topicos Para Uso Oftalmico,Ofloxacino,
Sulfato De Neomicina + Bacitracina Zincica,Generico,Antinfecciosos Topicos-Associacoes Medicamentosas,"Bacitracina Zincica, Sulfato De Neomicina",
Sulfato De Neomicina + Bacitracina Zincica,Generico,Antinfecciosos Topicos-Associacoes Medicamentosas,"Bacitracina, Sulfato De Neomicina",
Cetoconazol + Dipropionato De Betametasona,Generico,Glicocorticoides Topicos - Associacao Medicamentosa,"Cetoconazol, Dipropionato De Betametasona",
Cetoconazol + Betametasona + Sulfato De Neomicina,Generico,Glicocorticoides Topicos - Associacao Medicamentosa,"Cetoconazol, Dipropionato De Betametasona, Sulfato De Neomicina",
Cetoconazol + Dipropionato De Betametasona + Sulfato De Neomicina,Generico,Antinfecciosos Topicos-Associacoes Medicamentosas,"Cetoconazol, Sulfato De Neomicina, Dipropionato De Betametasona",
Cloridrato De Ciprofloxacina + Dexametasona,Generico,Antinfecciosos Topicos Para Uso Oftalmico,"Cloridrato De Ciprofloxacino Monoidratado, Dexametasona",
Cloridrato De Moxifloxacino + Fosfato Dissodico De Dexametasona,Generico,Antinfecciosos Topicos-Associacoes Medicamentosas,"Cloridrato De Moxifloxacino Monoidratado, Fosfato Dissodico De Dexametasona",
Cloridrato De Moxifloxacino + Fosfato Dissodico De Dexametasona,Generico,Antinfecciosos Topicos-Associacoes Medicamentosas,"Cloridrato De Moxifloxacino, Fosfato Dissodico De Dexametasona",
Dexametasona + Sulfato De Neomicina + Sulfato De Polimixina B,Generico,Antinfecciosos Topicos-Associacoes Medicamentosas,"Dexametasona, Sulfato De Neomicina, Sulfato De Polimixina B",
Dipropionato De Betametasona + Sulfato De Gentamicina,Generico,Glicocorticoides Topicos - Associacao Medicamentosa,"Dipropionato De Betametasona, Sulfato De Gentamicina",
Sulfato De Neomicina + Bacitracina,Generico,Antinfecciosos Topicos-Associacoes Medicamentosas,"Sulfato De Neomicina, Bacitracina Zincica",
Tioconazol + Tinidazol,Generico,Prods  Ginecologicos Antinfecc  Topicos Assoc  Medicamentosas,"Tioconazol, Tinidazol",
Acetonido De Triancinolona + Sulfato De Neomicina + Gramicidina + Nistatina,Generico,Antinfecciosos Topicos-Associacoes Medicamentosas,"Triancinolona Acetonida, Sulfato De Neomicina, Gramicidina, Nistatina",
Triancinolona Acetonida + Sulfato De Neomicina + Gramicidina + Nistat,Generico,Antinfecciosos Topicos-Associacoes Medicamentosas,"Triancinolona Acetonida, Sulfato De Neomicina, Gramicidina, Nistatina",
Valerato De Betametasona + Sulfato De Gentamicina + Tolnaftato + Clio,Generico,Glicocorticoides Topicos - Associacao Medicamentosa,"Valerato De Betametasona, Sulfato De Gentamicina, Tolnaftato, Clioquinol",
Valerato De Betametasona + Sulfato De Getamicina + Tolnaftato + Clioq,Generico,Glicocorticoides Topicos - Associacao Medicamentosa,"Valerato De Betametasona, Sulfato De Gentamicina, Tolnaftato, Clioquinol",
Aceclofenaco,Generico,Antinflamatorios,Aceclofenaco,
Acido  Mefenamico,Generico,Antinflamatorios Antireumaticos,Acido Mefenamico,
Acido Mefenamico,Generico,Antinflamatorios Antireumaticos,Acido Mefenamico,
Trometamol Cetorolaco,Generico,Antinflamatorios,Cetorolaco Trometamina,
Clonixinato De Lisina,Generico,Antinflamatorios,Clonixinato De Lisina,
Diclofenaco Colestiramina,Generico,Antinflamatorios,Diclofenaco Colestiramina,
Diclofenaco,Generico,Antinflamatorios,Diclofenaco De Potassio,
Diclofenaco Resinato,Generico,Antinflamatorios,Diclofenaco De Potassio,
Diclofenaco Dietilamonio,Generico,Antinflamatorios,Diclofenaco Dietilamonio,
Diclofenaco Potassico,Generico,Antinflamatorios,Diclofenaco Potassico,
Diclofenaco Resinato,Generico,Antinflamatorios,Diclofenaco Resinato,
Diclofenaco Sodico,Generico,Antinflamatorios,Diclofenaco Sodico,
Loxoprofeno Sodico,Generico,Antinflamatorios,Loxoprofeno Sodico Di-Hidratado,
Meloxicam,Generico,Agentes Anti-Inflamatorios,Meloxicam,
Naproxeno,Generico,Antinflamatorios Antireumaticos,Naproxeno,
Naproxeno Sodico,Generico,Antinflamatorios,Naproxeno Sodico,
Nimesulida Betaciclodextrina,Generico,Antinflamatorios,Nimesulida Betaciclodextrina,
Paracetamol + Cafeina + Carisoprodol + Diclofenaco Sodico,Generico,Antinflamatorios,"Paracetamol, Cafeina, Carisoprodol, Diclofenaco Sodico",
Cafeina + Carisoprodol + Diclofenaco Sodico + Paracetamol,Generico,Antinflamatorios,"Paracetamol, Carisoprodol, Diclofenaco Sodico, Cafeina",
Paracetamol + Carisoprodol + Diclofenaco Sodico + Cafeina,Generico,Antinflamatorios,"Paracetamol, Carisoprodol, Diclofenaco Sodico, Cafeina",
Parecoxibe Sodico,Generico,Antinflamatorios,Parecoxibe Sodico,
Piroxicam,Generico,Antinflamatorios,Piroxicam,
Tenoxicam,Generico,Antinflamatorios Antireumaticos,Tenoxicam,
Cetorolaco De Trometamol,Generico,Antinflamatorios,Trometamol Cetorolaco,
Etodolaco,Generico,Antinflamatorios Antireumaticos,Etodolaco,
Etoricoxibe,Generico,Antinflamatorios Antireumaticos,Etoricoxibe,
Fenilbutazona Calcica,Generico,Antinflamatorios Antireumaticos,Fenilbutazona Calcica,
Leflunomida,Generico,Antinflamatorios Antireumaticos,Leflunomida,
Cloridrato De Tiamina + Cloridrato De Piridoxina + Cianocobalamina + ,Generico,Antinflamatorios E Antireumatios-Assocs  Medicamentosas,"Cloridrato De Tiamina, Cloridrato De Piridoxina, Cianocobalamina, Fosfato Dissodico De Dexametasona",
Metronidazol,Generico,Antiparasitarios,"Benzoilmetronidazol, Metronidazol",
Ivermectina,Generico,Outros Produtos Dermatologicos,Ivermectina,
Nitazoxanida,Generico,Antiparasitarios,Nitazoxanida,
Carbidopa Monoidratada + Levodopa,Generico,Antiparkinsonianos,"Carbidopa Monoidratada, Levodopa",
Carbidopa + Levodopa,Generico,Antiparkinsonianos,"Carbidopa, Levodopa",
Dicloridrato De Pramipexol,Generico,Antiparkinsonianos,Dicloridrato De Pramipexol,
Dicloridrato De Pramipexol,Generico,Antiparkinsonianos,Dicloridrato De Pramipexol Monoidratado,
Dicloridrato De Pramipexol Monoidratado,Generico,Antiparkinsonianos,Dicloridrato De Pramipexol Monoidratado,
Levodopa + Cloridrato De Benserazida,Generico,Antiparkinsonianos,"Levodopa, Cloridrato De Benserazida",
Mesilato De Rasagilina,Generico,Antiparkinsonianos,Mesilato De Rasagilina,
Mesilato De Safinamida,Generico,Antiparkinsonianos,Mesilato De Safinamida,
Aripiprazol,Generico,Antipsicoticos,Aripiprazol,
Cloridrato De Lurasidona,Generico,Derivados Do Indol,Cloridrato De Lurasidona,
Cloridrato De Ziprasidona,Generico,Neurolepticos,Cloridrato De Ziprasidona Monoidratado,
Hemifumarato De Quetiapina,Generico,Antipsicoticos,Hemifumarato De Quetiapina,
Olanzapina,Generico,Antipsicoticos,Olanzapina,
Darunavir,Generico,Antiretroviral,Darunavir,
Darunavir,Generico,Antiretroviral,"Darunavir, Etanolato De Darunavir",
Dolutegravir Sodico,Generico,Antiretroviral,Dolutegravir Sodico,
Efavirenz,Generico,Antiretroviral,Efavirenz,
Entricitabina + Fumarato De Tenofovir Desoproxila,Generico,Antiretroviral,"Entricitabina, Fumarato De Tenofovir Desoproxila",
Fumarato De Tenofovir Desoproxila,Generico,Antiretroviral,Fumarato De Tenofovir Desoproxila,
Fumarato De Tenofovir Desoproxila + Lamivudina,Generico,Antiretroviral,"Fumarato De Tenofovir Desoproxila, Lamivudina",
Lamivudina + Dolutegravir Sodico,Generico,Antiretroviral,"Lamivudina, Dolutegravir Sodico",
Darunavir,Generico,Antiretroviral,Propilenoglicolato De Darunavir,
Cilostazol,Generico,Antitrombotico,Cilostazol,
Etexilato De Dabigatrana,Generico,Antitrombotico,Mesilato De Etexilato De Dabigatrana,
Dopropizina,Generico,Antitussigenos Simples,Dropropizina,
Dropropizina,Generico,Antitussigenos Simples,Dropropizina,
Fendizoato De Cloperastina,Generico,Antitussigenos,Fendizoato De Cloperastina,
Cloridrato De Clobutinol + Succinato De Doxilamina,Generico,Antitussigenos-Associacoes Medicamentosas,"Cloridrato De Clobutinol, Succinato De Doxilamina",
Cloridrato De Ranitidina,Generico,Antiulcerosos,Cloridrato De Ranitidina,
Esomeprazol Magnesico,Generico,Antiulcerosos,Esomeprazol Magnesico,
Esomeprazol Magnesico Tri-Hidratado,Generico,Antiulcerosos,Esomeprazol Magnesico Tri-Hidratado,
Esomeprazol Magnesio Triidratado,Generico,Antiulcerosos,Esomeprazol Magnesico Tri-Hidratado,
Lansoprazol,Generico,Antiulcerosos,Lansoprazol,
Omeprazol,Generico,Antiulcerosos,Omeprazol Microgranulados,
Omeprazol Sodico,Generico,Antiulcerosos,Omeprazol Sodico,
Pantoprazol,Generico,Antiulcerosos,Pantoprazol,
Rabeprazol Sodico,Generico,Antiulcerosos,Rabeprazol Sodico,
Dicloridrato De Betaistina,Generico,Antivertiginosos,Betaistina,
Dicloridrato De Betaistina,Generico,Vasodilatadores,Dicloridrato De Betaistina,
Aciclovir,Generico,Antiviroticos,Aciclovir,
Aciclovir Sodico,Generico,Antivirais,Aciclovir Sodico,
Sofosbuvir,Generico,Antiviroticos,Sofosbuvir,
Aciclovir,Generico,Antiviroticos,"Aciclovir, Aciclovir Sodico",
Cloridrato De Valaciclovir,Generico,Antiviroticos (Inibe Replicacao Virotica),Cloridrato De Valaciclovir,
Cloridrato De Valganciclovir,Generico,Antiviroticos,Cloridrato De Valganciclovir,
Dicloridrato De Daclatasvir,Generico,Antiviroticos,Dicloridrato De Daclatasvir,
Ganciclovir Sodico,Generico,Antiviroticos,Ganciclovir Sodico,
Fosfato De Oseltamivir,Generico,Antiviroticos,Fosfato De Oseltamivir,
Entecavir,Generico,Antiviroticos (Inibe Replicacao Virotica),Entecavir Monoidratado,
Lopinavir + Ritonavir,Generico,Antiviroticos (Inibe Replicacao Virotica),"Lopinavir, Ritonavir",
Ritonavir,Generico,Antiviroticos (Inibe Replicacao Virotica),Ritonavir,
Sulfato De Atazanavir,Generico,Antiviroticos (Inibe Replicacao Virotica),Sulfato De Atazanavir,
Cloridrato De Amilorida + Hidroclorotiazida,Generico,Associacao De Farmacos Com Acao Diuretica,"Cloridrato De Amilorida, Hidroclorotiazida",
Cloridrato De  Sotalol,Generico,Betabloqueadores Simples,Cloridrato De Sotalol,
Cloridrato De Sotalol,Generico,Betabloqueadores Simples,Cloridrato De Sotalol,
Hemifumarato De Bisoprolol,Generico,Betabloqueadores Simples,Hemifumarato De Bisoprolol,
Succinato De Metoprolol,Generico,Betabloqueadores Simples,Succinato De Metoprolol,
Besilato De Cisatracurio,Generico,Bloqueador Neuromuscular,Besilato De Cisatracurio,
Brometo De Pancuronio,Generico,Bloqueador Neuromuscular,Brometo De Pancuronio,
Brometo De Rocuronio,Generico,Bloqueador Neuromuscular,Brometo De Rocuronio,
Acebrofilina,Generico,Broncodilatadores,Acebrofilina,
Aminofilina,Generico,Broncodilatadores,Aminofilina,
Brometo De Ipratropio,Generico,Broncodilatadores,Brometo De Ipratropio,
Brometo De Ipratroprio,Generico,Broncodilatadores,Brometo De Ipratropio,
Brometo De Ipratropio,Generico,Broncodilatadores,Brometo De Ipratropio Monoidratado,
Bromidrato De Fenoterol,Generico,Broncodilatadores,Bromidrato De Fenoterol,
Sulfato De Salbutamol,Generico,Broncodilatadores,Sulfato De Salbutamol,
Sulfato De Salbutamol,Generico,Broncodilatadores,Sulfato De Salbutamol Micronizado,
Sulfato De Terbutalina,Generico,Broncodilatadores,Sulfato De Terbutalina,
Cefaclor,Generico,Cefalosporinas,Cefaclor,
Cefadroxila,Generico,Cefalosporinas,Cefadroxila,
Cefadroxila,Generico,Cefalosporinas,Cefadroxila Monoidratada,
Cefadroxila,Generico,Cefalosporinas,"Cefadroxila, Cefadroxila Monoidratada",
Cefalexina,Generico,Cefalosporinas,Cefalexina,
Cefalexina Monoidratada,Generico,Cefalosporinas,Cefalexina,
Cefalexina Monoidratada,Generico,Cefalosporinas,Cefalexina Monoidratada,
Cefalexina,Generico,Cefalosporinas,"Cefalexina, Cefalexina Monoidratada",
Cefalotina Sodica,Generico,Cefalosporinas,Cefalotina Sodica Tamponada,
Cefdinir,Generico,Cefalosporinas,Cefdinir,
Cefotaxima Sodica,Generico,Cefalosporinas,Cefotaxima Sodica,
Cefoxitina Sodica,Generico,Cefalosporinas,Cefoxitina Sodica,
Ceftazidima,Generico,Cefalosporinas,Ceftazidima,
Ceftazidima Pentaidratada,Generico,Cefalosporinas,Ceftazidima Pentaidratada,
Ceftriaxona Dissodica,Generico,Cefalosporinas,Ceftriaxona Dissodica Hemieptaidratada,
Ceftriaxona Sodica,Generico,Cefalosporinas,Ceftriaxona Sodica,
Ceftriaxona Dissodica,Generico,Cefalosporinas,"Ceftriaxona, Ceftriaxona Dissodica Hemieptaidratada, Cloridrato De Lidocaina Monoidratada",
Cloridrato De Cefepima,Generico,Cefalosporinas,Cloridrato De Cefepima,
Cloridrato De Cefepime,Generico,Cefalosporinas,Cloridrato De Cefepima,
Ceftriaxona Dissodica,Generico,Cefalosporinas,"Cloridrato De Lidocaina Monoidratada , Ceftriaxona Dissodica Hemieptaidratada",
Acitretina,Generico,Ceratoliticos E Ceratoplasticos,Acitretina,
Oxaliplatina,Generico,Citostaticos Alquilantes,Oxaliplatina,
Temozolomida,Generico,Citostaticos Alquilantes,Temozolomida,
Cloridrato De Minociclina,Generico,Classe Das Tetraciclinas,Cloridrato De Minociclina,
Doxiciclina,Generico,Classe Das Tetraciclinas,"Doxiciclina, Doxiciclina Monoidratada",
Cloridrato De Doxiciclina,Generico,Antibioticos Sistemicos Simples,Hiclato De Doxiciclina,
Limeciclina,Generico,Classe Das Tetraciclinas,Limeciclina,
Succinato Sodico De Cloranfenicol,Generico,Cloranfenicol E Analogos,Succinato Sodico De Cloranfenicol,
Acido Ursodesoxicolico,Generico,"Colagogos, Colereticos E Hepatoprotetores",Acido Ursodesoxicolico,
Maleato De Bronfeniramina + Cloridrato De Fenilefrina,Generico,Produto P.Terapia Sintomatica Da Gripe,"Maleato De Bronfeniramina, Cloridrato De Fenilefrina",
Cloridrato De Nafazolina,Generico,Descongestionates Oftalmicos,Cloridrato De Nafazolina,
Cloridrato De Oximetazolina,Generico,Descongestionantes Nasais Topicos,Cloridrato De Oximetazolina,
Cloridrato De Nafazolina + Maleato De Feniramina,Generico,Descongestionates Oftalmicos,"Cloridrato De Nafazolina, Maleato De Feniramina",
Hidroquinona,Generico,Desmelanizantes,Hidroquinona,
Hidroquinona + Tretinoina + Fluocinolona Acetonida,Generico,Desmelanizantes,"Hidroquinona, Tretinoina, Fluocinolona Acetonida",
Furosemida,Generico,Diureticos Simples,Furosemida,
Hidroclorotiazida,Generico,Diureticos,Hidroclorotiazida,
Fumarato De Bisoprolol + Hidroclorotiazida,Generico,Diureticos Associados A Betabloqueadores,"Hemifumarato De Bisoprolol, Hidroclorotiazida",
Clorotalidona,Generico,Diureticos Simples,Clortalidona,
Clortalidona,Generico,Diureticos Simples,Clortalidona,
Espironolactona,Generico,Diureticos,Espironolactona,
Permetrina,Generico,Escabicidas E Outros Ectoparasiticidas,Permetrina,
Acetato De Noretisterona + Etinilestradiol,Generico,Estrogenos Assocs  A Outros Farmacos Exclusive Androgenos,"Acetato De Noretisterona, Etinilestradiol",
Estradiol + Acetato De Noretisterona,Generico,Estrogenos Assocs  A Outros Farmacos Exclusive Androgenos,"Estradiol Hemi-Hidratado, Acetato De Noretisterona",
Estradiol + Drospirenona,Generico,Estrogenos Assocs  A Outros Farmacos Exclusive Androgenos,"Estradiol Hemi-Hidratado, Drospirenona",
Estradiol + Acetato De Noretisterona,Generico,Outros Produtos Para Uso Em Ginecologia E Obstetricia,"Estradiol, Acetato De Noretisterona",
Etinilestradiol + Acetato De Ciproterona,Generico,Estrogenos Assocs  A Outros Farmacos Exclusive Androgenos,"Etinilestradiol, Acetato De Ciproterona",
Estradiol,Generico,Estrogenos Simples,Estradiol Hemi-Hidratado,
Estradiol Hemi-Hidratado,Generico,Estrogenos Simples,Estradiol Hemi-Hidratado,
Estriol,Generico,Estrogenos Simples,Estriol,
Promestrieno,Generico,Estrogenos Simples,Promestrieno,
Valerato De Estradiol,Generico,Estrogenos Simples,Valerato De Estradiol Micronizado,
Cloridrato De Ambroxol,Generico,Expectorantes Balsamicos E Mucolitico,Cloridrato De Ambroxol,
Cloridrato De Bromexina,Generico,Expectorantes,Cloridrato De Bromexina,
Acetilcisteina,Generico,Expectorantes Balsamicos E Mucolitico,Acetilcisteina,
Carbocisteina,Generico,Expectorantes Balsamicos E Mucolitico,Carbocisteina,
Cloridrato De Oxomemazina + Iodeto De Potassio + Benzoato De Sodio + ,Generico,Expectorantes Balsamicos E Mucolitico,"Cloridrato De Oxomemazina, Iodeto De Potassio, Benzoato De Sodio, Guaifenesina",
Guaifenesina,Generico,Expectorantes,Guaifenesina,
Maleato De Dexclorfeniramina + Sulfato De Pseudoefedrina + Guaifenesi,Generico,Expectorantes Balsamicos E Mucolitico,"Maleato De Dexclorfeniramina, Sulfato De Pseudoefedrina, Guaifenesina",
Fenoximetilpenicilina Potassica,Generico,Fenoxipenicilinas,Fenoximetilpenicilina Potassica,
Acetato De Dexametasona,Generico,Glicocorticoides Top. Simp. Exc. Uso Oftalm.,Acetato De Dexametasona,
Betametasona,Generico,Glicocorticoides Sistemicos,Betametasona,
Deflazacorte,Generico,Glicocorticoides Sistemicos,Deflazacorte,
Dexametasona,Generico,Antinfecciosos Topicos Para Uso Oftalmico,Dexametasona,
Dipropionato De Betametasona + Fosfato Dissodico De Betametasona,Generico,Glicocorticoides Sistemicos,"Dipropionato De Betametasona, Fosfato Dissodico De Betametasona",
Fosfato Dissodico De Betametasona,Generico,Glicocorticoides Sistemicos,Fosfato Dissodico De Betametasona,
Fosfato Dissodico De Dexametasona,Generico,Glicocorticoides Sistemicos,Fosfato Dissodico De Dexametasona,
Fosfato Sodico De Prednisolona,Generico,Glicocorticoides Sistemicos,Fosfato Sodico De Prednisolona,
Prednisolona,Generico,Glicocorticoides Sistemicos,"Fosfato Sodico De Prednisolona, Prednisolona",
Prednisolona,Generico,Glicocorticoides Sistemicos,Prednisolona,
Prednisona,Generico,Glicocorticoides Sistemicos,Prednisona,
Succinato Sodico De Hidrocortisona,Generico,Glicocorticoides Sistemicos,Succinato Sodico De Hidrocortisona,
Succinato Sodico De Metilpredinisolona,Generico,Glicocorticoides Sistemicos,Succinato Sodico De Metilprednisolona,
Succinato Sodico De Metilprednisolona,Generico,Glicocorticoides Sistemicos,Succinato Sodico De Metilprednisolona,
Fosfato Dissodico De Betametasona + Dipropionato De Betametasona,Generico,Glicocorticoides Sistemicos,"Dipropionato De Betametasona, Fosfato Dissodico De Betametasona",
Dipropionato De Betametasona + Fosfato Dissodico De Betametasona,Generico,Glicocorticoides Sistemicos-Associacoes Medicamentosas,"Fosfato Dissodico De Betametasona, Dipropionato De Betametasona",
Acetato De Hidrocortisona,Generico,Glicocorticoides Top. Simp. Exc. Uso Oftalm.,Acetato De Hidrocortisona,
Acetonida De Triancinolona,Generico,Glicocorticoides Sistemicos,Acetonida De Triancinolona,
Budesonida,Generico,Glicocorticoides Top. Simp. Exc. Uso Oftalm.,Budesonida,
Desonida,Generico,Glicocorticoides Top. Simp. Exc. Uso Oftalm.,Desonida,
Dipropionato De Betametasona,Generico,Glicocorticoides Top. Simp. Exc. Uso Oftalm.,Dipropionato De Betametasona,
Dipropionato De Betametasona + Acido Salicilico,Generico,Glicocorticoides Top. Simp. Exc. Uso Oftalm.,"Dipropionato De Betametasona, Acido Salicilico",
Furoato De Mometasona,Generico,Outros Medicamentos Antiasmaticos,Furoato De Mometasona,
Hidrocortisona,Generico,Glicocorticoides Top. Simp. Exc. Uso Oftalm.,Hidrocortisona,
Propionato De Clobetasol,Generico,Corticosteroides Topicos,Propionato De Clobetasol,
"Propionato De Clobetasol 0,5Mg/G",Generico,Corticosteroides Topicos,Propionato De Clobetasol,
Acetonida De Triancinolona,Generico,Glicocorticoides Top. Simp. Exc. Uso Oftalm.,Triancinolona Acetonida,
Triancinolona Acetonida,Generico,Glicocorticoides Top. Simp. Exc. Uso Oftalm.,Triancinolona Acetonida,
Triancinolona De Acetonida,Generico,Glicocorticoides Top. Simp. Exc. Uso Oftalm.,Triancinolona Acetonida,
Valerato Betametasona,Generico,Glicocorticoides Top. Simp. Exc. Uso Oftalm.,Valerato De Betametasona,
Valerato De Betametasona,Generico,Glicocorticoides Top. Simp. Exc. Uso Oftalm.,Valerato De Betametasona,
Acetato De Prednisolona,Generico,Glicocorticoides Topico Oftalmologico Simples,Acetato De Prednisolona,
Cetoconazol + Diproprionato De Betametasona + Sulfato De Neomicina,Generico,Glicocorticoides Topicos - Associacao Medicamentosa,"Cetoconazol, Dipropionato De Betametasona, Sulfato De Neomicina",
Clotrimazol + Acetato De Dexametasona,Generico,Glicocorticoides Topicos - Associacao Medicamentosa,"Clotrimazol, Acetato De Dexametasona",
Cetoconazol + Dipropionato De Betametasona + Sulfato De Neomicina,Generico,Glicocorticoides Topicos - Associacao Medicamentosa,"Dipropionato De Betametasona, Cetoconazol, Sulfato De Neomicina",
Fluocinolona Acetonida + Sulfato De Polimixina B + Sulfato De Neomici,Generico,Glicocorticoides Topicos - Associacao Medicamentosa,"Fluocinolona Acetonida, Neomicina, Sulfato De Polimixina B, Cloridrato De Lidocaina",
Fluocinolona Acetonida + Sulfato De Polimixina B + Sulfato De Neomici,Generico,Glicocorticoides Topicos - Associacao Medicamentosa,"Fluocinolona Acetonida, Sulfato De Polimixina B, Sulfato De Neomicina, Cloridrato De Lidocaina",
Valerato De Betametasona + Sulfato De Gentamicina + Clioquinol + Toln,Generico,Glicocorticoides Topicos - Associacao Medicamentosa,"Valerato De Betametasona, Sulfato De Gentamicina, Clioquinol, Tolnaftato",
Valerato De Betametasona + Sulfato De Gentamicina + Tolnaftato + Clioquinol,Generico,Glicocorticoides Topicos - Associacao Medicamentosa,"Valerato De Betametasona, Sulfato De Gentamicina, Tolnaftato, Clioquinol",
Digoxina,Generico,Glicosideos Cardiacos,Digoxina,
Sulfato De Efedrina,Generico,Hipertensor,Sulfato De Efedrina,
Cloridrato De Dexmedetomidina,Generico,Hipnoticos,Cloridrato De Dexmedetomidina,
Cloridrato De Midazolam,Generico,Hipnoticos,Cloridrato De Midazolam,
Eszopiclona,Generico,Hipnoticos,Eszopiclona,
Etomidato,Generico,Hipnoticos,Etomidato,
Hemitartarato De Zolpidem,Generico,Hipnoticos,Hemitartarato De Zolpidem,
Maleato De Midazolam,Generico,Hipnoticos,Maleato De Midazolam,
Midazolam,Generico,Hipnoticos,Midazolam,
Ramelteona,Generico,Hipnoticos E Sedativos,Ramelteona,
Fosfato De Sitagliptina,Generico,Hipoglicemiante Oral,Fosfato De Sitagliptina Monoidratado,
Fosfato De Sitagliptina Monoidratado,Generico,Hipoglicemiante Oral,Fosfato De Sitagliptina Monoidratado,
Fosfato De Sitagliptina,Generico,Hipoglicemiante Oral,"Fosfato De Sitagliptina, Fosfato De Sitagliptina Monoidratado",
Cipionato De Testosterona,Generico,Hormonio Gonadotrofico,Cipionato De Testosterona,
Testosterona,Generico,Hormonios Sexuais Exclusive Ocitocicos,Testosterona,
Levotiroxina Sodica,Generico,Hormonios Tireoideanos Simples Ou Associados Entre Si,Levotiroxina Sodica,
Azatioprina,Generico,Antimetabolicos Analogos Da Purina,Azatioprina,
Acetato De Glatiramer,Generico,Imunomodulador,Acetato De Glatiramer,
Tacrolimo,Generico,Imunomodulador,Tacrolimo,
Teriflunomida,Generico,Imunomodulador,Teriflunomida,
Citrato De Tofacitinibe,Generico,Imunosupressor,Citrato De Tofacitinibe,
Tacrolimo Monoidratado,Generico,Imunosupressor,Tacrolimo Monoidratado,
Dutasterida,Generico,Inibidor Da Alfa-Redutase,Dutasterida,
Finasterida,Generico,Inibidor Da Alfa-Redutase,Finasterida,
Bisacodil,Generico,Laxantes Irritantes Ou Estimulantes,Bisacodil,
Cloridrato De Dobutamina,Generico,Outros Produtos Com Acao No Miocardio E Sistema De Conducao,Cloridrato De Dobutamina,
Epinefrina,Generico,Medicamentos C/ Acao No Miocardio,Epinefrina,
Cloridrato De Olopatadina,Generico,Medicamentos Com Acao No Aparelho Visual,Cloridrato De Olopatadina,
Orlistate,Generico,Moduladores Do Metabolismo E Da Digestao,Orlistate,
Benfotiamina,Generico,Monovitaminas Exceto Vitamina K,Benfotiamina,
Cloridrato De Clorpromazina,Generico,Neurolepticos,Cloridrato De Clorpromazina,
Clozapina,Generico,Neurolepticos,Clozapina,
Haloperidol,Generico,Neurolepticos,Haloperidol,
Maleato De Levomepromazina,Generico,Neurolepticos,Maleato De Levomepromazina,
Palmitato De Paliperidona,Generico,Neurolepticos,Palmitato De Paliperidona,
Risperidona,Generico,Neurolepticos,Risperidona,
Mononitrato De Isossorbida,Generico,Nitritos Nitratos E Semelhantes,Mononitrato De Isossorbida,
Nitrofurantoina,Generico,Nitrofuranicos,Nitrofurantoina,
Carmustina,Generico,Antineoplasicos Citotoxicos,Carmustina,
Ocitocina,Generico,Ocitocicos Hormonais,Ocitocina,
Mesilato De Eribulina,Generico,Outros Antineoplasicos,Mesilato De Eribulina,
Acetato De Desmopressina,Generico,Outros Hormonios Mediadores E Produtos Equivalentes,Acetato De Desmopressina,
Acetato De Octreotida,Generico,Outros Hormonios Mediadores E Produtos Equivalentes,Acetato De Octreotida,
Cabergolina,Generico,Outros Produtos Para Uso Em Ginecologia E Obstetricia,Cabergolina,
Fumarato De Cetotifeno,Generico,Antiasmaticos,Fumarato De Cetotifeno,
Bissulfato De Clopidogrel,Generico,Outros Medicamentos De Acao No Aparelho Cardiovascular,Bissulfato De Clopidogrel,
Bissulfato De Clopidrogrel,Generico,Outros Medicamentos De Acao No Aparelho Cardiovascular,Bissulfato De Clopidogrel,
Cloridrato De Memantina,Generico,Outros Produtos Que Atuam Sobre O Sistema Nervoso,Cloridrato De Memantina,
Acetato De Ganirrelix,Generico,Outros Prods  Nao Enquadrados Em Classe Terapeutica Especif,Acetato De Ganirrelix,
Acetato De Icatibanto,Generico,Outros Prods  Nao Enquadrados Em Classe Terapeutica Especif,Acetato De Icatibanto,
Cloridrato De Sevelamer,Generico,Outros Prods  Nao Enquadrados Em Classe Terapeutica Especif,Cloridrato De Sevelamer,
Mesilato De Desferroxamina,Generico,Outros Prods  Nao Enquadrados Em Classe Terapeutica Especif,Mesilato De Desferroxamina,
Paricalcitol,Generico,Outros Prods  Nao Enquadrados Em Classe Terapeutica Especif,Paricalcitol,
Sugamadex Sodico,Generico,Outros Prods  Nao Enquadrados Em Classe Terapeutica Especif,Sugamadex Sodico,
Acetato De Terlipressina,Generico,Outros Produtos Anti-Hemorragicos,Acetato De Terlipressina,
Fumarato De Dimetila,Generico,Outros Produtos Com Acao Imunoprotetora,Fumarato De Dimetila,
Tretinoina,Generico,Antineoplasico,Tretinoina,
Adenosina,Generico,Outros Produtos Com Acao No Miocardio E Sistema De Conducao,Adenosina,
Sulfato De Glicosamina,Generico,Outros Produtos Com Acao No Sistema Musculo Esqueletico,Sulfato De Glicosamina,
Bromidrato De Darifenacina,Generico,Outros Produtos Com Acao No Trato Urinario,Bromidrato De Darifenacina,
Cloridrato De Tansulosina,Generico,Outros Produtos Com Acao No Trato Urinario,Cloridrato De Tansulosina,
Dutasterida + Cloridrato De Tansulosina,Generico,Outros Produtos Com Acao No Trato Urinario,"Cloridrato De Tansulosina, Dutasterida",
Dutasterida + Cloridrato De Tansulosina,Generico,Outros Produtos Com Acao No Trato Urinario,"Dutasterida, Cloridrato De Tansulosina",
Mesilato De Doxazosina + Finasterida,Generico,Outros Produtos Com Acao No Trato Urinario,"Finasterida, Mesilato De Doxazosina",
Mirabegrona,Generico,Outros Produtos Com Acao No Trato Urinario,Mirabegrona,
Succinato De Solifenacina,Generico,Outros Produtos Com Acao No Trato Urinario,Succinato De Solifenacina,
Esomeprazol Sodico,Generico,Outros Produtos Para O Aparelho Digestivo E Metabolismo,Esomeprazol Sodico,
Mesalazina,Generico,Outros Produtos Para O Aparelho Digestivo E Metabolismo,Mesalazina,
Pirfenidona,Generico,Outros Produtos Para O Aparelho Respiratorio,Pirfenidona,
Acetato De Atosibana,Generico,Outros Produtos Para Uso Em Ginecologia E Obstetricia,Acetato De Atosibana,
Tibolona,Generico,Outros Produtos Para Uso Em Ginecologia E Obstetricia,Tibolona,
Cloridrato De Ticlopidina,Generico,Outros Produtos Que Atuam No Sangue E Hematopoiese,Cloridrato De Ticlopidina,
Bromidrato De Galantamina,Generico,Outros Produtos Que Atuam Sobre O Sistema Nervoso,Bromidrato De Galantamina,
Cloridrato De Atomoxetina,Generico,Outros Produtos Que Atuam Sobre O Sistema Nervoso,Cloridrato De Atomoxetina,
Cloridrato De Donepezila + Cloridrato De Memantina,Generico,Outros Produtos Que Atuam Sobre O Sistema Nervoso,"Cloridrato De Donepezila Monoidratado, Cloridrato De Memantina",
Cloridrato De Donepezila + Cloridrato De Memantina,Generico,Outros Produtos Que Atuam Sobre O Sistema Nervoso,"Cloridrato De Donepezila, Cloridrato De Donepezila Monoidratado, Cloridrato De Memantina",
Cloridrato De Donepezila + Cloridrato De Memantina,Generico,Outros Produtos Que Atuam Sobre O Sistema Nervoso,"Cloridrato De Donepezila, Cloridrato De Memantina",
Cloridrato De Donepezila,Generico,Outros Produtos Que Atuam Sobre O Sistema Nervoso,"Cloridrato De Donepezila, Donepezila",
Cloridrato De Naloxona,Generico,Outros Produtos Que Atuam Sobre O Sistema Nervoso,Cloridrato De Naloxona,
Fampridina,Generico,Outros Produtos Que Atuam Sobre O Sistema Nervoso,Fampridina,
Hemitartarato De Rivastigmina,Generico,Outros Produtos Que Atuam Sobre O Sistema Nervoso,Hemitartarato De Rivastigmina,
Hidrobrometo De Galantamina,Generico,Outros Produtos Que Atuam Sobre O Sistema Nervoso,Hidrobrometo De Galantamina,
Hidrogenotartarato De Rivastigmina,Generico,Outros Produtos Que Atuam Sobre O Sistema Nervoso,Hidrogenotartarato De Rivastigmina,
Hemitartarato De Rivastigmina,Generico,Outros Produtos Que Atuam Sobre O Sistema Nervoso,"Hidrogenotartarato De Rivastigmina, Rivastigmina",
Riluzol,Generico,Outros Produtos Que Atuam Sobre O Sistema Nervoso,Riluzol,
Rivastigmina,Generico,Outros Produtos Que Atuam Sobre O Sistema Nervoso,Rivastigmina,
Amoxicilina,Generico,Penicilina De Amplo Espectro,Amoxicilina,
Amoxicilina Triidratada,Generico,Penicilina De Amplo Espectro,Amoxicilina Tri-Hidratada,
Amoxicilina,Generico,Penicilina De Amplo Espectro,"Amoxicilina Tri-Hidratada, Amoxicilina Trihidratada",
Amoxicilina,Generico,Penicilina De Amplo Espectro,Amoxicilina Trihidratada,
Amoxicilina Trihidratada,Generico,Penicilina De Amplo Espectro,Amoxicilina Trihidratada,
Amoxicilina,Generico,Penicilina De Amplo Espectro,"Amoxicilina, Amoxicilina Tri-Hidratada",
Ampicilina,Generico,Penicilina De Amplo Espectro,Ampicilina,
Ampicilina Sodica,Generico,Penicilina De Amplo Espectro,Ampicilina Sodica,
Ampicilina,Generico,Penicilina De Amplo Espectro,"Ampicilina, Ampicilina Anidra",
Ampicilina,Generico,Penicilina De Amplo Espectro,"Ampicilina, Ampicilina Tri-Hidratada",
Benzilpenicilina Benzatina,Generico,Penicilina G E Derivados (Benzilpenicilinas),Benzilpenicilina Benzatina,
Piperaciclina Sodica + Tazobactam Sodico,Generico,Penicilinas Penicilinase-Resistentes,"Piperacilina Sodica, Tazobactam Sodico",
Piperacilina Sodica + Tazobactam Sodico,Generico,Penicilinas Penicilinase-Resistentes,"Piperacilina Sodica, Tazobactam Sodico",
Cloridrato De Bupropiona + Cloridrato De Naltrexona,Generico,"Preparacoes Antiobesidade, Excluindo Produtos Dieteticos","Cloridrato De Bupropiona, Cloridrato De Naltrexona Di-Hidratado",
Tinidazol + Nitrato De Miconazol,Generico,Prods  Ginecologicos Antinfecc  Topicos Assoc  Medicamentosas,"Nitrato De Miconazol, Tinidazol",
Paracetamol + Cloridrato De Pseudoefedrina,Generico,Produto P.Terapia Sintomatica Da Gripe,"Paracetamol, Cloridrato De Pseudoefedrina",
Paracetamol + Maleato De Clorfeniramina + Cloridrato De Fenilefrina,Generico,Produto P.Terapia Sintomatica Da Gripe,"Paracetamol, Maleato De Clorfeniramina, Cloridrato De Fenilefrina",
Adapaleno,Generico,Produtos Anti-Acne,Adapaleno,
Adapaleno + Peroxido De Benzoila,Generico,Produtos Anti-Acne,"Adapaleno, Peroxido De Benzoila",
Isotretinoina,Generico,Produtos Anti-Acne,Isotretinoina,
Metronidazol + Nitrato De Miconazol,Generico,Produtos Ginecologicos Antiinfecciosos Topicos Associacao Medicamentosa,"Metronidazol, Nitrato De Miconazol",
Benzoilmetronidazol + Nistatina + Cloreto De Benzalconio,Generico,Produtos Ginecologicos Topicos,"Benzoilmetronidazol, Nistatina, Cloreto De Benzalconio",
Cloridrato De Benzidamina,Generico,Antinflamatorios,Cloridrato De Benzidamina,
Furoato De Mometasona,Generico,Produtos Para Terapia Nasal De Acao Especifica,Furoato De Mometasona Monoidratado,
Dipirona Monoidratada + Cafeina + Maleato De Clorfeniramina,Generico,Produtos Para Terapia Sintomatica Da Gripe,"Dipirona Monoidratada, Cafeina, Maleato De Clorfeniramina",
Mesna,Generico,Produtos Para Vias Urinarias,Mesna,
Acetato De Ciproterona,Generico,Progestagenos Simples,Acetato De Ciproterona,
Dienogeste,Generico,Progestagenos Simples,Dienogeste,
Progesterona,Generico,Progestagenos Simples,Progesterona,
Latanoprosta,Generico,Prostaglandinas,Latanoprosta,
Cloridrato De Metilfenidato,Generico,Psicoanaleticos,Cloridrato De Metilfenidato,
Dimesilato De Lisdexanfetamina,Generico,Psicoanaleticos,Dimesilato De Lisdexanfetamina,
Delafloxacino Meglumina,Generico,Quinolonas Antibacterianas,Delafloxacino Meglumina,
Besilato De Atracurio,Generico,Relaxantes Musculares Centrais Simples,Besilato De Atracurio,
Carisoprodol + Diclofenaco De Sodio + Paracetamol + Cafeina,Generico,Relaxantes Musculares,"Carisoprodol, Diclofenaco De Sodio, Paracetamol, Cafeina",
Carisoprodol + Diclofenaco Sodico + Paracetamol + Cafeina,Generico,Relaxantes Musculares,"Carisoprodol, Diclofenaco De Sodio, Paracetamol, Cafeina",
Cloridrato De Ciclobenzaprina,Generico,Relaxantes Musculares,Cloridrato De Ciclobenzaprina,
Baclofeno,Generico,Relaxantes Musculares Centrais Simples,Baclofeno,
Cloridrato De Tizanidina,Generico,Relaxantes Musculares Centrais Simples,Cloridrato De Tizanidina,
Dipirona Sodica + Cafeina Anidra + Citrato De Orfenadrina,Generico,Relaxantes Musculares Centrais-Associacoes Medicamentosas,"Dipirona Monoidratada, Citrato De Orfenadrina, Cafeina Anidra",
Rifamicina,Generico,Rifampicinas,Rifamicina,
Acido Zoledronico Monoidratado,Generico,Supressores Da Reabsorcao Ossea,Acido Zoledronico Monoidratado,
Alendronato De Sodio,Generico,Supressores Da Reabsorcao Ossea,Alendronato De Sodio,
Alendronato De Sodio,Generico,Supressores Da Reabsorcao Ossea,Alendronato De Sodio Tri-Hidratado,
Cloridrato De Raloxifeno,Generico,Supressores Da Reabsorcao Ossea,Cloridrato De Raloxifeno,
Ibandronato De Sodio,Generico,Supressores Da Reabsorcao Ossea,Ibandronato De Sodio,
Ibandronato De Sodio,Generico,Supressores Da Reabsorcao Ossea,Ibandronato De Sodio Monoidratado,
Ibandronato De Sodio Monoidratado,Generico,Supressores Da Reabsorcao Ossea,Ibandronato De Sodio Monoidratado,
Risedronato Sodico,Generico,Supressores Da Reabsorcao Ossea,Risedronato Sodico,
Risedronato Sodico,Generico,Supressores Da Reabsorcao Ossea,Risedronato Sodico Hemipentaidratado,
Sulfametoxazol + Trimetoprima,Generico,Trimetoprima Em Associacao Com Sulfas,"Sulfametoxazol, Trimetoprima",
Cloridrato De Dopamina,Generico,Vasoconstritores E Hipertensores,Cloridrato De Dopamina,
Hemitartarato De Norepinefrina,Generico,Vasoconstritores E Hipertensores,Hemitartarato De Norepinefrina,
Hemitartarato De Norepinefrina,Generico,Vasoconstritores E Hipertensores,Hemitartarato De Norepinefrina Monoidratada,
Hemitartarato De Norepinefrina Monoidratada,Generico,Vasoconstritores E Hipertensores,Hemitartarato De Norepinefrina Monoidratada,
Cinarizina,Generico,Vasodilatadores,Cinarizina,
Citrato De Sildenafila,Generico,Vasodilatadores,Citrato De Sildenafila,
Dicloridrato De Flunarizina,Generico,Vasodilatadores,Dicloridrato De Flunarizina,
Lactato De Milrinona,Generico,Vasodilatadores,Milrinona,
Pentoxifilina,Generico,Vasodilatadores,Pentoxifilina,
Tadalafila,Generico,Vasodilatadores,Tadalafila,
Mesilato De Codergocrina,Generico,Vasodilatadores Cerebrais,Mesilato De Codergocrina,
Esomeprazol Magnesico,Generico,Antiulcerosos,Esomeprazol Magnesico Tri-Hidratado,
Nimesulida Betaciclodextrina,Generico,Antinflamatorios,Nimesulida,
Atectura,Novo,Adrenergicos E Outros Agentes Para Doenca Obstrutiva Das Vias Aereas,"Acetato De Indacaterol, Furoato De Mometasona",Novartis Biociencias S.A
Breztri Aerosphere,Novo,Adrenergicos E Outros Agentes Para Doenca Obstrutiva Das Vias Aereas,"Budesonida, Brometo De Glicopirronio, Fumarato De Formoterol Di-Hidratado",Astrazeneca Do Brasil Ltda
Bevespi Aerosphere®,Novo,"Adrenergicos, Para Inalacao","Brometo De Glicopirronio, Fumarato De Formoterol Di-Hidratado",Astrazeneca Do Brasil Ltda
Mavenclad,Novo,Agente Imunosupressor,Cladribina,Merck S/A
Gilenya,Novo,Agente Imunosupressor,Cloridrato De Fingolimode,Novartis Biociencias S.A
Sotyktu,Novo,Agente Imunosupressor,Deucravacitinibe,Bristol-Myers Squibb Farmaceutica Ltda
Certican,Novo,Agente Imunosupressor,Everolimo,Novartis Biociencias S.A
Myfortic,Novo,Agente Imunosupressor,Micofenolato Sodico,Novartis Biociencias S.A
Pomalyst,Novo,Agente Imunosupressor,Pomalidomida,Bristol-Myers Squibb Farmaceutica Ltda
Rapamune,Novo,Agente Imunosupressor,Sirolimo,Pfizer Brasil Ltda
Exjade,Novo,Agente Quelante De Ferro,Deferasirox,Novartis Biociencias S.A
Melocox Odt,Novo,Agentes Anti-Inflamatorios,Meloxicam,Eurofarma Laboratorios S.A.
Vimovo,Novo,Agentes Antiinflamatorios/Antireumaticos Em Associacao,"Naproxeno, Esomeprazol Magnesico Tri-Hidratado",Grunenthal Do Brasil Farmaceutica Ltda.
Piqray,Novo,Agentes Antineoplasicos,Alpelisibe,Novartis Biociencias S.A
Scemblix,Novo,Agentes Antineoplasicos,Cloridrato De Asciminibe,Novartis Biociencias S.A
Iclusig,Novo,Agentes Antineoplasicos,Cloridrato De Ponatinibe,Pint Pharma Produtos Medico-Hospitalares E Farmaceuticos Ltda
Mekinist,Novo,Agentes Antineoplasicos,Dimetilsulfoxido De Trametinibe,Novartis Biociencias S.A
Xospata®,Novo,Agentes Antineoplasicos,Hemifumarato De Gilteritinibe,Astellas Farma Brasil Importacao E Distribuicao De Medicamentos
Siklos,Novo,Agentes Antineoplasicos,Hidroxiureia,Masters Speciality Pharma Ltda
Tibsovo,Novo,Agentes Antineoplasicos,Ivosidenibe,Laboratorios Servier Do Brasil Ltda
Lorbrena,Novo,Agentes Antineoplasicos,Lorlatinibe,Pfizer Brasil Ltda
Nerlynx,Novo,Agentes Antineoplasicos,Maleato De Neratinibe,Pint Pharma Produtos Medico-Hospitalares E Farmaceuticos Ltda
Abraxane,Novo,Agentes Antineoplasicos,Paclitaxel,United Medical Ltda
Jaypirce,Novo,Agentes Antineoplasicos,Pirtobrutinibe,Eli Lilly Do Brasil Ltda
Vitrakvi,Novo,Agentes Antineoplasicos,Sulfato De Larotrectinibe,Bayer S.A.
Zejula,Novo,Agentes Antineoplasicos,Tosilato De Niraparibe Monoidratado,Glaxosmithkline Brasil Ltda
Lenvima,Novo,Agentes Antineoplasicos E Imunomoduladores,Mesilato De Lenvatinibe,United Medical Ltda
Kisqali,Novo,Agentes Antineoplasicos E Imunomoduladores,Succinato De Ribociclibe,Novartis Biociencias S.A
Koselugo,Novo,Agentes Antineoplasicos E Imunomoduladores,Sulfato De Selumetinibe,Astrazeneca Do Brasil Ltda
Entresto,Novo,Agentes Que Atuam No Sistema Renina-Angiotensina,Sacubitril Valsartana Sodica Hidratada,Novartis Biociencias S.A
Flagyl,Novo,"Amebicidas, Giardicidas E Tricomonicidas",Metronidazol,Hemafarma Com E Ind Farmaceutica Ltda
Secnidal,Novo,"Amebicidas, Giardicidas E Tricomonicidas",Secnidazol,Sanofi Medley Farmaceutica Ltda.
Tobramina,Novo,Aminoglicosideos,Sulfato De Tobramicina,Antibioticos Do Brasil Ltda
Bramitob,Novo,Aminoglicosideos,Tobramicina,Chiesi Farmaceutica Ltda
Zoteon Po,Novo,Aminoglicosideos,Tobramicina,Viatris Farmaceutica Do Brasil Ltda
Deca-Durabolin,Novo,Anabolizantes Simples,Decanoato De Nandrolona,Aspen Pharma Industria Farmaceutica Ltda
Transtec,Novo,Analgesicos,Buprenorfina,Grunenthal Do Brasil Farmaceutica Ltda.
Dolamin Flex,Novo,Analgesicos,"Clonixinato De Lisina, Cloridrato De Ciclobenzaprina",Farmoquimica S/A
Apracur,Novo,Analgesicos,"Maleato De Clorfeniramina, Dipirona, Acido Ascorbico",Cosmed Industria De Cosmeticos E Medicamentos S.A.
Ameniflac,Novo,Analgesicos,Paracetamol,Laboratorios B. Braun S/A
Vick Pyrena,Novo,Analgesicos,Paracetamol,Procter & Gamble Do Brasil Ltda.
Palexis® Lp,Novo,Analgesicos,Cloridrato De Tapentadol,Grunenthal Do Brasil Farmaceutica Ltda.
Kabipamol,Novo,Analgesicos,Paracetamol,Fresenius Kabi Brasil Ltda
Maxalt,Novo,Analgesicos Contra Enxaqueca,Benzoato De Rizatriptana,Organon Farmaceutica Ltda.
Zeforus,Novo,Analgesicos Contra Enxaqueca,Bromidrato De Eletriptana,Viatris Farmaceutica Do Brasil Ltda
Naramig,Novo,Analgesicos Contra Enxaqueca,Cloridrato De Naratriptana,Glaxosmithkline Brasil Ltda
Nurtec Odt,Novo,Analgesicos Contra Enxaqueca,Hemissulfato De Rimegepanto Sesqui-Hidratado,Pfizer Brasil Ltda
Cefaliv,Novo,Analgesicos Contra Enxaqueca,"Mesilato De Di-Hidroergotamina, Cafeina, Dipirona",Ache Laboratorios Farmaceuticos S.A
Sumax,Novo,Analgesicos Contra Enxaqueca,Succinato De Sumatriptana,Libbs Farmaceutica Ltda
Sumaxpro,Novo,Analgesicos Contra Enxaqueca,"Succinato De Sumatriptana, Naproxeno Sodico",Libbs Farmaceutica Ltda
Zomig,Novo,Analgesicos Contra Enxaqueca,Zolmitriptana,Grunenthal Do Brasil Farmaceutica Ltda.
Ecasil-81,Novo,Analgesicos Nao Narcoticos,Acido Acetilsalicilico,Biolab Sanus Farmaceutica Ltda
Aspirina C Efervescente,Novo,Analgesicos Nao Narcoticos,"Acido Acetilsalicilico, Acido Ascorbico",Bayer S.A.
Cafiaspirina,Novo,Analgesicos Nao Narcoticos,"Acido Acetilsalicilico, Cafeina",Bayer S.A.
Aspirina,Novo,Analgesicos Nao Narcoticos,"Acido Acetilsalicilsalicilico, Acido Acetilsalicilico",Bayer S.A.
Neosaldina,Novo,Analgesicos Nao Narcoticos,"Cafeina Anidra, Dipirona Monoidratada, Dipirona, Mucato De Isometepteno, Cafeina, Cloridrato De Isometepteno",Cosmed Industria De Cosmeticos E Medicamentos S.A.
Clonidin,Novo,Analgesicos Nao Narcoticos,Cloridrato De Clonidina,Cristalia Produtos Quimicos Farmaceuticos Ltda.
Novalgina,Novo,Analgesicos Nao Narcoticos,Dipirona Monoidratada,Opella Healthcare Brazil Ltda
Novalgina Flash,Novo,Analgesicos Nao Narcoticos,"Dipirona Monoidratada, Cafeina Anidra",Opella Healthcare Brazil Ltda
Doralgina Max,Novo,Analgesicos Nao Narcoticos,"Dipirona Monoidratada, Mucato De Isometepteno, Cafeina",Brainfarma Industria Quimica E Farmaceutica S.A
Cafilisador,Novo,Analgesicos Nao Narcoticos,"Dipirona, Dipirona Monoidratada, Cafeina",Cosmed Industria De Cosmeticos E Medicamentos S.A.
Advil 12H,Novo,Analgesicos Nao Narcoticos,Ibuprofeno,Pf Consumer Healthcare Brazil Importadora E Distribuidora De Me
Alivium,Novo,Analgesicos Nao Narcoticos,Ibuprofeno,Cosmed Industria De Cosmeticos E Medicamentos S.A.
Buscofem,Novo,Analgesicos Nao Narcoticos,Ibuprofeno,Cosmed Industria De Cosmeticos E Medicamentos S.A.
Buscofem Girls,Novo,Analgesicos Nao Narcoticos,Ibuprofeno,Cosmed Industria De Cosmeticos E Medicamentos S.A.
Proinflac,Novo,Analgesicos Nao Narcoticos,Ibuprofeno,Laboratorios B. Braun S/A
Spidufen,Novo,Analgesicos Nao Narcoticos,Ibuprofeno Arginina,Zambon Laboratorios Farmaceuticos Ltda.
Nuromol,Novo,Analgesicos Nao Narcoticos,"Ibuprofeno, Paracetamol",Reckitt Benckiser (Brasil) Ltda
Halexminophen,Novo,Analgesicos Nao Narcoticos,Paracetamol,Halex Istar Industria Farmaceutica Sa
Sonridor,Novo,Analgesicos Nao Narcoticos,Paracetamol,Pf Consumer Healthcare Brazil Importadora E Distribuidora De Me
Tylenol,Novo,Analgesicos Nao Narcoticos,Paracetamol,Kenvue Ltda.
Sonridor Caf,Novo,Analgesicos Nao Narcoticos,"Paracetamol, Cafeina Anidra",Pf Consumer Healthcare Brazil Importadora E Distribuidora De Me
Naldecon Dia,Novo,Analgesicos Nao Narcoticos,"Paracetamol, Cloridrato De Fenilefrina",Reckitt Benckiser (Brasil) Ltda
Naldecon Noite,Novo,Analgesicos Nao Narcoticos,"Paracetamol, Cloridrato De Fenilefrina, Maleato De Carbinoxamina",Reckitt Benckiser (Brasil) Ltda
Naldecon Pack,Novo,Analgesicos Nao Narcoticos,"Paracetamol, Cloridrato De Fenilefrina, Maleato De Carbinoxamina",Reckitt Benckiser (Brasil) Ltda
Tormiv Odg,Novo,Analgesicos Nao Narcoticos,Trometamol Cetorolaco,Ache Laboratorios Farmaceuticos S.A
Restiva,Novo,Analgesicos Narcoticos,Buprenorfina,Mundipharma Brasil Produtos Medicos E Farmaceuticos Ltda
Fentanil,Novo,Analgesicos Narcoticos,Citrato De Fentanila,Antibioticos Do Brasil Ltda
Fentora,Novo,Analgesicos Narcoticos,Citrato De Fentanila,Teva Farmaceutica Ltda.
Oxynorm ®,Novo,Analgesicos Narcoticos,Cloridrato De Oxicodona,Mundipharma Brasil Produtos Medicos E Farmaceuticos Ltda
Targin,Novo,Analgesicos Narcoticos,"Cloridrato De Oxicodona, Cloridrato De Naloxona",Mundipharma Brasil Produtos Medicos E Farmaceuticos Ltda
Ultiva,Novo,Analgesicos Narcoticos,Cloridrato De Remifentanila,Aspen Pharma Industria Farmaceutica Ltda
Palexis,Novo,Analgesicos Narcoticos,Cloridrato De Tapentadol,Grunenthal Do Brasil Farmaceutica Ltda.
Tramal,Novo,Analgesicos Narcoticos,Cloridrato De Tramadol,Grunenthal Do Brasil Farmaceutica Ltda.
Tramal Retard,Novo,Analgesicos Narcoticos,Cloridrato De Tramadol,Grunenthal Do Brasil Farmaceutica Ltda.
Adorlan,Novo,Analgesicos Narcoticos,"Cloridrato De Tramadol, Diclofenaco Sodico",Grunenthal Do Brasil Farmaceutica Ltda.
Paratram,Novo,Analgesicos Narcoticos,"Cloridrato De Tramadol, Paracetamol",Adium S.A.
Ultracet,Novo,Analgesicos Narcoticos,"Cloridrato De Tramadol, Paracetamol",Janssen-Cilag Farmaceutica Ltda
Codein,Novo,Analgesicos Narcoticos,"Fosfato De Codeina, Fosfato De Codeina Hemi-Hidratado",Cristalia Produtos Quimicos Farmaceuticos Ltda.
Tylex,Novo,Analgesicos Narcoticos,"Paracetamol, Fosfato De Codeina",Cellera Farmaceutica S.A.
Dimorf,Novo,Analgesicos Narcoticos,Sulfato De Morfina Pentaidratado,Cristalia Produtos Quimicos Farmaceuticos Ltda.
Dimorf Bolsa,Novo,Analgesicos Narcoticos,Sulfato De Morfina Pentaidratado,Cristalia Produtos Quimicos Farmaceuticos Ltda.
Daivonex,Novo,Analogo Sintetico Da Vitamina D,Calcipotriol,Leo Pharma Ltda
Vyzulta,Novo,Analogos Da Prostaglandina,Latanoprosteno Bunode,Bl Industria Otica Ltda
Nebido,Novo,Androgenos Simples,Undecilato De Testosterona,Grunenthal Do Brasil Farmaceutica Ltda.
Durateston,Novo,Androgenos-Associacoes Medicamentosas,"Propionato De Testosterona, Isocaproato De Testosterona, Decanoato De Testosterona, Fempropionato De Testosterona",Aspen Pharma Industria Farmaceutica Ltda
Baritekal Hiperbarica,Novo,Anestesicos,Cloridrato De Prilocaina,Laboratorios B. Braun S/A
Dermomax,Novo,Anestesicos,Lidocaina,Ache Laboratorios Farmaceuticos S.A
Sufenta,Novo,Anestesicos Gerais Injetaveis,Citrato De Sufentanila,Antibioticos Do Brasil Ltda
Rapifen,Novo,Anestesicos Gerais Injetaveis,Cloridrato De Alfentanila Monoidratada,Antibioticos Do Brasil Ltda
Diprivan,Novo,Anestesicos Gerais Injetaveis,Propofol,Aspen Pharma Industria Farmaceutica Ltda
Andolba,Novo,Anestesicos Locais,"Benzocaina, Triclosana, Mentol",Eurofarma Laboratorios S.A.
Qutenza,Novo,Anestesicos Locais,Capsaicina,Grunenthal Do Brasil Farmaceutica Ltda.
Novabupi,Novo,Anestesicos Locais,"Cloridrato De Levobupivacaina, Hemitartarato De Epinefrina",Cristalia Produtos Quimicos Farmaceuticos Ltda.
Lidostesim Ad,Novo,Anestesicos Locais,"Cloridrato De Lidocaina, Hemitartarato De Epinefrina",Dla Pharmaceutical Ltda
Xylocaina,Novo,Anestesicos Locais,"Cloridrato De Lidocaina, Lidocaina",Aspen Pharma Industria Farmaceutica Ltda
Naropin,Novo,Anestesicos Locais,Cloridrato De Ropivacaina Monoidratado,Aspen Pharma Industria Farmaceutica Ltda
Ropi® Bolsa,Novo,Anestesicos Locais,Cloridrato De Ropivacaina Monoidratado,Cristalia Produtos Quimicos Farmaceuticos Ltda.
Toperma,Novo,Anestesicos Locais,Lidocaina,Grunenthal Do Brasil Farmaceutica Ltda.
Emla,Novo,Anestesicos Locais,"Lidocaina, Prilocaina",Aspen Pharma Industria Farmaceutica Ltda
Pliaglis,Novo,Anestesicos Locais,"Lidocaina, Tetracaina",Megalabs Farmaceutica S.A.
Fentanest Bolsa,Novo,Anestesicos Opioides,Citrato De Fentanila,Cristalia Produtos Quimicos Farmaceuticos Ltda.
Frontal,Novo,Ansioliticos Simples,Alprazolam,Viatris Farmaceutica Do Brasil Ltda
Tranquinal Slg,Novo,Ansioliticos Simples,Alprazolam,Laboratorios Bago Do Brasil S/A
Lexotan,Novo,Ansioliticos Simples,Bromazepam,Moksha8 Brasil Industria E Comercio De Medicamentos Ltda
Frisium,Novo,Ansioliticos Simples,Clobazam,Pharlab Industria Farmaceutica S.A.
Urbanil,Novo,Ansioliticos Simples,Clobazam,Pharlab Industria Farmaceutica S.A.
Valium,Novo,Ansioliticos Simples,Diazepam,Belfar Ltda
Noctal,Novo,Ansioliticos Simples,Estazolam,Abbott Laboratorios Do Brasil Ltda
Zolfest D,Novo,Ansioliticos Simples,Hemitartarato De Zolpidem,Ache Laboratorios Farmaceuticos S.A
Lorax,Novo,Ansioliticos Simples,Lorazepam,Pfizer Brasil Ltda
Lanexat,Novo,Antagonista De Benzodiazepinas,Flumazenil,Biopas Brasil Produtos Farmaceuticos Ltda
Firialta,Novo,Antagonistas Da Aldosterona,Finerenona,Bayer S.A.
Ono,Novo,Antagonistas Da Serotonina (5-Ht3),Ondansetrona,Sun Farmaceutica Do Brasil Ltda
Rezzayo,Novo,Anti-Fungicos,Acetato De Rezafungina,Mundipharma Brasil Produtos Medicos E Farmaceuticos Ltda
Ambisome,Novo,Anti-Fungicos,Anfotericina B,United Medical Ltda
Ecalta,Novo,Anti-Fungicos,Anidulafungina,Pfizer Brasil Ltda
Mycamine,Novo,Anti-Fungicos,Micafungina Sodica,Sandoz Do Brasil Industria Farmaceutica Ltda
Gynazole-1,Novo,Anti-Fungicos,Nitrato De Butoconazol,Ems Sigma Pharma Ltda
Thiaben,Novo,Anti-Helminticos Do Trato Gastrintestinal,Tiabendazol,Belfar Ltda
Xyloproct,Novo,Anti-Hemorroidarios Topicos,"Lidocaina, Acetato De Hidrocortisona, Oxido De Zinco, Subacetato De Aluminio",Aspen Pharma Industria Farmaceutica Ltda
Proctyl,Novo,Anti-Hemorroidarios Topicos,"Policresuleno, Cloridrato De Cinchocaina",Takeda Pharma Ltda.
Volibris,Novo,Anti-Hipertensivos,Ambrisentana,Glaxosmithkline Brasil Ltda
Atacand Hct,Novo,Anti-Hipertensivos,"Candesartana Cilexetila, Hidroclorotiazida",Biopas Brasil Produtos Farmaceuticos Ltda
Zanidip,Novo,Anti-Hipertensivos,Cloridrato De Lercanidipino,Apsen Farmaceutica S/A
Nebilet,Novo,Anti-Hipertensivos,Cloridrato De Nebivolol,Biolab Sanus Farmaceutica Ltda
Neblock,Novo,Anti-Hipertensivos,Cloridrato De Nebivolol,Torrent Do Brasil Ltda
Renitec,Novo,Anti-Hipertensivos,"Enalaprilato, Maleato De Enalapril",Organon Farmaceutica Ltda.
Corus,Novo,Anti-Hipertensivos,Losartana Potassica,Ache Laboratorios Farmaceuticos S.A
Cozaar,Novo,Anti-Hipertensivos,Losartana Potassica,Organon Farmaceutica Ltda.
Hyzaar,Novo,Anti-Hipertensivos,"Losartana Potassica, Hidroclorotiazida",Organon Farmaceutica Ltda.
Benicar,Novo,Anti-Hipertensivos,Olmesartana Medoxomila,Daiichi Sankyo Brasil Farmaceutica Ltda
Olmetec,Novo,Anti-Hipertensivos,Olmesartana Medoxomila,Pfizer Brasil Ltda
Acertil,Novo,Anti-Hipertensivos,Perindopril Arginina,Laboratorios Servier Do Brasil Ltda
Acertanlo,Novo,Anti-Hipertensivos,"Perindopril Arginina, Besilato De Anlodipino",Laboratorios Servier Do Brasil Ltda
Acertalix,Novo,Anti-Hipertensivos,"Perindopril Arginina, Indapamida",Laboratorios Servier Do Brasil Ltda
Adempas®,Novo,Anti-Hipertensivos,Riociguate,Bayer S.A.
Micardis,Novo,Anti-Hipertensivos,Telmisartana,Boehringer Ingelheim Do Brasil Quimica E Farmaceutica Ltda.
Uptravi,Novo,Anti-Hipertensivos Para Hipertensao Arterial Pulmonar,Selexipague,Janssen-Cilag Farmaceutica Ltda
Novanlo,Novo,Anti-Hipertensivos Simples,Besilato De Levanlodipino,Biolab Sanus Farmaceutica Ltda
Atacand,Novo,Anti-Hipertensivos Simples,Candesartana Cilexetila,Biopas Brasil Produtos Farmaceuticos Ltda
Atensina,Novo,Anti-Hipertensivos Simples,Cloridrato De Clonidina,Mawdsleys Pharmaceuticals Do Brasil Ltda
Apresolina,Novo,Anti-Hipertensivos Simples,Cloridrato De Hidralazina,Uniao Quimica Farmaceutica Nacional S/A
Nepresol,Novo,Anti-Hipertensivos Simples,Cloridrato De Hidralazina,Cristalia Produtos Quimicos Farmaceuticos Ltda.
Manivasc,Novo,Anti-Hipertensivos Simples,Dicloridrato De Manidipino,Chiesi Farmaceutica Ltda
Lacipil,Novo,Anti-Hipertensivos Simples,Lacidipino,Glaxosmithkline Brasil Ltda
Aldomet,Novo,Anti-Hipertensivos Simples,Metildopa,Aspen Pharma Industria Farmaceutica Ltda
Diovan,Novo,Anti-Hipertensivos Simples,Valsartana,Novartis Biociencias S.A
Betalor,Novo,Anti-Hipertensivos-Associacoes Medicamentosas,"Besilato De Anlodipino, Atenolol",Ache Laboratorios Farmaceuticos S.A
Lotar,Novo,Anti-Hipertensivos-Associacoes Medicamentosas,"Besilato De Anlodipino, Losartana Potassica",Ache Laboratorios Farmaceuticos S.A
Tenadren,Novo,Anti-Hipertensivos-Associacoes Medicamentosas,"Cloridrato De Propranolol, Hidroclorotiazida",Ems Sigma Pharma Ltda
Selozok Fix,Novo,Anti-Hipertensivos-Associacoes Medicamentosas,"Felodipino, Succinato De Metoprolol",Astrazeneca Do Brasil Ltda
Concor Anlo,Novo,Anti-Hipertensivos-Associacoes Medicamentosas,"Hemifumarato De Bisoprolol, Besilato De Anlodipino",Merck S/A
Branta,Novo,Anti-Hipertensivos-Associacoes Medicamentosas,"Losartana Potassica, Besilato De Anlodipino",Torrent Do Brasil Ltda
Benicaranlo,Novo,Anti-Hipertensivos-Associacoes Medicamentosas,"Olmesartana Medoxomila, Besilato De Anlodipino",Daiichi Sankyo Brasil Farmaceutica Ltda
Olmecor Triplo,Novo,Anti-Hipertensivos-Associacoes Medicamentosas,"Olmesartana Medoxomila, Besilato De Anlodipino, Hidroclorotiazida",Torrent Do Brasil Ltda
Benicar Hct,Novo,Anti-Hipertensivos-Associacoes Medicamentosas,"Olmesartana Medoxomila, Hidroclorotiazida",Daiichi Sankyo Brasil Farmaceutica Ltda
Benicar Triplo,Novo,Anti-Hipertensivos-Associacoes Medicamentosas,"Olmesartana Medoxomila, Hidroclorotiazida, Besilato De Anlodipino",Daiichi Sankyo Brasil Farmaceutica Ltda
Naprix A,Novo,Anti-Hipertensivos-Associacoes Medicamentosas,"Ramipril, Besilato De Anlodipino",Libbs Farmaceutica Ltda
Naprix D,Novo,Anti-Hipertensivos-Associacoes Medicamentosas,"Ramipril, Hidroclorotiazida",Libbs Farmaceutica Ltda
Micardis Anlo,Novo,Anti-Hipertensivos-Associacoes Medicamentosas,"Telmisartana, Besilato De Anlodipino",Boehringer Ingelheim Do Brasil Quimica E Farmaceutica Ltda.
Micardis Hct,Novo,Anti-Hipertensivos-Associacoes Medicamentosas,"Telmisartana, Hidroclorotiazida",Boehringer Ingelheim Do Brasil Quimica E Farmaceutica Ltda.
Diovan Amlo Fix,Novo,Anti-Hipertensivos-Associacoes Medicamentosas,"Valsartana, Besilato De Anlodipino",Novartis Biociencias S.A
Diovan Hct,Novo,Anti-Hipertensivos-Associacoes Medicamentosas,"Valsartana, Hidroclorotiazida",Novartis Biociencias S.A
Exforge Hct,Novo,Anti-Hipertensivos-Associacoes Medicamentosas,"Valsartana, Hidroclorotiazida, Besilato De Anlodipino",Novartis Biociencias S.A
Lenix,Novo,Anti-Histaminicos Para Uso Sistemico,Cloridrato De Difenidramina,Apsen Farmaceutica S/A
Superhist Odt,Novo,Anti-Histaminicos Para Uso Sistemico,Desloratadina,Eurofarma Laboratorios S.A.
Celestamine,Novo,Anti-Histaminicos Sistemicos,"Betametasona, Maleato De Dexclorfeniramina",Cosmed Industria De Cosmeticos E Medicamentos S.A.
Alektos,Novo,Anti-Histaminicos Sistemicos,Bilastina,Cosmed Industria De Cosmeticos E Medicamentos S.A.
Alektos Ped,Novo,Anti-Histaminicos Sistemicos,Bilastina,Cosmed Industria De Cosmeticos E Medicamentos S.A.
Bixlyn 10,Novo,Anti-Histaminicos Sistemicos,Bilastina,Ache Laboratorios Farmaceuticos S.A
Allegra,Novo,Anti-Histaminicos Sistemicos,Cloridrato De Fexofenadina,Opella Healthcare Brazil Ltda
Fenergan,Novo,Anti-Histaminicos Sistemicos,Cloridrato De Prometazina,Opella Healthcare Brazil Ltda
Actifedrin,Novo,Anti-Histaminicos Sistemicos,"Cloridrato De Pseudoefedrina, Cloridrato De Triprolidina",Farmoquimica S/A
Desalex,Novo,Anti-Histaminicos Sistemicos,Desloratadina,Organon Farmaceutica Ltda.
Esalerg Gotas,Novo,Anti-Histaminicos Sistemicos,Desloratadina,Ache Laboratorios Farmaceuticos S.A
Desalex D12,Novo,Anti-Histaminicos Sistemicos,"Desloratadina, Sulfato De Pseudoefedrina",Organon Farmaceutica Ltda.
Reactine,Novo,Anti-Histaminicos Sistemicos,Dicloridrato De Cetirizina,Kenvue Ltda.
Ebastel,Novo,Anti-Histaminicos Sistemicos,Ebastina,Eurofarma Laboratorios S.A.
Emistin,Novo,Anti-Histaminicos Sistemicos,"Fumarato De Clemastina, Dexametasona, Acetato De Dexametasona",Ems S/A
Rupafin,Novo,Anti-Histaminicos Sistemicos,Fumarato De Rupatadina,Hemafarma Com E Ind Farmaceutica Ltda
Claritin,Novo,Anti-Histaminicos Sistemicos,Loratadina,Bayer S.A.
Cloratadd Caps,Novo,Anti-Histaminicos Sistemicos,Loratadina,Ems S/A
Cremefenergan,Novo,Anti-Histaminicos Sistemicos,Prometazina,Opella Healthcare Brazil Ltda
Esogastro Ibp,Novo,Antiacidos E Antiulcerosos,"Amoxicilina Tri-Hidratada, Claritromicina, Esomeprazol Magnesico Di-Hidratado, Esomeprazol Magnesico Tri-Hidratado",Ems S/A
Dexilant,Novo,Antiacidos E Antiulcerosos,Dexlansoprazol,Takeda Pharma Ltda.
Droxaine,Novo,Antiacidos E Antiulcerosos Associados,"Hidroxido De Aluminio, Hidroxido De Magnesio, Oxetacaina",Megalabs Farmaceutica S.A.
Pyloripac,Novo,Antiacidos E Antiulcerosos Associados,"Lansoprazol, Claritromicina, Amoxicilina Tri-Hidratada",Ache Laboratorios Farmaceuticos S.A
Pyloripac Retrat,Novo,Antiacidos E Antiulcerosos Associados,"Lansoprazol, Levofloxacino Hemi-Hidratado, Amoxicilina Tri-Hidratada",Ache Laboratorios Farmaceuticos S.A
Tecta,Novo,Antiacidos E Antiulcerosos Simples,Pantoprazol Magnesico Di-Hidratado,Takeda Pharma Ltda.
Pantozol,Novo,Antiacidos E Antiulcerosos Simples,"Pantoprazol, Pantoprazol Sodico Sesqui-Hidratado",Takeda Pharma Ltda.
Aspirina Prevent,Novo,Antiagregante Plaquetario,Acido Acetilsalicilico,Bayer S.A.
Effient,Novo,Antiagregante Plaquetario,Cloridrato De Prasugrel,Daiichi Sankyo Brasil Farmaceutica Ltda
Agrastat,Novo,Antiagregante Plaquetario,Cloridrato De Tirofibana,Aspen Pharma Industria Farmaceutica Ltda
Brilinta,Novo,Antiagregante Plaquetario,Ticagrelor,Astrazeneca Do Brasil Ltda
Metadoxil,Novo,Antialcoolico,Pidolato De Piridoxina,Laboratorios Baldacci Ltda
Zyrtec,Novo,Antialergicos,Dicloridrato De Cetirizina,Glaxosmithkline Brasil Ltda
Zyxem,Novo,Antialergicos,Dicloridrato De Levocetirizina,Ucb Biopharma Ltda.
Polaramine,Novo,Antialergicos,Maleato De Dexclorfeniramina,Cosmed Industria De Cosmeticos E Medicamentos S.A.
Levolukast,Novo,Antialergicos,"Montelucaste De Sodio, Dicloridrato De Levocetirizina",Glenmark Farmaceutica Ltda
Lastacaft,Novo,Antialergicos Topicos,Alcaftadina,Allergan Produtos Farmaceuticos Ltda
Relestat,Novo,Antialergicos Topicos,Cloridrato De Epinastina,Allergan Produtos Farmaceuticos Ltda
Rilan,Novo,Antialergicos Topicos,Cromoglicato Dissodico,Belfar Ltda
Cromoglicato,Novo,Antialergicos Topicos,Cromoglicato Dissodico,Allergan Produtos Farmaceuticos Ltda
Avicis,Novo,Antialopecia,Alfaestradiol,Galderma Brasil Ltda
Nubeqa,Novo,Antiandrogenos,Darolutamida,Bayer S.A.
Tepev  Ff,Novo,Antianemicos,Hidroxiureia,Ems S/A
Procoralan,Novo,Antianginosos E Vasodilatadores,Cloridrato De Ivabradina,Laboratorios Servier Do Brasil Ltda
Dilacoron,Novo,Antianginosos E Vasodilatadores,Cloridrato De Verapamil,Abbott Laboratorios Do Brasil Ltda
Vastarel,Novo,Antianginosos E Vasodilatadores,Dicloridrato De Trimetazidina,Laboratorios Servier Do Brasil Ltda
Vastarel Caps Lp,Novo,Antianginosos E Vasodilatadores,Dicloridrato De Trimetazidina,Laboratorios Servier Do Brasil Ltda
Ancoron,Novo,Antiarritmicos,Cloridrato De Amiodarona,Libbs Farmaceutica Ltda
Atlansil,Novo,Antiarritmicos,Cloridrato De Amiodarona,Sanofi Medley Farmaceutica Ltda.
Ritmonorm,Novo,Antiarritmicos,Cloridrato De Propafenona,Abbott Laboratorios Do Brasil Ltda
Vatis,Novo,Antiarritmicos,Cloridrato De Propafenona,Libbs Farmaceutica Ltda
Enerzair,Novo,Antiasmaticos,"Acetato De Indacaterol, Brometo De Glicopirronio, Furoato De Mometasona",Novartis Biociencias S.A
Pulmicort,Novo,Antiasmaticos,Budesonida,Astrazeneca Do Brasil Ltda
Clenil Hfa,Novo,Antiasmaticos,Dipropionato De Beclometasona,Chiesi Farmaceutica Ltda
Fostair,Novo,Antiasmaticos,"Dipropionato De Beclometasona, Fumarato De Formoterol Diidratado",Chiesi Farmaceutica Ltda
Clenil Compositum Hfa,Novo,Antiasmaticos,"Dipropionato De Beclometasona, Sulfato De Salbutamol Micronizado",Chiesi Farmaceutica Ltda
Alenia,Novo,Antiasmaticos,"Fumarato De Formoterol Di-Hidratado, Budesonida",Ache Laboratorios Farmaceuticos S.A
Vannair,Novo,Antiasmaticos,"Fumarato De Formoterol Di-Hidratado, Budesonida",Astrazeneca Do Brasil Ltda
Lugano,Novo,Antiasmaticos,"Fumarato De Formoterol Di-Hidratado, Propionato De Fluticasona",Eurofarma Laboratorios S.A.
Symbicort Turbuhaler,Novo,Antiasmaticos,"Fumarato De Formoterol, Budesonida",Astrazeneca Do Brasil Ltda
Relvar Ellipta,Novo,Antiasmaticos,"Furoato De Fluticasona, Trifenatato De Vilanterol",Glaxosmithkline Brasil Ltda
Singulair,Novo,Antiasmaticos,Montelucaste De Sodio,Organon Farmaceutica Ltda.
Seretide,Novo,Antiasmaticos,"Xinafoato De Salmeterol, Propionato De Fluticasona",Glaxosmithkline Brasil Ltda
Cubicin,Novo,Antibacteriano,Daptomicina,Merck Sharp & Dohme Farmaceutica Ltda.
Recarbrio,Novo,Antibacteriano,"Imipenem Monoidratado, Cilastatina Sodica, Relebactam Monoidratado",Merck Sharp & Dohme Farmaceutica Ltda.
Rifocina Spray,Novo,Antibacteriano,Rifamicina Sv Sodica,Sanofi Medley Farmaceutica Ltda.
Torgena,Novo,Antibacterianos Para Uso Sistemico,"Ceftazidima Pentaidratada, Avibactam Sodico",Pfizer Brasil Ltda
Fucidin,Novo,Antibioticos Para Uso Topico,Fusidato De Sodio,Leo Pharma Ltda
Clavulin,Novo,Antibioticos Sistem -Assoc  Medic  Entre Antinfec,"Amoxicilina, Amoxicilina Sodica, Amoxicilina Tri-Hidratada, Amoxicilina Trihidratada, Clavulanato De Potassio, Acido Clavulanico",Glaxosmithkline Brasil Ltda
Zitromax,Novo,Antibioticos Sistemicos Simples,Azitromicina Di-Hidratada,Pfizer Brasil Ltda
Keflin Neutro,Novo,Antibioticos Sistemicos Simples,"Cefalotina Sodica, Cefalotina Sodica Tamponada",Antibioticos Do Brasil Ltda
Cipro,Novo,Antibioticos Sistemicos Simples,"Ciprofloxacino, Cloridrato De Ciprofloxacino , Cloridrato De Ciprofloxacino Monoidratado",Bayer S.A.
Dalacin C,Novo,Antibioticos Sistemicos Simples,Cloridrato De Clindamicina,Pfizer Brasil Ltda
Avalox,Novo,Antibioticos Sistemicos Simples,Cloridrato De Moxifloxacino,Bayer S.A.
Vancocina Cp,Novo,Antibioticos Sistemicos Simples,Cloridrato De Vancomicina,Antibioticos Do Brasil Ltda
Colis-Tek,Novo,Antibioticos Sistemicos Simples,Colistimetato De Sodio,Opem Representacao Importadora Exportadora E Distribuidora Ltda
Invanz,Novo,Antibioticos Sistemicos Simples,Ertapenem Sodico,Merck Sharp & Dohme Farmaceutica Ltda.
Monuril,Novo,Antibioticos Sistemicos Simples,Fosfomicina Trometamol,Zambon Laboratorios Farmaceuticos Ltda.
Tamiram,Novo,Antibioticos Sistemicos Simples,Levofloxacino,Eurofarma Laboratorios S.A.
Levoxin,Novo,Antibioticos Sistemicos Simples,Levofloxacino Hemi-Hidratado,Apsen Farmaceutica S/A
Tavaflox,Novo,Antibioticos Sistemicos Simples,Levofloxacino Hemi-Hidratado,Ems Sigma Pharma Ltda
Zyvox,Novo,Antibioticos Sistemicos Simples,Linezolida,Pfizer Brasil Ltda
Meromax,Novo,Antibioticos Sistemicos Simples,Meropenem Tri-Hidratado,Eurofarma Laboratorios S.A.
Meronem,Novo,Antibioticos Sistemicos Simples,Meropenem Tri-Hidratado,Pfizer Brasil Ltda
Bedfordpoly - B,Novo,Antibioticos Sistemicos Simples,Sulfato De Polimixina B,Opem Representacao Importadora Exportadora E Distribuidora Ltda
Targocid,Novo,Antibioticos Sistemicos Simples,Teicoplanina,Sanofi Medley Farmaceutica Ltda.
Tygacil,Novo,Antibioticos Sistemicos Simples,Tigeciclina,Pfizer Brasil Ltda
Trifamox,Novo,Antibioticos Sistemicos-Associacoes Medicamentosas,"Amoxicilina Sodica, Amoxicilina Tri-Hidratada, Sulbactam Sodico, Sulbactam Pivoxila",Laboratorios Bago Do Brasil S/A
Heptar,Novo,Anticoagulantes,Heparina Sodica Bovina,Eurofarma Laboratorios S.A.
Lixiana®,Novo,Anticoagulantes,Tosilato De Edoxabana Monoidratado,Daiichi Sankyo Brasil Farmaceutica Ltda
Marevan,Novo,Anticoagulantes,Varfarina Sodica,Farmoquimica S/A
Actilyse,Novo,Anticoagulantes Fibrinoliticos E Proteoliticos N/Dige,Alteplase,Boehringer Ingelheim Do Brasil Quimica E Farmaceutica Ltda.
Eklira Genuair,Novo,Anticolinergicos,Brometo De Aclidinio,Glenmark Farmaceutica Ltda
Yupelri,Novo,Anticolinergicos,Revefenacina,Viatris Farmaceutica Do Brasil Ltda
Belara,Novo,Anticoncepcionais,"Acetato De Clormadinona, Etinilestradiol",Grunenthal Do Brasil Farmaceutica Ltda.
Belarina,Novo,Anticoncepcionais,"Acetato De Clormadinona, Etinilestradiol",Grunenthal Do Brasil Farmaceutica Ltda.
Cyclofemina,Novo,Anticoncepcionais,"Acetato De Medroxiprogesterona, Cipionato De Estradiol",Hemafarma Com E Ind Farmaceutica Ltda
Stezza,Novo,Anticoncepcionais,"Acetato De Nomegestrol, Estradiol Hemi-Hidratado",Theramex Farmaceutica Ltda.
Cerazette,Novo,Anticoncepcionais,Desogestrel,Organon Farmaceutica Ltda.
Gracial,Novo,Anticoncepcionais,"Desogestrel, Etinilestradiol",Organon Farmaceutica Ltda.
Mercilon,Novo,Anticoncepcionais,"Desogestrel, Etinilestradiol",Organon Farmaceutica Ltda.
Mercilon Conti,Novo,Anticoncepcionais,"Desogestrel, Etinilestradiol",Organon Farmaceutica Ltda.
Microdiol,Novo,Anticoncepcionais,"Desogestrel, Etinilestradiol",Organon Farmaceutica Ltda.
Slinda,Novo,Anticoncepcionais,Drospirenona,Exeltis Laboratorio Farmaceutico Ltda
Yaz,Novo,Anticoncepcionais,"Drospirenona, Clatrato De Etinilestradiol Betaciclodextrina",Bayer S.A.
Elani,Novo,Anticoncepcionais,"Drospirenona, Etinilestradiol",Libbs Farmaceutica Ltda
Yasmin,Novo,Anticoncepcionais,"Drospirenona, Etinilestradiol",Bayer S.A.
Mesigyna,Novo,Anticoncepcionais,"Enantato De Noretisterona, Valerato De Estradiol",Bayer S.A.
Nextela,Novo,Anticoncepcionais,"Estetrol Monoidratado, Drospirenona",Libbs Farmaceutica Ltda
Gestinol,Novo,Anticoncepcionais,"Etinilestradiol, Gestodeno, Celulose Microcristalina",Libbs Farmaceutica Ltda
Miranova,Novo,Anticoncepcionais,"Etinilestradiol, Levonorgestrel Micronizado",Uniao Quimica Farmaceutica Nacional S/A
Evra,Novo,Anticoncepcionais,"Etinilestradiol, Norelgestromina","Gedeon Richter Do Brasil Importadora, Exportadora E Distribuido"
Implanon,Novo,Anticoncepcionais,Etonogestrel,Organon Farmaceutica Ltda.
Nuvaring,Novo,Anticoncepcionais,"Etonogestrel, Etinilestradiol",Organon Farmaceutica Ltda.
Femiane,Novo,Anticoncepcionais,"Gestodeno, Etinilestradiol",Uniao Quimica Farmaceutica Nacional S/A
Pozato Uni,Novo,Anticoncepcionais,Levonorgestrel,Libbs Farmaceutica Ltda
Level,Novo,Anticoncepcionais,"Levonorgestrel, Etinilestradiol",Biolab Sanus Farmaceutica Ltda
Microvlar,Novo,Anticoncepcionais,"Levonorgestrel, Etinilestradiol",Uniao Quimica Farmaceutica Nacional S/A
Neovlar,Novo,Anticoncepcionais,"Levonorgestrel, Etinilestradiol",Uniao Quimica Farmaceutica Nacional S/A
Triquilar,Novo,Anticoncepcionais,"Levonorgestrel, Etinilestradiol",Uniao Quimica Farmaceutica Nacional S/A
Nordette,Novo,Anticoncepcionais,"Levonorgestrel, Levonorgestrel Micronizado, Etinilestradiol",Pfizer Brasil Ltda
Qlaira,Novo,Anticoncepcionais,"Valerato De Estradiol, Dienogeste",Bayer S.A.
Tegretol,Novo,Anticonvulsivantes,Carbamazepina,Novartis Biociencias S.A
Xcopri,Novo,Anticonvulsivantes,Cenobamato,Eurofarma Laboratorios S.A.
Rivotril,Novo,Anticonvulsivantes,Clonazepam,Blanver Farmoquimica E Farmaceutica S.A.
Fintepla,Novo,Anticonvulsivantes,Cloridrato De Fenfluramina,Ucb Biopharma Ltda.
Depakote,Novo,Anticonvulsivantes,Divalproato De Sodio,Abbott Laboratorios Do Brasil Ltda
Diacomit,Novo,Anticonvulsivantes,Estiripentol,Moksha8 Brasil Industria E Comercio De Medicamentos Ltda
Hidantal,Novo,Anticonvulsivantes,"Fenitoina, Fenitoina Sodica",Cosmed Industria De Cosmeticos E Medicamentos S.A.
Gardenal,Novo,Anticonvulsivantes,Fenobarbital,Pharlab Industria Farmaceutica S.A.
Neurontin,Novo,Anticonvulsivantes,Gabapentina,Viatris Farmaceutica Do Brasil Ltda
Vimpat,Novo,Anticonvulsivantes,Lacosamida,Ucb Biopharma Ltda.
Lamictal,Novo,Anticonvulsivantes,Lamotrigina,Glaxosmithkline Brasil Ltda
Etira,Novo,Anticonvulsivantes,Levetiracetam,Ache Laboratorios Farmaceuticos S.A
Etira Xr,Novo,Anticonvulsivantes,Levetiracetam,Ache Laboratorios Farmaceuticos S.A
Keppra,Novo,Anticonvulsivantes,Levetiracetam,Ucb Biopharma Ltda.
Keppra Xr,Novo,Anticonvulsivantes,Levetiracetam,Ucb Biopharma Ltda.
Trileptal,Novo,Anticonvulsivantes,Oxcarbazepina,Novartis Biociencias S.A
Dorene Liquido,Novo,Anticonvulsivantes,Pregabalina,Ache Laboratorios Farmaceuticos S.A
Dorene Tabs,Novo,Anticonvulsivantes,Pregabalina,Ache Laboratorios Farmaceuticos S.A
Insit®,Novo,Anticonvulsivantes,Pregabalina,Apsen Farmaceutica S/A
Konduz,Novo,Anticonvulsivantes,Pregabalina,Ems S/A
Lyrica,Novo,Anticonvulsivantes,Pregabalina,Viatris Farmaceutica Do Brasil Ltda
Prebictal,Novo,Anticonvulsivantes,Pregabalina,Adium S.A.
Primid,Novo,Anticonvulsivantes,Primidona,Apsen Farmaceutica S/A
Toduze,Novo,Anticonvulsivantes,Topiramato,Ems S/A
Topamax,Novo,Anticonvulsivantes,Topiramato,Janssen-Cilag Farmaceutica Ltda
Depakene,Novo,Anticonvulsivantes,"Valproato De Sodio, Acido Valproico",Abbott Laboratorios Do Brasil Ltda
Sabril,Novo,Anticonvulsivantes,Vigabatrina,Sanofi Medley Farmaceutica Ltda.
Valdoxan,Novo,Antidepressivos,Agomelatina,Laboratorios Servier Do Brasil Ltda
Cipramil,Novo,Antidepressivos,"Bromidrato De Citalopram, Citalopram",Lundbeck Brasil Ltda
Brintellix,Novo,Antidepressivos,Bromidrato De Vortioxetina,Lundbeck Brasil Ltda
Carbolitium,Novo,Antidepressivos,Carbonato De Litio,Eurofarma Laboratorios S.A.
Amytril,Novo,Antidepressivos,Cloridrato De Amitriptilina,Cristalia Produtos Quimicos Farmaceuticos Ltda.
Wellbutrin,Novo,Antidepressivos,Cloridrato De Bupropiona,Glaxosmithkline Brasil Ltda
Anafranil,Novo,Antidepressivos,Cloridrato De Clomipramina,Sandoz Do Brasil Industria Farmaceutica Ltda
Spravato,Novo,Antidepressivos,Cloridrato De Escetamina,Janssen-Cilag Farmaceutica Ltda
Fetzim,Novo,Antidepressivos,Cloridrato De Levomilnaciprana,Allergan Produtos Farmaceuticos Ltda
Pamelor,Novo,Antidepressivos,Cloridrato De Nortriptilina,Cellera Farmaceutica S.A.
Aropax,Novo,Antidepressivos,Cloridrato De Paroxetina,Glaxosmithkline Brasil Ltda
Cebrilin,Novo,Antidepressivos,Cloridrato De Paroxetina,Libbs Farmaceutica Ltda
Pondera,Novo,Antidepressivos,Cloridrato De Paroxetina,Eurofarma Laboratorios S.A.
Paxil Cr,Novo,Antidepressivos,"Cloridrato De Paroxetina, Cloridrato De Paroxetina Hemi-Hidratado",Glaxosmithkline Brasil Ltda
Tolrest,Novo,Antidepressivos,Cloridrato De Sertralina,Ache Laboratorios Farmaceuticos S.A
Zoloft,Novo,Antidepressivos,Cloridrato De Sertralina,Viatris Farmaceutica Do Brasil Ltda
Donaren Retard,Novo,Antidepressivos,Cloridrato De Trazodona,Apsen Farmaceutica S/A
Inseris Xr,Novo,Antidepressivos,Cloridrato De Trazodona,Apsen Farmaceutica S/A
Efexor,Novo,Antidepressivos,Cloridrato De Venlafaxina,Viatris Farmaceutica Do Brasil Ltda
Veniz Xr,Novo,Antidepressivos,Cloridrato De Venlafaxina,Sun Farmaceutica Do Brasil Ltda
Viibryd,Novo,Antidepressivos,Cloridrato De Vilazodona,Abbvie Farmaceutica Ltda.
Luvox,Novo,Antidepressivos,Maleato De Fluvoxamina,Abbott Laboratorios Do Brasil Ltda
Remeron,Novo,Antidepressivos,Mirtazapina,Organon Farmaceutica Ltda.
Esc Odt,Novo,Antidepressivos,Oxalato De Escitalopram,Eurofarma Laboratorios S.A.
Lexapro,Novo,Antidepressivos,Oxalato De Escitalopram,Lundbeck Brasil Ltda
Reconter Odt,Novo,Antidepressivos,Oxalato De Escitalopram,Libbs Farmaceutica Ltda
Pristiq,Novo,Antidepressivos,Succinato De Desvenlafaxina Monoidratado,Pfizer Brasil Ltda
Nesina,Novo,Antidiabeticos,Benzoato De Alogliptina,Cosmed Industria De Cosmeticos E Medicamentos S.A.
Nesina Pio,Novo,Antidiabeticos,"Benzoato De Alogliptina, Cloridrato De Pioglitazona",Cosmed Industria De Cosmeticos E Medicamentos S.A.
Invokana,Novo,Antidiabeticos,Canagliflozina Hemi-Hidratada,Janssen-Cilag Farmaceutica Ltda
Glifage,Novo,Antidiabeticos,Cloridrato De Metformina,Merck S/A
Glifage Xr,Novo,Antidiabeticos,Cloridrato De Metformina,Merck S/A
Meglize,Novo,Antidiabeticos,Cloridrato De Metformina,Ems S/A
Nesina Met,Novo,Antidiabeticos,"Cloridrato De Metformina, Benzoato De Alogliptina",Cosmed Industria De Cosmeticos E Medicamentos S.A.
Glucovance,Novo,Antidiabeticos,"Cloridrato De Metformina, Glibenclamida",Merck S/A
Glivance Xr,Novo,Antidiabeticos,"Cloridrato De Metformina, Gliclazida",Merck S/A
Sitareddys-M,Novo,Antidiabeticos,"Cloridrato De Sitagliptina Monoidratado, Cloridrato De Metformina",Dr. Reddys Farmaceutica Do Brasil Ltda
Forxiga,Novo,Antidiabeticos,Dapagliflozina Propanodiol Monoidratado,Astrazeneca Do Brasil Ltda
Xigduo Xr,Novo,Antidiabeticos,"Dapagliflozina Propanodiol Monoidratado, Cloridrato De Metformina",Astrazeneca Do Brasil Ltda
Qtern,Novo,Antidiabeticos,"Dapagliflozina Propanodiol Monoidratado, Saxagliptina Monoidratada",Astrazeneca Do Brasil Ltda
Jardiance,Novo,Antidiabeticos,Empagliflozina,Boehringer Ingelheim Do Brasil Quimica E Farmaceutica Ltda.
Jardiance Duo,Novo,Antidiabeticos,"Empagliflozina, Cloridrato De Metformina",Boehringer Ingelheim Do Brasil Quimica E Farmaceutica Ltda.
Glyxambi,Novo,Antidiabeticos,"Empagliflozina, Linagliptina",Boehringer Ingelheim Do Brasil Quimica E Farmaceutica Ltda.
Janumet,Novo,Antidiabeticos,"Fosfato De Sitagliptina Monoidratado, Cloridrato De Metformina",Merck Sharp & Dohme Farmaceutica Ltda.
Daonil,Novo,Antidiabeticos,Glibenclamida,Sanofi Medley Farmaceutica Ltda.
Diamicron,Novo,Antidiabeticos,"Glicazida, Gliclazida",Laboratorios Servier Do Brasil Ltda
Meritor,Novo,Antidiabeticos,"Glimepirida, Cloridrato De Metformina",Ache Laboratorios Farmaceuticos S.A
Novolin N,Novo,Antidiabeticos,Insulina Humana,Novo Nordisk Farmaceutica Do Brasil Ltda
Humulin N,Novo,Antidiabeticos,"Insulina Humana, Insulina Humana Biosintetica",Eli Lilly Do Brasil Ltda
Trayenta,Novo,Antidiabeticos,Linagliptina,Boehringer Ingelheim Do Brasil Quimica E Farmaceutica Ltda.
Trayenta Duo,Novo,Antidiabeticos,"Linagliptina, Cloridrato De Metformina",Boehringer Ingelheim Do Brasil Quimica E Farmaceutica Ltda.
Lirux,Novo,Antidiabeticos,Liraglutida,Ems S/A
Onglyza,Novo,Antidiabeticos,Saxagliptina,Astrazeneca Do Brasil Ltda
Ozivy,Novo,Antidiabeticos,Semaglutida,Ems S/A
Suganon,Novo,Antidiabeticos,Tartarato De Evogliptina,Eurofarma Laboratorios S.A.
Mounjaro,Novo,Antidiabeticos,Tirzepatida,Eli Lilly Do Brasil Ltda
Mounjaro Multidose,Novo,Antidiabeticos,Tirzepatida,Eli Lilly Do Brasil Ltda
Galvus,Novo,Antidiabeticos,Vildagliptina,Novartis Biociencias S.A
Galvus Met,Novo,Antidiabeticos,"Vildagliptina, Cloridrato De Metformina",Novartis Biociencias S.A
Imosec,Novo,Antidiarreicos Adsorventes E Antifiseticos,Cloridrato De Loperamida,Kenvue Ltda.
Tiorfan,Novo,Antidiarreicos Simples Sem Acao Antimicrobiana,Racecadotrila,Laboratorios Bago Do Brasil S/A
Digesan,Novo,Antiemeticos E Antinauseantes,Bromoprida,Eurofarma Laboratorios S.A.
Enavo Gotas,Novo,Antiemeticos E Antinauseantes,Cloridrato  De Ondansetrona Di-Hidratado,Ems S/A
Nautex Gotas,Novo,Antiemeticos E Antinauseantes,Cloridrato  De Ondansetrona Di-Hidratado,Ache Laboratorios Farmaceuticos S.A
Vonau,Novo,Antiemeticos E Antinauseantes,"Cloridrato  De Ondansetrona Di-Hidratado, Cloridrato De Ondansetrona",Biolab Sanus Farmaceutica Ltda
Akynzeo Iv,Novo,Antiemeticos E Antinauseantes,"Cloridrato Cloreto De Fosnetupitanto, Cloridrato De Palonosetrona",United Medical Ltda
Kytril,Novo,Antiemeticos E Antinauseantes,Cloridrato De Granisetrona,Mawdsleys Pharmaceuticals Do Brasil Ltda
Quevatryl,Novo,Antiemeticos E Antinauseantes,Cloridrato De Granisetrona,Halex Istar Industria Farmaceutica Sa
Meclin,Novo,Antiemeticos E Antinauseantes,"Cloridrato De Meclizina, Dicloridrato De Meclozina Monoidratado",Apsen Farmaceutica S/A
Plasil,Novo,Antiemeticos E Antinauseantes,Cloridrato De Metoclopramida Monoidratado,Sanofi Medley Farmaceutica Ltda.
Onicit,Novo,Antiemeticos E Antinauseantes,Cloridrato De Palonosetrona,United Medical Ltda
Meclin Jet,Novo,Antiemeticos E Antinauseantes,Dicloridrato De Meclozina Monoidratado,Apsen Farmaceutica S/A
Dramin,Novo,Antiemeticos E Antinauseantes,Dimenidrinato,Cosmed Industria De Cosmeticos E Medicamentos S.A.
Dramin B6,Novo,Antiemeticos E Antinauseantes,"Dimenidrinato, Cloridrato De Piridoxina",Cosmed Industria De Cosmeticos E Medicamentos S.A.
Dramin B6 Dl,Novo,Antiemeticos E Antinauseantes,"Dimenidrinato, Cloridrato De Piridoxina, Glicose, Frutose",Cosmed Industria De Cosmeticos E Medicamentos S.A.
Domped,Novo,Antiemeticos E Antinauseantes,Domperidona,Ache Laboratorios Farmaceuticos S.A
Motilium,Novo,Antiemeticos E Antinauseantes,Domperidona,Kenvue Ltda.
Emend Injetavel,Novo,Antiemeticos E Antinauseantes,Fosaprepitanto Dimeglumina,Merck Sharp & Dohme Farmaceutica Ltda.
Ondif,Novo,Antiemeticos E Antinauseantes,Ondansetrona,Cosmed Industria De Cosmeticos E Medicamentos S.A.
Naucloz,Novo,Antiemeticos E Antinauseantes,Dicloridrato De Meclozina Monoidratado,Ache Laboratorios Farmaceuticos S.A
Akynzeo,Novo,Antiemeticos E Antinauseantes,"Netupitanto, Cloridrato De Palonosetrona",United Medical Ltda
Inovelon,Novo,Antiepilepticos,Rufinamida,United Medical Ltda
Duspatalin,Novo,Antiespasmodicos,Cloridrato De Mebeverina,Abbott Laboratorios Do Brasil Ltda
Retemic,Novo,Antiespasmodicos,Cloridrato De Oxibutinina,Apsen Farmaceutica S/A
Digedrat,Novo,Antiespasmodicos,Maleato De Trimebutina,Cosmed Industria De Cosmeticos E Medicamentos S.A.
Lonium,Novo,Antiespasmodicos E Anticolinergicos Gastrintestinais,Brometo De Otilonio,Apsen Farmaceutica S/A
Buscopan,Novo,Antiespasmodicos E Anticolinergicos Gastrintestinais,Butilbrometo De Escopolamina,Cosmed Industria De Cosmeticos E Medicamentos S.A.
Buscopan Composto,Novo,Antiespasmodicos E Anticolinergicos-Assoc  Medicamentosas,"Butilbrometo De Escopolamina, Dipirona Monoidratada",Cosmed Industria De Cosmeticos E Medicamentos S.A.
Buscoduo,Novo,Antiespasmodicos E Anticolinergicos-Assoc  Medicamentosas,"Butilbrometo De Escopolamina, Paracetamol",Cosmed Industria De Cosmeticos E Medicamentos S.A.
A Saude Da Mulher,Novo,Antiespasmodicos E Anticolinergicos-Assoc  Medicamentosas,"Tintura Agoniada Plumeria, Salicilato De Sodio, Extrato Fluido De Passiflora Alata, Extrato Fluido De Casca De Laranja Amarga",Ems S/A
Ipsilon,Novo,Antifibrinoliticos,Acido Epsilon Aminocaproico,Zydus Nikkho Farmaceutica Ltda
Transamin,Novo,Antifibrinoliticos,Acido Tranexamico,Zydus Nikkho Farmaceutica Ltda
Capilarema,Novo,Antifibrinoliticos,Aminaftona,Laboratorios Baldacci Ltda
Lumigan,Novo,Antiglaucomatosos,Bimatoprosta,Allergan Produtos Farmaceuticos Ltda
Ganfort,Novo,Antiglaucomatosos,"Bimatoprosta, Maleato De Timolol",Allergan Produtos Farmaceuticos Ltda
Triplenex,Novo,Antiglaucomatosos,"Bimatoprosta, Maleato De Timolol, Tartarato De Brimonidina",Allergan Produtos Farmaceuticos Ltda
Azopt,Novo,Antiglaucomatosos,Brinzolamida,Novartis Biociencias S.A
Azorga,Novo,Antiglaucomatosos,"Brinzolamida, Maleato De Timolol",Novartis Biociencias S.A
Simbrinza,Novo,Antiglaucomatosos,"Brinzolamida, Tartarato De Brimonidina",Novartis Biociencias S.A
Cosopt,Novo,Antiglaucomatosos,"Cloridrato De Dorzolamida, Maleato De Timolol",Mundipharma Brasil Produtos Medicos E Farmaceuticos Ltda
Volata Mt,Novo,Antiglaucomatosos,"Latanoprosta, Maleato De Timolol",Cristalia Produtos Quimicos Farmaceuticos Ltda.
Xalacom,Novo,Antiglaucomatosos,"Latanoprosta, Maleato De Timolol",Viatris Farmaceutica Do Brasil Ltda
Timoptol,Novo,Antiglaucomatosos,Maleato De Timolol,Mundipharma Brasil Produtos Medicos E Farmaceuticos Ltda
Alphagan,Novo,Antiglaucomatosos,Tartarato De Brimonidina,Allergan Produtos Farmaceuticos Ltda
Combigan,Novo,Antiglaucomatosos,"Tartarato De Brimonidina, Maleato De Timolol",Allergan Produtos Farmaceuticos Ltda
Travatan,Novo,Antiglaucomatosos,Travoprosta,Novartis Biociencias S.A
Gino-Canesten,Novo,Antiinfecciosos E Antissepticos Ginecologicos Excluindo Associacoes Com Corticosteroides,Clotrimazol,Bayer S.A.
Zevtera,Novo,Antiinfecciosos Para Uso Sistemico,Ceftobiprol Medocarila Sodico,United Medical Ltda
Bicerto Iv,Novo,Antiinflamatorios E Antireumaticos,Cetoprofeno,Eurofarma Laboratorios S.A.
Nustendi,Novo,Antilipemicos,"Acido Bempedoico, Ezetimiba",Daiichi Sankyo Brasil Farmaceutica Ltda
Citalor,Novo,Antilipemicos,Atorvastatina Calcica,Viatris Farmaceutica Do Brasil Ltda
Cedur,Novo,Antilipemicos,Bezafibrato,Teva Farmaceutica Ltda.
Oroxadin,Novo,Antilipemicos,Ciprofibrato,Sanofi Medley Farmaceutica Ltda.
Questran Light,Novo,Antilipemicos,Colestiramina,Moksha8 Brasil Industria E Comercio De Medicamentos Ltda
Ezetrol,Novo,Antilipemicos,Ezetimiba,Organon Farmaceutica Ltda.
Zetia,Novo,Antilipemicos,Ezetimiba,Organon Farmaceutica Ltda.
Vytorin,Novo,Antilipemicos,"Ezetimiba, Sinvastatina",Organon Farmaceutica Ltda.
Zetsim,Novo,Antilipemicos,"Ezetimiba, Sinvastatina",Organon Farmaceutica Ltda.
Lipidil,Novo,Antilipemicos,Fenofibrato,Abbott Laboratorios Do Brasil Ltda
Lipanon,Novo,Antilipemicos,Fenofibratos Microgranulos A 75%,Cosmed Industria De Cosmeticos E Medicamentos S.A.
Sybrava,Novo,Antilipemicos,Inclisirana Sodica,Novartis Biociencias S.A
Livalo,Novo,Antilipemicos,Pitavastatina Calcica,Biolab Sanus Farmaceutica Ltda
Crestor,Novo,Antilipemicos,Rosuvastatina Calcica,Astrazeneca Do Brasil Ltda
Coledue R,Novo,Antilipemicos,"Rosuvastatina Calcica, Ezetimiba",Cosmed Industria De Cosmeticos E Medicamentos S.A.
Plenance Eze,Novo,Antilipemicos,"Rosuvastatina Calcica, Ezetimiba",Libbs Farmaceutica Ltda
Trezete,Novo,Antilipemicos,"Rosuvastatina Calcica, Ezetimiba",Ache Laboratorios Farmaceuticos S.A
Zinpass® Eze,Novo,Antilipemicos,"Rosuvastatina Calcica, Ezetimiba",Sanofi Medley Farmaceutica Ltda.
Coartem,Novo,Antimalaricos,"Artemeter, Lumefantrina",Novartis Biociencias S.A
Artesunato + Mefloquina Farmanguinhos,Novo,Antimalaricos,"Cloridrato De Mefloquina, Artesunato",Fundacao Oswaldo Cruz
Daraprim,Novo,Antimalaricos,Pirimetamina,Farmoquimica S/A
Kozenis,Novo,Antimalaricos,Succinato De Tafenoquina,Glaxosmithkline Brasil Ltda
Plaquinol,Novo,Antimalaricos,Sulfato De Hidroxicloroquina,Sanofi Medley Farmaceutica Ltda.
Farmanguinhos Primaquina,Novo,Antimalaricos,Difosfato De Primaquina,Fundacao Oswaldo Cruz
Vidaza,Novo,Antimetabolicos Analogos Da Pirimidina,Azacitidina,United Medical Ltda
Imuran,Novo,Antimetabolicos Analogos Da Purina,Azatioprina,Aspen Pharma Industria Farmaceutica Ltda
Purinethol,Novo,Antimetabolicos Analogos Da Purina,Mercaptopurina,Aspen Pharma Industria Farmaceutica Ltda
Cresemba,Novo,Antimicotico,Sulfato De Isavuconazonio,United Medical Ltda
Loceryl,Novo,Antimicoticos Para Uso Topico,Cloridrato De Amorolfina,Galderma Brasil Ltda
Canesten,Novo,Antimicoticos Para Uso Topico,Clotrimazol,Bayer S.A.
Icaden,Novo,Antimicoticos Para Uso Topico,"Isoconazol, Nitrato De Isoconazol",Leo Pharma Ltda
Daktarin Gel Oral,Novo,Antimicoticos Para Uso Topico,Miconazol,Kenvue Ltda.
Fentizol,Novo,Antimicoticos Para Uso Topico,Nitrato De Fenticonazol,Ache Laboratorios Farmaceuticos S.A
Icacort,Novo,Antimicoticos Para Uso Topico,"Valerato De Diflucortolona, Nitrato De Isoconazol",Leo Pharma Ltda
Zoltec,Novo,Antimicoticos Sistemicos,Fluconazol,Pfizer Brasil Ltda
Sporanox,Novo,Antimicoticos Sistemicos,Itraconazol,Janssen-Cilag Farmaceutica Ltda
Noxafil,Novo,Antimicoticos Sistemicos,Posaconazol,Merck Sharp & Dohme Farmaceutica Ltda.
Vfend,Novo,Antimicoticos Sistemicos,Voriconazol,Pfizer Brasil Ltda
Zoladex,Novo,Antineoplasico,Acetato De Gosserrelina,Astrazeneca Do Brasil Ltda
Eligard,Novo,Antineoplasico,Acetato De Leuprorrelina,Adium S.A.
Voranigo,Novo,Antineoplasico,Acido Hemicitrico Vorasidenibe Hemi-Hidratado,Laboratorios Servier Do Brasil Ltda
Arimidex,Novo,Antineoplasico,Anastrozol,Astrazeneca Do Brasil Ltda
Inlyta,Novo,Antineoplasico,Axitinibe,Pfizer Brasil Ltda
Beleodaq,Novo,Antineoplasico,Belinostate,Pint Pharma Produtos Medico-Hospitalares E Farmaceuticos Ltda
Welireg,Novo,Antineoplasico,Belzutifano,Merck Sharp & Dohme Farmaceutica Ltda.
Casodex,Novo,Antineoplasico,Bicalutamida,Astrazeneca Do Brasil Ltda
Bosulif,Novo,Antineoplasico,Bosutinibe Monoidratado,Pfizer Brasil Ltda
Jevtana,Novo,Antineoplasico,Cabazitaxel,Sanofi Medley Farmaceutica Ltda.
Truqap,Novo,Antineoplasico,Capivasertibe,Astrazeneca Do Brasil Ltda
Vonjo,Novo,Antineoplasico,Citrato De Pacritinibe,Pint Pharma Produtos Medico-Hospitalares E Farmaceuticos Ltda
Nolvadex,Novo,Antineoplasico,Citrato De Tamoxifeno,Astrazeneca Do Brasil Ltda
Tarceva,Novo,Antineoplasico,Cloridrato De Erlotinibe,Biopas Brasil Produtos Farmaceuticos Ltda
Gemcit,Novo,Antineoplasico,Cloridrato De Gencitabina,Sandoz Do Brasil Industria Farmaceutica Ltda
Gemzar,Novo,Antineoplasico,Cloridrato De Gencitabina,Biopas Brasil Produtos Farmaceuticos Ltda
Camptosar,Novo,Antineoplasico,Cloridrato De Irinotecano,Pfizer Brasil Ltda
Onivyde,Novo,Antineoplasico,Cloridrato De Irinotecano Triidratado,Laboratorios Servier Do Brasil Ltda
Votrient,Novo,Antineoplasico,Cloridrato De Pazopanibe,Novartis Biociencias S.A
Tepmetko,Novo,Antineoplasico,Cloridrato De Tepotinibe Monoidratado,Merck S/A
Xalkori,Novo,Antineoplasico,Crizotinibe,Pfizer Brasil Ltda
Dacarb,Novo,Antineoplasico,Dacarbazina,Eurofarma Laboratorios S.A.
Sprycel,Novo,Antineoplasico,Dasatinibe,Bristol-Myers Squibb Farmaceutica Ltda
Ojjaara,Novo,Antineoplasico,Dicloridrato De Momelotinibe Monoidratado,Glaxosmithkline Brasil Ltda
Giotrif,Novo,Antineoplasico,Dimaleato De Afatinibe,Boehringer Ingelheim Do Brasil Quimica E Farmaceutica Ltda.
Tykerb,Novo,Antineoplasico,Ditosilato De Lapatinibe,Novartis Biociencias S.A
Taxotere,Novo,Antineoplasico,Docetaxel,Sanofi Medley Farmaceutica Ltda.
Xtandi,Novo,Antineoplasico,Enzalutamida,Astellas Farma Brasil Importacao E Distribuicao De Medicamentos
Ofev,Novo,Antineoplasico,Esilato De Nintedanibe,Boehringer Ingelheim Do Brasil Quimica E Farmaceutica Ltda.
Afinitor,Novo,Antineoplasico,Everolimo,Novartis Biociencias S.A
Aromasin,Novo,Antineoplasico,Exemestano,Pfizer Brasil Ltda
Jakavi,Novo,Antineoplasico,Fosfato De Ruxolitinibe,Novartis Biociencias S.A
Faslodex,Novo,Antineoplasico,Fulvestranto,Astrazeneca Do Brasil Ltda
Iressa,Novo,Antineoplasico,Gefitinibe,Astrazeneca Do Brasil Ltda
Cotellic®,Novo,Antineoplasico,Hemifumarato De Cobimetinibe,Produtos Roche Quimicos E Farmaceuticos S.A.
Imbruvica,Novo,Antineoplasico,Ibrutinibe,Janssen-Cilag Farmaceutica Ltda
Itovebi,Novo,Antineoplasico,Inavolisibe,Produtos Roche Quimicos E Farmaceuticos S.A.
Femara,Novo,Antineoplasico,Letrozol,Novartis Biociencias S.A
Sutent,Novo,Antineoplasico,Malato De Sunitinibe,Pfizer Brasil Ltda
Tafinlar,Novo,Antineoplasico,Mesilato De Dabrafenibe,Novartis Biociencias S.A
Glivec,Novo,Antineoplasico,Mesilato De Imatinibe,Novartis Biociencias S.A
Metrexato,Novo,Antineoplasico,Metotrexato De Sodio,Blau Farmaceutica S.A.
Mepact,Novo,Antineoplasico,Mifamurtida,Takeda Pharma Ltda.
Tasigna,Novo,Antineoplasico,Nilotinibe,Novartis Biociencias S.A
Taxol,Novo,Antineoplasico,Paclitaxel,Biopas Brasil Produtos Farmaceuticos Ltda
Ibrance,Novo,Antineoplasico,Palbociclibe,Pfizer Brasil Ltda
Alimta,Novo,Antineoplasico,Pemetrexede,Eli Lilly Do Brasil Ltda
Pemdia,Novo,Antineoplasico,Pemetrexede,Teva Farmaceutica Ltda.
Stivarga,Novo,Antineoplasico,Regorafenibe,Bayer S.A.
Mabthera,Novo,Antineoplasico,Rituximabe,Produtos Roche Quimicos E Farmaceuticos S.A.
Lumakras,Novo,Antineoplasico,Sotorasibe,Amgen Biotecnologia Do Brasil Ltda.
Faulblastina,Novo,Antineoplasico,Sulfato De Vimblastina,Libbs Farmaceutica Ltda
Nexavar,Novo,Antineoplasico,Tosilato De Sorafenibe,Bayer S.A.
Talzenna,Novo,Antineoplasico,Tosilato De Talazoparibe,Pfizer Brasil Ltda
Yondelis,Novo,Antineoplasico,Trabectedina,Adium S.A.
Herceptin,Novo,Antineoplasico,Trastuzumabe,Produtos Roche Quimicos E Farmaceuticos S.A.
Vesanoid,Novo,Antineoplasico,Tretinoina,Biopas Brasil Produtos Farmaceuticos Ltda
Caprelsa,Novo,Antineoplasico,Vandetanibe,Sanofi Medley Farmaceutica Ltda.
Zelboraf,Novo,Antineoplasico,Vemurafenibe,Produtos Roche Quimicos E Farmaceuticos S.A.
Erivedge,Novo,Antineoplasico,Vismodegibe,Produtos Roche Quimicos E Farmaceuticos S.A.
Brukinsa,Novo,Antineoplasico,Zanubrutinibe,Beone Medicines Brasil Ltda
Bortyz Rtu,Novo,Antineoplasicos Citotoxicos,Bortezomibe,Accord Farmaceutica Ltda
Velcade,Novo,Antineoplasicos Citotoxicos,Bortezomibe,Janssen-Cilag Farmaceutica Ltda
Gliadel,Novo,Antineoplasicos Citotoxicos,Carmustina,Eisai Laboratorios Ltda
Leustatin,Novo,Antineoplasicos Citotoxicos,Cladribina,Mawdsleys Pharmaceuticals Do Brasil Ltda
Musbeno,Novo,Antineoplasicos Citotoxicos,Cloridrato De Bendamustina,Dr. Reddys Farmaceutica Do Brasil Ltda
Dacogen,Novo,Antineoplasicos Citotoxicos,Decitabina,Janssen-Cilag Farmaceutica Ltda
Alkeran,Novo,Antineoplasicos Citotoxicos,Melfalana,Aspen Pharma Industria Farmaceutica Ltda
Navelbine,Novo,Antineoplasicos Citotoxicos,Tartarato De Vinorelbina,Blanver Farmoquimica E Farmaceutica S.A.
Trisenox,Novo,Antineoplasicos Citotoxicos,Trioxido De Arsenio,Teva Farmaceutica Ltda.
Zinnat,Novo,Antinfecciosos,Axetil Cefuroxima,Sandoz Do Brasil Industria Farmaceutica Ltda
Dequadin,Novo,Antinfecciosos E Antissepticos Topicos Para Orofaringe,"Cloreto De Dequalinio, Benzocaina",Farmoquimica S/A
Hexomedine,Novo,Antinfecciosos E Antissepticos Topicos Para Orofaringe,"Isetionato De Hexamidina, Cloridrato De Tetracaina",Cosmed Industria De Cosmeticos E Medicamentos S.A.
Bismu-Jet,Novo,Antinfecciosos E Antissepticos Topicos Para Orofaringe,"Sulfato De Neomicina, Tartarato De Bismuto E Sodio, Cloridrato De Procaina",Legrand Pharma Industria Farmaceutica Ltda
Verutex,Novo,Antinfecciosos Topicos,Acido Fusidico,Leo Pharma Ltda
Bactroban,Novo,Antinfecciosos Topicos,Mupirocina,Glaxosmithkline Brasil Ltda
Furacin,Novo,Antinfecciosos Topicos,Nitrofural,Cosmed Industria De Cosmeticos E Medicamentos S.A.
Ciloxan,Novo,Antinfecciosos Topicos Para Uso Oftalmico,Cloridrato De Ciprofloxacino Monoidratado,Novartis Biociencias S.A
Vigamox,Novo,Antinfecciosos Topicos Para Uso Oftalmico,Cloridrato De Moxifloxacino,Novartis Biociencias S.A
Ozurdex,Novo,Antinfecciosos Topicos Para Uso Oftalmico,Dexametasona,Abbvie Farmaceutica Ltda.
Garasone,Novo,Antinfecciosos Topicos Para Uso Oftalmico,"Fosfato Dissodico De Betametasona, Gentamicina, Sulfato De Gentamicina",Cosmed Industria De Cosmeticos E Medicamentos S.A.
Zymar,Novo,Antinfecciosos Topicos Para Uso Oftalmico,Gatifloxacino,Allergan Produtos Farmaceuticos Ltda
Oflox,Novo,Antinfecciosos Topicos Para Uso Oftalmico,Ofloxacino,Allergan Produtos Farmaceuticos Ltda
Tobrex,Novo,Antinfecciosos Topicos Para Uso Oftalmico,Tobramicina,Novartis Biociencias S.A
Verutex B,Novo,Antinfecciosos Topicos-Associacoes Medicamentosas,"Acido Fusidico, Valerato De Betametasona",Leo Pharma Ltda
Vigadexa,Novo,Antinfecciosos Topicos-Associacoes Medicamentosas,"Cloridrato De Moxifloxacino, Fosfato Dissodico De Dexametasona",Novartis Biociencias S.A
Maxitrol,Novo,Antinfecciosos Topicos-Associacoes Medicamentosas,"Dexametasona, Sulfato De Neomicina, Sulfato De Polimixina B",Novartis Biociencias S.A
Dermotil Fusid,Novo,Antinfecciosos Topicos-Associacoes Medicamentosas,"Furoato De Mometasona, Acido Fusidico",Glenmark Farmaceutica Ltda
Zypred,Novo,Antinfecciosos Topicos-Associacoes Medicamentosas,"Gatifloxacino Sesqui-Hidratado, Acetato De Prednisolona",Allergan Produtos Farmaceuticos Ltda
Oto - Xilodase,Novo,Antinfecciosos Topicos-Associacoes Medicamentosas,"Hialuronidase, Cloridrato De Lidocaina, Sulfato De Neomicina",Apsen Farmaceutica S/A
Otosporin,Novo,Antinfecciosos Topicos-Associacoes Medicamentosas,"Hidrocortisona, Sulfato De Neomicina, Sulfato De Polimixina B",Farmoquimica S/A
Dermacerium,Novo,Antinfecciosos Topicos-Associacoes Medicamentosas,"Sulfadiazina De Prata, Nitrato De Cerio",Cristalia Produtos Quimicos Farmaceuticos Ltda.
Lidosporin,Novo,Antinfecciosos Topicos-Associacoes Medicamentosas,"Sulfato De Polimixina B, Lidocaina",Farmoquimica S/A
Predmicin,Novo,Antinfecciosos Topicos-Associacoes Medicamentosas,"Sulfato De Polimixina B, Prednisolona, Benzocaina, Clioquinol",Ems S/A
Proflam,Novo,Antinflamatorios,Aceclofenaco,Eurofarma Laboratorios S.A.
Celebra,Novo,Antinflamatorios,Celecoxibe,Viatris Farmaceutica Do Brasil Ltda
Dolamin,Novo,Antinflamatorios,Clonixinato De Lisina,Farmoquimica S/A
Flogo-Rosa,Novo,Antinflamatorios,Cloridrato De Benzidamina,Ache Laboratorios Farmaceuticos S.A
Flotac,Novo,Antinflamatorios,Diclofenaco Colestiramina,Novartis Biociencias S.A
Cataflam,Novo,Antinflamatorios,"Diclofenaco De Potassio, Diclofenaco Dietilamonio, Diclofenaco Potassico, Diclofenaco Resinato, Diclofenaco Acido",Novartis Biociencias S.A
Cataflampro,Novo,Antinflamatorios,Diclofenaco Dietilamonio,Pf Consumer Healthcare Brazil Importadora E Distribuidora De Me
Flodin Duo,Novo,Antinflamatorios,Diclofenaco Sodico,Adium S.A.
Loteprol,Novo,Antinflamatorios,Etabonato De Loteprednol,Bl Industria Otica Ltda
Strepsils,Novo,Antinflamatorios,Flurbiprofeno,Reckitt Benckiser (Brasil) Ltda
Xefo,Novo,Antinflamatorios,Lornoxicam,Biolab Sanus Farmaceutica Ltda
Loxonin,Novo,Antinflamatorios,Loxoprofeno Sodico,Daiichi Sankyo Brasil Farmaceutica Ltda
Loxonin Flex,Novo,Antinflamatorios,Loxoprofeno Sodico,Daiichi Sankyo Brasil Farmaceutica Ltda
Inicox Dp,Novo,Antinflamatorios,Meloxicam,Farmoquimica S/A
Flanax,Novo,Antinflamatorios,Naproxeno Sodico,Bayer S.A.
Flanax Xr,Novo,Antinflamatorios,Naproxeno Sodico,Bayer S.A.
Nevanac,Novo,Antinflamatorios,Nepafenaco,Novartis Biociencias S.A
Arflex Retard,Novo,Antinflamatorios,Nimesulida,Diffucap - Chemobras Quimica E Farmaceutica Ltda
Nisulid,Novo,Antinflamatorios,Nimesulida,Ache Laboratorios Farmaceuticos S.A
Maxsulid,Novo,Antinflamatorios,Nimesulida Betaciclodextrina,Cosmed Industria De Cosmeticos E Medicamentos S.A.
Nivux,Novo,Antinflamatorios,"Nimesulida, Pantoprazol Sodico Sesqui-Hidratado",Ems S/A
Bextra Im/Iv,Novo,Antinflamatorios,Parecoxibe Sodico,Pfizer Brasil Ltda
Elidel,Novo,Antinflamatorios,Pimecrolimo,Viatris Farmaceutica Do Brasil Ltda
Feldene,Novo,Antinflamatorios,Piroxicam,Pfizer Brasil Ltda
Triancil,Novo,Antinflamatorios,Triancinolona Hexacetonida,Apsen Farmaceutica S/A
Acular,Novo,Antinflamatorios,Trometamol Cetorolaco,Allergan Produtos Farmaceuticos Ltda
Toradol,Novo,Antinflamatorios,Trometamol Cetorolaco,Farmoquimica S/A
Ponstan,Novo,Antinflamatorios Antireumaticos,Acido Mefenamico,Pfizer Brasil Ltda
Axiflennid,Novo,Antinflamatorios Antireumaticos,Cetoprofeno,Halex Istar Industria Farmaceutica Sa
Profenid,Novo,Antinflamatorios Antireumaticos,Cetoprofeno,Sanofi Medley Farmaceutica Ltda.
Artrodar,Novo,Antinflamatorios Antireumaticos,Diacereina,Trb Pharma Industria Quimica E Farmaceutica Ltda
Bexai,Novo,Antinflamatorios Antireumaticos,Diclofenaco,Ems S/A
Voltaren,Novo,Antinflamatorios Antireumaticos,Diclofenaco Sodico,Novartis Biociencias S.A
Flancox,Novo,Antinflamatorios Antireumaticos,Etodolaco,Apsen Farmaceutica S/A
Arcoxia,Novo,Antinflamatorios Antireumaticos,Etoricoxibe,Organon Farmaceutica Ltda.
Targus,Novo,Antinflamatorios Antireumaticos,Flurbiprofeno,Laboratorios Bago Do Brasil S/A
Polireumin,Novo,Antinflamatorios Antireumaticos,Hialuronato De Sodio,Trb Pharma Industria Quimica E Farmaceutica Ltda
Capsfen,Novo,Antinflamatorios Antireumaticos,Ibuprofeno,Catalent Brasil Ltda.
Indocid,Novo,Antinflamatorios Antireumaticos,Indometacina,Aspen Pharma Industria Farmaceutica Ltda
Arava,Novo,Antinflamatorios Antireumaticos,Leflunomida,Sanofi Medley Farmaceutica Ltda.
Artrosil,Novo,Antinflamatorios Antireumaticos,Lisinato De Cetoprofeno,Ache Laboratorios Farmaceuticos S.A
Tilatil,Novo,Antinflamatorios Antireumaticos,Tenoxicam,Viatris Farmaceutica Do Brasil Ltda
Alginac,Novo,Antinflamatorios E Antireumatios-Assocs  Medicamentosas,"Cianocobalamina, Cloridrato De Tiamina, Cloridrato De Piridoxina, Nitrato De Tiamina, Diclofenaco Sodico, Diclofenaco De Sodio",Procter & Gamble Do Brasil Ltda.
Dexa-Citoneurin Nff,Novo,Antinflamatorios E Antireumatios-Assocs  Medicamentosas,"Cloridrato De Tiamina, Cianocobalamina, Cloridrato De Piridoxina, Fosfato Dissodico De Dexametasona",Procter & Gamble Do Brasil Ltda.
Lafepe Benznidazol,Novo,Antiparasitarios,Benznidazol,Laboratorio Farmaceutico Do Estado De Pernambuco Governador Mig
Annita,Novo,Antiparasitarios,Nitazoxanida,Farmoquimica S/A
Gynopac,Novo,Antiparasitarios,"Secnidazol, Tioconazol, Tinidazol",Farmoquimica S/A
Mantidan,Novo,Antiparkinsonianos,Cloridrato De Amantadina,Eurofarma Laboratorios S.A.
Prolopa,Novo,Antiparkinsonianos,"Cloridrato De Benserazida, Levodopa",Produtos Roche Quimicos E Farmaceuticos S.A.
Akineton,Novo,Antiparkinsonianos,Cloridrato De Biperideno,Laboratorios Bago Do Brasil S/A
Artane,Novo,Antiparkinsonianos,Cloridrato De Triexifenidil,Apsen Farmaceutica S/A
Comtan,Novo,Antiparkinsonianos,Entacapona,Sandoz Do Brasil Industria Farmaceutica Ltda
Vyalev,Novo,Antiparkinsonianos,"Foslevodopa, Foscarbidopa Hidratada",Abbvie Farmaceutica Ltda.
Stalevo,Novo,Antiparkinsonianos,"Levodopa, Carbidopa, Carbidopa (Port. 344/98 Lista C 1), Entacapona",Sandoz Do Brasil Industria Farmaceutica Ltda
Azilect,Novo,Antiparkinsonianos,Mesilato De Rasagilina,Teva Farmaceutica Ltda.
Xadago,Novo,Antiparkinsonianos,Mesilato De Safinamida,Zambon Laboratorios Farmaceuticos Ltda.
Neupro,Novo,Antiparkinsonianos,Rotigotina,Ucb Biopharma Ltda.
Aristab,Novo,Antipsicoticos,Aripiprazol,Ache Laboratorios Farmaceuticos S.A
Arpejo,Novo,Antipsicoticos,Aripiprazol,Ems S/A
Kavium Odt,Novo,Antipsicoticos,Aripiprazol,Zydus Nikkho Farmaceutica Ltda
Quetipin So,Novo,Antipsicoticos,Hemifumarato De Quetiapina,Cristalia Produtos Quimicos Farmaceuticos Ltda.
Seroquel,Novo,Antipsicoticos,Hemifumarato De Quetiapina,Pharlab Industria Farmaceutica S.A.
Zyprexa,Novo,Antipsicoticos,Olanzapina,Biopas Brasil Produtos Farmaceuticos Ltda
Apretude,Novo,Antiretroviral,Cabotegravir,Glaxosmithkline Brasil Ltda
Vocabria,Novo,Antiretroviral,Cabotegravir,Glaxosmithkline Brasil Ltda
Apretude,Novo,Antiretroviral,Cabotegravir Sodico,Glaxosmithkline Brasil Ltda
Vocabria,Novo,Antiretroviral,Cabotegravir Sodico,Glaxosmithkline Brasil Ltda
Tivicay,Novo,Antiretroviral,Dolutegravir Sodico,Glaxosmithkline Brasil Ltda
Tivicay Pd,Novo,Antiretroviral,Dolutegravir Sodico,Glaxosmithkline Brasil Ltda
Juluca,Novo,Antiretroviral,"Dolutegravir Sodico, Cloridrato De Rilpivirina",Glaxosmithkline Brasil Ltda
Triumeq,Novo,Antiretroviral,"Dolutegravir Sodico, Sulfato De Abacavir, Lamivudina",Glaxosmithkline Brasil Ltda
Prezista,Novo,Antiretroviral,"Etanolato De Darunavir, Darunavir",Janssen-Cilag Farmaceutica Ltda
Intelence,Novo,Antiretroviral,Etravirina,Janssen-Cilag Farmaceutica Ltda
Rukobia,Novo,Antiretroviral,Fostensavir Trometamol,Glaxosmithkline Brasil Ltda
Dupla,Novo,Antiretroviral,"Fumarato De Tenofovir Desoproxila, Lamivudina",Cristalia Produtos Quimicos Farmaceuticos Ltda.
Duplivir,Novo,Antiretroviral,"Fumarato De Tenofovir Desoproxila, Lamivudina",Blanver Farmoquimica E Farmaceutica S.A.
Dovato,Novo,Antiretroviral,"Lamivudina, Dolutegravir Sodico",Glaxosmithkline Brasil Ltda
Sunlenca,Novo,Antiretroviral,Lenacapavir Sodico,Gilead Sciences Farmaceutica Do Brasil Ltda
Celsentri,Novo,Antiretroviral,Maraviroque,Glaxosmithkline Brasil Ltda
Polvilho Antisseptico Granado,Novo,Antisseptico,"Acido Borico, Acido Salicilico, Enxofre, Oxido De Zinco","Casa Granado Laboratorios, Farmacias E Drogarias S/A"
Pyridium,Novo,Antissepticos Urinarios Simples,Cloridrato De Fenazopiridina,Adium S.A.
Pilulas De Lussen,Novo,Antissepticos Urinarios-Associacoes Medicamentosas,"Aloina, Cloreto De Metiltioninio, Teobromina, Atropa Belladonna, Costus Spicatus",Laboratorios Osorio De Moraes Ltda
Cystex Duo,Novo,Antissepticos Urinarios-Associacoes Medicamentosas,"Cloreto De Metiltioninio, Metenamina",Ems S/A
Uroctrin,Novo,Antissepticos Urinarios-Associacoes Medicamentosas,"Trimetoprima, Sulfametoxazol, Cloridrato De Fenazopiridina",Legrand Pharma Industria Farmaceutica Ltda
Niquitin,Novo,Antitabagico,Nicotina,Mappel Industria De Embalagens S.A.
Champix,Novo,Antitabagico,Tartarato De Vareniclina,Pfizer Brasil Ltda
Tapazol,Novo,Antitireoideanos,Tiamazol,Biolab Sanus Farmaceutica Ltda
Eliquis,Novo,Antitrombotico,Apixabana,Pfizer Brasil Ltda
Cebralat,Novo,Antitrombotico,Cilostazol,Libbs Farmaceutica Ltda
Pradaxa,Novo,Antitrombotico,Etexilato De Dabigatrana,Boehringer Ingelheim Do Brasil Quimica E Farmaceutica Ltda.
Arixtra,Novo,Antitrombotico,Fondaparinux Sodico,Aspen Pharma Industria Farmaceutica Ltda
Xarelto,Novo,Antitrombotico,Rivaroxabana,Bayer S.A.
Benalet Tsc,Novo,Antitussigenos,Bromidrato De Dextrometorfano,Kenvue Ltda.
Seki,Novo,Antitussigenos,"Cloridrato De Cloperastina, Fendizoato De Cloperastina",Zambon Laboratorios Farmaceuticos Ltda.
Vibral,Novo,Antitussigenos Simples,Dropropizina,Abbott Laboratorios Do Brasil Ltda
Benalet,Novo,Antitussigenos-Associacoes Medicamentosas,"Cloridrato De Difenidramina, Cloreto De Amonio, Citrato De Sodio",Kenvue Ltda.
Bromil,Novo,Antitussigenos-Associacoes Medicamentosas,"Mentol, Terpina Monoidratada, Eucaliptol",Ems S/A
Label Gotas,Novo,Antiulcerosos,Cloridrato De Ranitidina,Ache Laboratorios Farmaceuticos S.A
Nexium,Novo,Antiulcerosos,"Esomeprazol Magnesico Tri-Hidratado, Esomeprazol Magnesio",Astrazeneca Do Brasil Ltda
Losec,Novo,Antiulcerosos,Omeprazol Magnesico,Biopas Brasil Produtos Farmaceuticos Ltda
Diosmin Sdu,Novo,Antivaricosos De Acao Sistemica,"Diosmina, Hesperidina",Ache Laboratorios Farmaceuticos S.A
Dobeven,Novo,Antivaricosos De Acao Sistemica,Dobesilato De Calcio,Apsen Farmaceutica S/A
Hirudoid,Novo,Antivaricosos Topicos,Polissulfato De Mucopolissacarideo,Daiichi Sankyo Brasil Farmaceutica Ltda
Labirin,Novo,Antivertiginosos,Dicloridrato De Betaistina,Apsen Farmaceutica S/A
Epclusa,Novo,Antivirais,"Sofosbuvir, Velpatasvir",Gilead Sciences Farmaceutica Do Brasil Ltda
Pifeltro,Novo,Antivirais De Acao Direta,Doravirina,Merck Sharp & Dohme Farmaceutica Ltda.
Harvoni,Novo,Antivirais De Acao Direta,"Sofosbuvir, Ledipasvir",Gilead Sciences Farmaceutica Do Brasil Ltda
Vosevi,Novo,Antivirais De Acao Direta,"Sofosbuvir, Velpatasvir, Voxilaprevir",Gilead Sciences Farmaceutica Do Brasil Ltda
Hpmix,Novo,Antiviroticos,Aciclovir,Ache Laboratorios Farmaceuticos S.A
Edurant,Novo,Antiviroticos,Cloridrato De Rilpivirina,Janssen-Cilag Farmaceutica Ltda
Valcyte,Novo,Antiviroticos,Cloridrato De Valganciclovir,Biopas Brasil Produtos Farmaceuticos Ltda
Tamiflu,Novo,Antiviroticos,Fosfato De Oseltamivir,Produtos Roche Quimicos E Farmaceuticos S.A.
Cymevir,Novo,Antiviroticos,"Ganciclovir, Ganciclovir Sodico",Halex Istar Industria Farmaceutica Sa
Maviret,Novo,Antiviroticos,"Glecaprevir Hidratado, Pibrentasvir",Abbvie Farmaceutica Ltda.
Privymtra,Novo,Antiviroticos,Letermovir,Merck Sharp & Dohme Farmaceutica Ltda.
Livtencity,Novo,Antiviroticos,Maribavir,Takeda Pharma Ltda.
Paxlovid,Novo,Antiviroticos,"Nirmatrelvir, Ritonavir",Pfizer Brasil Ltda
Veklury®,Novo,Antiviroticos,Rendesivir,Gilead Sciences Farmaceutica Do Brasil Ltda
Rekambys,Novo,Antiviroticos,Rilpivirina,Janssen-Cilag Farmaceutica Ltda
Sovaldi,Novo,Antiviroticos,Sofosbuvir,Gilead Sciences Farmaceutica Do Brasil Ltda
Ziagenavir,Novo,Antiviroticos,Sulfato De Abacavir,Glaxosmithkline Brasil Ltda
Relenza,Novo,Antiviroticos,Zanamivir,Glaxosmithkline Brasil Ltda
Zovirax,Novo,Antiviroticos (Inibe Replicacao Virotica),Aciclovir,Glaxosmithkline Brasil Ltda
Valtrex,Novo,Antiviroticos (Inibe Replicacao Virotica),Cloridrato De Valaciclovir,Glaxosmithkline Brasil Ltda
Fuzeon,Novo,Antiviroticos (Inibe Replicacao Virotica),Enfuvirtida,Produtos Roche Quimicos E Farmaceuticos S.A.
Epivir,Novo,Antiviroticos (Inibe Replicacao Virotica),Lamivudina,Glaxosmithkline Brasil Ltda
Kaletra,Novo,Antiviroticos (Inibe Replicacao Virotica),"Lopinavir, Ritonavir",Abbvie Farmaceutica Ltda.
Diupress,Novo,Associacao De Farmacos Com Acao Diuretica,"Clortalidona, Cloridrato De Amilorida",Eurofarma Laboratorios S.A.
Descovy,Novo,Associacoes De Antiviroticos Para O Tratamento De Infeccoes Por Hiv,"Entricitabina, Hemifumarato De Tenofovir Alafenamida",Gilead Sciences Farmaceutica Do Brasil Ltda
Symtuza®,Novo,Associacoes De Antiviroticos Para O Tratamento De Infeccoes Por Hiv,"Etanolato De Darunavir, Cobicistate, Entricitabina, Hemifumarato De Tenofovir Alafenamida",Janssen-Cilag Farmaceutica Ltda
Lafepe Fumarato De Tenofovir Desoproxila + Lamivudina,Novo,Associacoes De Antiviroticos Para O Tratamento De Infeccoes Por Hiv,"Fumarato De Tenofovir Desoproxila, Lamivudina",Laboratorio Farmaceutico Do Estado De Pernambuco Governador Mig
Brevibloc Diluido,Novo,Betabloqueadores Simples,Cloridrato De Esmolol,Cristalia Produtos Quimicos Farmaceuticos Ltda.
Concor,Novo,Betabloqueadores Simples,Hemifumarato De Bisoprolol,Merck S/A
Quenzor,Novo,Betabloqueadores Simples,Succinato De Metoprolol,Libbs Farmaceutica Ltda
Selozok,Novo,Betabloqueadores Simples,Succinato De Metoprolol,Astrazeneca Do Brasil Ltda
Seloken,Novo,Betabloqueadores Simples,Tartarato De Metoprolol,Astrazeneca Do Brasil Ltda
Nimbium,Novo,Bloqueador Neuromuscular,Besilato De Cisatracurio,Aspen Pharma Industria Farmaceutica Ltda
Esmeron,Novo,Bloqueador Neuromuscular,Brometo De Rocuronio,Merck Sharp & Dohme Farmaceutica Ltda.
Filinar G,Novo,Broncodilatadores,Acebrofilina,Eurofarma Laboratorios S.A.
Seebri,Novo,Broncodilatadores,Brometo De Glicopirronio,Novartis Biociencias S.A
Atrovent,Novo,Broncodilatadores,Brometo De Ipratropio,Boehringer Ingelheim Do Brasil Quimica E Farmaceutica Ltda.
Spiolto,Novo,Broncodilatadores,"Brometo De Tiotropio Monoidratado, Cloridrato De Olodaterol",Boehringer Ingelheim Do Brasil Quimica E Farmaceutica Ltda.
Spiriva Respimat,Novo,Broncodilatadores,"Brometo De Tiotropio, Brometo De Tiotropio Monoidratado",Boehringer Ingelheim Do Brasil Quimica E Farmaceutica Ltda.
Vanisto,Novo,Broncodilatadores,Brometo De Umeclidinio,Glaxosmithkline Brasil Ltda
Anoro Ellipta,Novo,Broncodilatadores,"Brometo De Umeclidinio, Trifenatato De Vilanterol",Glaxosmithkline Brasil Ltda
Berotec,Novo,Broncodilatadores,Bromidrato De Fenoterol,Boehringer Ingelheim Do Brasil Quimica E Farmaceutica Ltda.
Striverdi Respimat,Novo,Broncodilatadores,Cloridrato De Olodaterol,Boehringer Ingelheim Do Brasil Quimica E Farmaceutica Ltda.
Trelegy,Novo,Broncodilatadores,"Furoato De Fluticasona, Brometo De Umeclidinio, Trifenatato De Vilanterol",Glaxosmithkline Brasil Ltda
Onbrize,Novo,Broncodilatadores,Maleato De Indacaterol,Novartis Biociencias S.A
Ultibro,Novo,Broncodilatadores,"Maleato De Indacaterol, Brometo De Glicopirronio",Novartis Biociencias S.A
Aerolin,Novo,Broncodilatadores,"Solucao De Salbutamol, Sulfato De Salbutamol",Glaxosmithkline Brasil Ltda
Teolong,Novo,Broncodilatadores,Teofilina,Abbott Laboratorios Do Brasil Ltda
Keflex,Novo,Cefalosporinas,Cefalexina Monoidratada,Laboratorios Bago Do Brasil S/A
Keforal,Novo,Cefalosporinas,Cefalexina Monoidratada,Antibioticos Do Brasil Ltda
Terza,Novo,Cefalosporinas,Cefdinir,Eurofarma Laboratorios S.A.
Zinforo,Novo,Cefalosporinas,Ceftarolina Fosamila,Pfizer Brasil Ltda
Rocefin,Novo,Cefalosporinas,"Ceftriaxona Dissodica Hemieptaidratada, Cloridrato De Lidocaina",Produtos Roche Quimicos E Farmaceuticos S.A.
Neotigason,Novo,Ceratoliticos E Ceratoplasticos,Acitretina,Teva Farmaceutica Ltda.
Fibrinase Com Cloranfenicol,Novo,Cicatrizantes,"Desoxirribonuclease, Fibrinolisina, Cloranfenicol",Cristalia Produtos Quimicos Farmaceuticos Ltda.
Eloxatin,Novo,Citostaticos Alquilantes,Oxaliplatina,Sanofi Medley Farmaceutica Ltda.
Temodal,Novo,Citostaticos Alquilantes,Temozolomida,Merck Sharp & Dohme Farmaceutica Ltda.
Vibramicina,Novo,Classe Das Tetraciclinas,"Cloridrato De Doxiciclina, Doxiciclina Monoidratada",Pfizer Brasil Ltda
Tetralysal,Novo,Classe Das Tetraciclinas,Limeciclina,Galderma Brasil Ltda
Ursacol,Novo,"Colagogos, Colereticos E Hepatoprotetores",Acido Ursodesoxicolico,Zambon Laboratorios Farmaceuticos Ltda.
Ammy,Novo,Contraceptivos Hormonais Para Uso Sistemico,Drospirenona,Cosmed Industria De Cosmeticos E Medicamentos S.A.
Clariscan,Novo,Contrastes Radiologicos,Acido Gadoterico,Ge Healthcare Do Brasil Comercio E Servicos Para Equipamentos M
Gadovist,Novo,Contrastes Radiologicos,Gadobutrol,Bayer S.A.
Omniscan,Novo,Contrastes Radiologicos,Gadodiamida,Ge Healthcare Do Brasil Comercio E Servicos Para Equipamentos M
Magnevistan,Novo,Contrastes Radiologicos,Gadopentetato De Dimeglumina,Bayer S.A.
Prohance,Novo,Contrastes Radiologicos,Gadoteridol,Bracco Imaging Do Brasil Importacao E Distribuicao De Medicamen
Primovist,Novo,Contrastes Radiologicos,Gadoxetato Dissodico,Bayer S.A.
Sonovue,Novo,Contrastes Radiologicos,Hexafluoreto De Enxofre,Bracco Imaging Do Brasil Importacao E Distribuicao De Medicamen
Visipaque,Novo,Contrastes Radiologicos,Iodixanol,Ge Healthcare Do Brasil Comercio E Servicos Para Equipamentos M
Omnipaque,Novo,Contrastes Radiologicos,Ioexol,Ge Healthcare Do Brasil Comercio E Servicos Para Equipamentos M
Iomeron,Novo,Contrastes Radiologicos,Iomeprol,Bracco Imaging Do Brasil Importacao E Distribuicao De Medicamen
Iopamiron,Novo,Contrastes Radiologicos,Iopamidol,Bracco Imaging Do Brasil Importacao E Distribuicao De Medicamen
Ultravist,Novo,Contrastes Radiologicos,Iopromida,Bayer S.A.
Clob-X,Novo,Corticosteroides Topicos,Propionato De Clobetasol,Galderma Brasil Ltda
Plurair,Novo,Corticosteroides Topicos,Propionato De Fluticasona,Libbs Farmaceutica Ltda
Malvona,Novo,Demulcentes E Outros Meds. Uso Oral P/ Tratam. Orofaringe,"Benzocaina, Borato De Sodio, Cloreto De Cetilpiridinio",Megalabs Farmaceutica S.A.
Malvatricin,Novo,Demulcentes E Outros Meds. Uso Oral P/ Tratam. Orofaringe,"Mentol, Mentol Cristal, Tirotricina, Quinosol, Benzocaina, Cloridrato De Lidocaina, Extrato Da Folha De Malva Moschata, Extrato De Malva Sylvestris (Malva), Fluoreto De Sodio, Acido Lactico, Sacarina Sodica, Alcool Etilico",Megalabs Farmaceutica S.A.
Latuda®,Novo,Derivados Do Indol,Cloridrato De Lurasidona,Daiichi Sankyo Brasil Farmaceutica Ltda
Allegra D,Novo,Descongestionantes Nasais Sistemicos,"Cloridrato De Fexofenadina, Cloridrato De Pseudoefedrina",Opella Healthcare Brazil Ltda
Naridrin,Novo,Descongestionantes Nasais Topicos,"Cloridrato De Nafazolina, Maleato De Mepiramina, Dexpantenol",Ems S/A
Aturgyl,Novo,Descongestionantes Nasais Topicos,Cloridrato De Oximetazolina,Cosmed Industria De Cosmeticos E Medicamentos S.A.
Otrivina,Novo,Descongestionantes Nasais Topicos,Cloridrato De Xilometazolina,Pf Consumer Healthcare Brazil Importadora E Distribuidora De Me
Dymista,Novo,Descongestionantes Nasais Topicos,"Propionato De Fluticasona, Cloridrato De Azelastina",Viatris Farmaceutica Do Brasil Ltda
Claroft,Novo,Descongestionates Oftalmicos,Cloridrato De Nafazolina,Novartis Biociencias S.A
Claril,Novo,Descongestionates Oftalmicos,"Cloridrato De Nafazolina, Maleato De Feniramina",Novartis Biociencias S.A
Colirio Moura Brasil,Novo,Descongestionates Oftalmicos,"Cloridrato De Nafazolina, Sulfato De Zinco Heptaidratado",Opella Healthcare Brazil Ltda
Aldactone,Novo,Diureticos,Espironolactona,Pfizer Brasil Ltda
Hidrion,Novo,Diureticos,"Furosemida, Cloreto De Potassio",Laboratorio Gross S. A.
Clorana,Novo,Diureticos,Hidroclorotiazida,Sanofi Medley Farmaceutica Ltda.
Concor Hct,Novo,Diureticos Associados A Betabloqueadores,"Bisoprolol, Hidroclorotiazida",Merck S/A
Diamox,Novo,Diureticos Simples,Acetazolamida,Uniao Quimica Farmaceutica Nacional S/A
Lasix,Novo,Diureticos Simples,Furosemida,Sanofi Medley Farmaceutica Ltda.
Natrilix,Novo,Diureticos Simples,Indapamida,Laboratorios Servier Do Brasil Ltda
Dermodex,Novo,Emolientes E Protetores Da Pele E Mucosas,"Nistatina, Oxido De Zinco",Takeda Pharma Ltda.
Nutraplus,Novo,Emolientes E Protetores Da Pele E Mucosas,Ureia,Galderma Brasil Ltda
Ureadin,Novo,Emolientes E Protetores Da Pele E Mucosas,Ureia,Sanofi Medley Farmaceutica Ltda.
Liposic,Novo,Emolientes E Protetores Oftalmicos,"Carbomero, Sorbitol",Bl Industria Otica Ltda
Ethamolin,Novo,Esclerosantes E Coagulantes,Oleato De Monoetanolamina,Farmoquimica S/A
Apevitin Bc,Novo,Estimulantes Do Apetite,"Cloridrato De Ciproeptadina, Cloridrato De Tiamina, Riboflavina-5-Fosfato De Sodio, Cloridrato De Piridoxina, Nicotinamida, Acido Ascorbico",Ems S/A
Cobavital,Novo,Estimulantes Do Apetite,"Cobamamida, Cloridrato De Ciproeptadina",Abbott Laboratorios Do Brasil Ltda
Buclina,Novo,Estimulantes Do Apetite,Dicloridrato De Buclizina,Cosmed Industria De Cosmeticos E Medicamentos S.A.
Peyona,Novo,Estimulantes Respiratorios,Citrato De Cafeina,Chiesi Farmaceutica Ltda
Diane 35,Novo,Estrogenos Assocs  A Outros Farmacos Exclusive Androgenos,"Acetato De Ciproterona, Etinilestradiol",Bayer S.A.
Primosiston,Novo,Estrogenos Assocs  A Outros Farmacos Exclusive Androgenos,"Acetato De Noretisterona, Etinilestradiol",Uniao Quimica Farmaceutica Nacional S/A
Natifa Pro Ubd,Novo,Estrogenos Assocs  A Outros Farmacos Exclusive Androgenos,"Estradiol Hemi-Hidratado, Acetato De Noretisterona",Libbs Farmaceutica Ltda
Femoston,Novo,Estrogenos Assocs  A Outros Farmacos Exclusive Androgenos,"Estradiol Hemi-Hidratado, Didrogesterona",Abbott Laboratorios Do Brasil Ltda
Angeliq,Novo,Estrogenos Assocs  A Outros Farmacos Exclusive Androgenos,"Estradiol Hemi-Hidratado, Drospirenona",Bayer S.A.
Climene,Novo,Estrogenos Assocs  A Outros Farmacos Exclusive Androgenos,"Valerato De Estradiol, Acetato De Ciproterona",Uniao Quimica Farmaceutica Nacional S/A
Estreva,Novo,Estrogenos Simples,Estradiol Hemi-Hidratado,Theramex Farmaceutica Ltda.
Oestrogel,Novo,Estrogenos Simples,Estradiol Hemi-Hidratado,Besins Healthcare Brasil Comercial E Distribuidora De Medicamen
Vagifem,Novo,Estrogenos Simples,Estradiol Hemi-Hidratado,Besins Healthcare Brasil Comercial E Distribuidora De Medicamen
Colpotrofine,Novo,Estrogenos Simples,Promestrieno,Theramex Farmaceutica Ltda.
Primogyna®,Novo,Estrogenos Simples,Valerato De Estradiol Micronizado,
Dipate,Novo,Etilenoiminas,Tiotepa,Mawdsleys Pharmaceuticals Do Brasil Ltda
Bisolvon,Novo,Expectorantes,Cloridrato De Bromexina,Opella Healthcare Brazil Ltda
Xarope Vick,Novo,Expectorantes,Guaifenesina,Procter & Gamble Do Brasil Ltda.
Fluimucil,Novo,Expectorantes Balsamicos E Mucolitico,Acetilcisteina,Zambon Laboratorios Farmaceuticos Ltda.
Eaca Balsamico,Novo,Expectorantes Balsamicos E Mucolitico,"Acido Epsilon Aminocaproico, Benzoato De Sodio, Cloreto De Amonio, Guaifenesina",Zydus Nikkho Farmaceutica Ltda
Mucosolvan,Novo,Expectorantes Balsamicos E Mucolitico,Cloridrato De Ambroxol,Opella Healthcare Brazil Ltda
Expec,Novo,Expectorantes Balsamicos E Mucolitico,"Cloridrato De Oxomemazina, Iodeto De Potassio, Benzoato De Sodio, Guaifenesina",Legrand Pharma Industria Farmaceutica Ltda
Transpulmin Xarope Infantil,Novo,Expectorantes Balsamicos E Mucolitico,Guaifenesina,Ache Laboratorios Farmaceuticos S.A
Pen-Ve-Oral,Novo,Fenoxipenicilinas,Fenoximetilpenicilina,Eurofarma Laboratorios S.A.
Novoseven,Novo,Fibrinoliticos E Proteoliticos,Alfaeptacogue Ativado,Novo Nordisk Farmaceutica Do Brasil Ltda
Metalyse,Novo,Fibrinoliticos E Proteoliticos,Tenecteplase,Boehringer Ingelheim Do Brasil Quimica E Farmaceutica Ltda.
Albumina Humana Grifols,Novo,Fracoes Do Sangue Ou Plasma Exceto Gamaglobulina,Albumina Humana,Grifols Brasil Ltda
Duo-Decadron,Novo,Glicocorticoides Sistemicos,"Acetato De Dexametasona, Fosfato Dissodico De Dexametasona",Ache Laboratorios Farmaceuticos S.A
Depo-Medrol,Novo,Glicocorticoides Sistemicos,Acetato De Metilprednisolona,Pfizer Brasil Ltda
Nasacort,Novo,Glicocorticoides Sistemicos,Acetonida De Triancinolona,Opella Healthcare Brazil Ltda
Celestone,Novo,Glicocorticoides Sistemicos,"Betametasona, Fosfato Dissodico De Betametasona, Betametasona Alcool Micronizada",Cosmed Industria De Cosmeticos E Medicamentos S.A.
Diprospan,Novo,Glicocorticoides Sistemicos,"Dipropionato De Betametasona, Fosfato Dissodico De Betametasona",Cosmed Industria De Cosmeticos E Medicamentos S.A.
Predsim Odt,Novo,Glicocorticoides Sistemicos,Fosfato Sodico De Prednisolona,Cosmed Industria De Cosmeticos E Medicamentos S.A.
Predsim,Novo,Glicocorticoides Sistemicos,"Fosfato Sodico De Prednisolona, Prednisolona",Cosmed Industria De Cosmeticos E Medicamentos S.A.
Predsim,Novo,Glicocorticoides Sistemicos,Prednisolona,Cosmed Industria De Cosmeticos E Medicamentos S.A.
Meticorten,Novo,Glicocorticoides Sistemicos,Prednisona,Organon Farmaceutica Ltda.
Celestone Soluspan,Novo,Glicocorticoides Sistemicos-Associacoes Medicamentosas,"Acetato De Betametasona, Fosfato Dissodico De Betametasona",Cosmed Industria De Cosmeticos E Medicamentos S.A.
Advantan,Novo,Glicocorticoides Top. Simp. Exc. Uso Oftalm.,Aceponato De Metilprednisolona,Leo Pharma Ltda
Busonid,Novo,Glicocorticoides Top. Simp. Exc. Uso Oftalm.,Budesonida,Ache Laboratorios Farmaceuticos S.A
Adinos,Novo,Glicocorticoides Top. Simp. Exc. Uso Oftalm.,Desonida,Ache Laboratorios Farmaceuticos S.A
Beclosol,Novo,Glicocorticoides Top. Simp. Exc. Uso Oftalm.,Dipropionato De Beclometasona,Glaxosmithkline Brasil Ltda
Diprosone,Novo,Glicocorticoides Top. Simp. Exc. Uso Oftalm.,Dipropionato De Betametasona,Cosmed Industria De Cosmeticos E Medicamentos S.A.
Diprosalic,Novo,Glicocorticoides Top. Simp. Exc. Uso Oftalm.,"Dipropionato De Betametasona, Acido Salicilico",Cosmed Industria De Cosmeticos E Medicamentos S.A.
Drenison,Novo,Glicocorticoides Top. Simp. Exc. Uso Oftalm.,Fludroxicortida,Biolab Sanus Farmaceutica Ltda
Avamys,Novo,Glicocorticoides Top. Simp. Exc. Uso Oftalm.,Furoato De Fluticasona,Glaxosmithkline Brasil Ltda
Psorex,Novo,Glicocorticoides Top. Simp. Exc. Uso Oftalm.,Propionato De Clobetasol,Glaxosmithkline Brasil Ltda
Flixonase,Novo,Glicocorticoides Top. Simp. Exc. Uso Oftalm.,Propionato De Fluticasona,Pf Consumer Healthcare Brazil Importadora E Distribuidora De Me
Flixotide,Novo,Glicocorticoides Top. Simp. Exc. Uso Oftalm.,Propionato De Fluticasona,Glaxosmithkline Brasil Ltda
Fluticaps,Novo,Glicocorticoides Top. Simp. Exc. Uso Oftalm.,Propionato De Fluticasona,Ache Laboratorios Farmaceuticos S.A
Halobex,Novo,Glicocorticoides Top. Simp. Exc. Uso Oftalm.,Propionato De Halobetasol,Glenmark Farmaceutica Ltda
Omcilon A,Novo,Glicocorticoides Top. Simp. Exc. Uso Oftalm.,Triancinolona Acetonida,Aspen Pharma Industria Farmaceutica Ltda
Betnovate,Novo,Glicocorticoides Top. Simp. Exc. Uso Oftalm.,Valerato De Betametasona,Glaxosmithkline Brasil Ltda
Pred,Novo,Glicocorticoides Topico Oftalmologico Simples,Acetato De Prednisolona,Allergan Produtos Farmaceuticos Ltda
Maxidex,Novo,Glicocorticoides Topico Oftalmologico Simples,Dexametasona,Novartis Biociencias S.A
Betnovate N,Novo,Glicocorticoides Topicos - Associacao Medicamentosa,"Betametasona, Sulfato De Neomicina",Glaxosmithkline Brasil Ltda
Daivobet,Novo,Glicocorticoides Topicos - Associacao Medicamentosa,"Calcipotriol Monoidratado, Dipropionato De Betametasona",Leo Pharma Ltda
Novacort,Novo,Glicocorticoides Topicos - Associacao Medicamentosa,"Cetoconazol, Dipropionato De Betametasona, Sulfato De Neomicina",Ache Laboratorios Farmaceuticos S.A
Adinos Gen,Novo,Glicocorticoides Topicos - Associacao Medicamentosa,"Desonida, Sulfato De Gentamicina",Ache Laboratorios Farmaceuticos S.A
Diprogenta,Novo,Glicocorticoides Topicos - Associacao Medicamentosa,"Dipropionato De Betametasona, Sulfato De Gentamicina",Cosmed Industria De Cosmeticos E Medicamentos S.A.
Postec,Novo,Glicocorticoides Topicos - Associacao Medicamentosa,"Hialuronidase, Valerato De Betametasona",Apsen Farmaceutica S/A
Tobradex,Novo,Glicocorticoides Topicos - Associacao Medicamentosa,"Tobramicina, Dexametasona",Novartis Biociencias S.A
Oto Betnovate,Novo,Glicocorticoides Topicos - Associacao Medicamentosa,"Valerato De Betametasona, Cloridrato De Tetracaina, Clorfenesina",Farmoquimica S/A
Quadriderm,Novo,Glicocorticoides Topicos - Associacao Medicamentosa,"Valerato De Betametasona, Sulfato De Gentamicina, Tolnaftato, Clioquinol",Cosmed Industria De Cosmeticos E Medicamentos S.A.
Dex Bolsa,Novo,Hipnoticos,Cloridrato De Dexmedetomidina,Cristalia Produtos Quimicos Farmaceuticos Ltda.
Precedex,Novo,Hipnoticos,Cloridrato De Dexmedetomidina,Pfizer Brasil Ltda
Prysma,Novo,Hipnoticos,Eszopiclona,Eurofarma Laboratorios S.A.
Hypnomidate,Novo,Hipnoticos,Etomidato,Antibioticos Do Brasil Ltda
Rohydorm,Novo,Hipnoticos,Flunitrazepam,Ems Sigma Pharma Ltda
Rohypnol,Novo,Hipnoticos,Flunitrazepam,Biopas Brasil Produtos Farmaceuticos Ltda
Lune Flash,Novo,Hipnoticos,Hemitartarato De Zolpidem,Cosmed Industria De Cosmeticos E Medicamentos S.A.
Nuit Flash,Novo,Hipnoticos,Hemitartarato De Zolpidem,Biolab Sanus Farmaceutica Ltda
Patz Sl,Novo,Hipnoticos,Hemitartarato De Zolpidem,Ems Sigma Pharma Ltda
Stilnox,Novo,Hipnoticos,Hemitartarato De Zolpidem,Sanofi Medley Farmaceutica Ltda.
Zolfest Spray,Novo,Hipnoticos,Hemitartarato De Zolpidem,Ache Laboratorios Farmaceuticos S.A
Dormonid,Novo,Hipnoticos,"Maleato De Midazolam, Midazolam",Farmoquimica S/A
Prontomid,Novo,Hipnoticos,Midazolam,Laboratorios B. Braun S/A
Imovane,Novo,Hipnoticos,Zopiclona,Sanofi Medley Farmaceutica Ltda.
Byfavo,Novo,Hipnoticos E Sedativos,Besilato De Remimazolam,Cristalia Produtos Quimicos Farmaceuticos Ltda.
Patz Gts,Novo,Hipnoticos E Sedativos,Hemitartarato De Zolpidem,Ems Sigma Pharma Ltda
Dayvigo,Novo,Hipnoticos E Sedativos,Lemborexante,Eisai Laboratorios Ltda
Rozerem,Novo,Hipnoticos E Sedativos,Ramelteona,Takeda Pharma Ltda.
Sitareddys,Novo,Hipoglicemiante Oral,Cloridrato De Sitagliptina Monoidratado,Dr. Reddys Farmaceutica Do Brasil Ltda
Januvia,Novo,Hipoglicemiante Oral,Fosfato De Sitagliptina Monoidratado,Merck Sharp & Dohme Farmaceutica Ltda.
Somatuline Autogel,Novo,Hormonio Hipotalamico-Analogo Da Somatostatina,Acetato De Lanreotida,Beaufour Ipsen Farmaceutica Ltda
Flutivate,Novo,Hormonios Corticosteroides,Propionato De Fluticasona,Glaxosmithkline Brasil Ltda
Cetrotide,Novo,Hormonios Da Hipofise,Acetato De Cetrorrelix,Merck S/A
Encrise,Novo,Hormonios Da Hipofise,Vasopressina Sintetica,Biolab Sanus Farmaceutica Ltda
Systen,Novo,Hormonios De Uso Topico Ginecologico,"Estradiol, Estradiol Hemi-Hidratado",Theramex Farmaceutica Ltda.
Lenzetto,Novo,Hormonios Sexuais Exclusive Ocitocicos,Estradiol Hemi-Hidratado,"Gedeon Richter Do Brasil Importadora, Exportadora E Distribuido"
Androgel,Novo,Hormonios Sexuais Exclusive Ocitocicos,Testosterona,Besins Healthcare Brasil Comercial E Distribuidora De Medicamen
Cicloprimogyna,Novo,Hormonios Sexuais Exclusive Ocitocicos,"Valerato De Estradiol, Levonorgestrel",
Euthyrox,Novo,Hormonios Tireoideanos Simples Ou Associados Entre Si,Levotiroxina Sodica,Merck S/A
Puran T4,Novo,Hormonios Tireoideanos Simples Ou Associados Entre Si,Levotiroxina Sodica,Sanofi Medley Farmaceutica Ltda.
Synthroid,Novo,Hormonios Tireoideanos Simples Ou Associados Entre Si,Levotiroxina Sodica,Abbott Laboratorios Do Brasil Ltda
Levoid,Novo,Hormonios Tireoideanos Simples Ou Associados Entre Si,"Levotiroxina Sodica, Manitol",Ache Laboratorios Farmaceuticos S.A
Simulect,Novo,Imunoglobulinas,"Basiliximab, Basiliximabe",Novartis Biociencias S.A
Pentaglobin,Novo,Imunoglobulinas,Imunoglobulina Humana,Grifols Brasil Ltda
Copaxone,Novo,Imunomodulador,Acetato De Glatiramer,Teva Farmaceutica Ltda.
Alfainterferona 2B (Recombinante),Novo,Imunomodulador,Alfainterferona 2B,Ache Laboratorios Farmaceuticos S.A
Broncho-Vaxom,Novo,Imunomodulador,Lisado Bacteriano,Chiesi Farmaceutica Ltda
Protopic,Novo,Imunomodulador,Tacrolimo,Leo Pharma Ltda
Aubagio,Novo,Imunomodulador,Teriflunomida,Sanofi Medley Farmaceutica Ltda.
Kiendra,Novo,Imunossupressores Seletivos,Acido Fumarico Siponimode,Novartis Biociencias S.A
Epit,Novo,Imunossupressores Seletivos,Apremilaste,Apsen Farmaceutica S/A
Rezurock,Novo,Imunossupressores Seletivos,Mesilato De Belumosudil,Sanofi Medley Farmaceutica Ltda.
Rinvoq,Novo,Imunossupressores Seletivos,Upadacitinibe Hemi-Hidratado,Abbvie Farmaceutica Ltda.
Cibinqo,Novo,Imunosupressor,Abrocitinibe,Pfizer Brasil Ltda
Tavneos,Novo,Imunosupressor,Avacopana,Csl Behring Comercio De Produtos Farmaceuticos Ltda
Xeljanz,Novo,Imunosupressor,Citrato De Tofacitinibe,Pfizer Brasil Ltda
Cellcept,Novo,Imunosupressor,Micofenolato De Mofetila,Produtos Roche Quimicos E Farmaceuticos S.A.
Prograf,Novo,Imunosupressor,Tacrolimo Monoidratado,Astellas Farma Brasil Importacao E Distribuicao De Medicamentos
Litfulo,Novo,Imunosupressor,Tosilato De Ritlecitinibe,Pfizer Brasil Ltda
Avodart,Novo,Inibidor Da Alfa-Redutase,Dutasterida,Glaxosmithkline Brasil Ltda
Triplixam,Novo,"Inibidores Da Enzima Conversora Da Angiotensina, Associacoes","Perindopril Arginina, Indapamida, Besilato De Anlodipino",Laboratorios Servier Do Brasil Ltda
Verzenios,Novo,Inibidores Da Proteina Quinase,Abemaciclibe,Eli Lilly Do Brasil Ltda
Mektovi,Novo,Inibidores Da Proteina Quinase,Binimetinibe,Pfizer Brasil Ltda
Braftovi,Novo,Inibidores Da Proteina Quinase,Encorafenibe,Pfizer Brasil Ltda
Retsevmo,Novo,Inibidores Da Proteina Quinase,Selpercatinibe,Eli Lilly Do Brasil Ltda
Upelior,Novo,Inibidores Dos Hormonios De Crescimento,Diaspartato De Pasireotida,Recordati Rare Diseases Comercio De Medicamentos Ltda - Me
Signifor Lp,Novo,Inibidores Dos Hormonios De Crescimento,Pamoato De Pasireotida,Recordati Rare Diseases Comercio De Medicamentos Ltda - Me
Complexo Senna Almeida Prado No 46,Novo,Laxantes,"Picossulfato De Sodio, Cassia Senna, Polygonum Punctatum H.Lev, Complemento",Megalabs Farmaceutica S.A.
Dulcolax,Novo,Laxantes Irritantes Ou Estimulantes,Bisacodil,Opella Healthcare Brazil Ltda
Humectol D,Novo,Laxantes Irritantes Ou Estimulantes,"Bisacodil, Docusato Sodico",Cosmed Industria De Cosmeticos E Medicamentos S.A.
Guttalax,Novo,Laxantes Irritantes Ou Estimulantes,Picossulfato De Sodio Monoidratado,Opella Healthcare Brazil Ltda
Picoprep,Novo,Laxantes Irritantes Ou Estimulantes,"Picossulfato De Sodio, Oxido De Magnesio, Acido Citrico Anidro",Laboratorios Ferring Ltda
Klaricid,Novo,Macrolideos,Claritromicina,Abbott Laboratorios Do Brasil Ltda
Rovamicina,Novo,Macrolideos,Espiramicina,Sanofi Medley Farmaceutica Ltda.
Tromaxil,Novo,Macrolideos,Lactobionato De Eritromicina,Opem Representacao Importadora Exportadora E Distribuidora Ltda
Cardioxane,Novo,Medicamentos C/ Acao No Miocardio,Cloridrato De Dexrazoxano,Adium S.A.
Patanol,Novo,Medicamentos Com Acao No Aparelho Visual,Cloridrato De Olopatadina,Novartis Biociencias S.A
Inzelm,Novo,Medicamentos Para Ulcera Peptica E Doencas De Refluxo Gastresofagico,Fumarato De Vonoprazana,Takeda Pharma Ltda.
Multihance,Novo,Meios De Contraste Para Imagens De Ressonancia Magnetica Nuclear,Gadobenato De Dimeglumina,Bracco Imaging Do Brasil Importacao E Distribuicao De Medicamen
Atropina,Novo,Midriaticos,Sulfato De Atropina,Allergan Produtos Farmaceuticos Ltda
Mydriacyl,Novo,Midriaticos,Tropicamida,Novartis Biociencias S.A
Florinefe,Novo,Mineralocorticoides,Acetato De Fludrocortisona,Aspen Pharma Industria Farmaceutica Ltda
Pilocarpina,Novo,Mioticos,Cloridrato De Pilocarpina,Allergan Produtos Farmaceuticos Ltda
Carbaglu,Novo,Moduladores Do Metabolismo E Da Digestao,Acido Carglumico,Recordati Rare Diseases Comercio De Medicamentos Ltda - Me
Willentine,Novo,Moduladores Do Metabolismo E Da Digestao,Dicloridrato De Trientina,Mawdsleys Pharmaceuticals Do Brasil Ltda
Milgamma,Novo,Monovitaminas Exceto Vitamina K,Benfotiamina,Cosmed Industria De Cosmeticos E Medicamentos S.A.
Clopixol,Novo,Neurolepticos,"Acetato De Zuclopentixol, Decanoato De Zuclopentixol, Dicloridrato De Zuclopentixol",Lundbeck Brasil Ltda
Socian,Novo,Neurolepticos,Amissulprida,Sanofi Medley Farmaceutica Ltda.
Amplictil,Novo,Neurolepticos,Cloridrato De Clorpromazina,Blanver Farmoquimica E Farmaceutica S.A.
Neozine,Novo,Neurolepticos,"Cloridrato De Levomepromazina, Maleato De Levomepromazina",Blanver Farmoquimica E Farmaceutica S.A.
Melleril,Novo,Neurolepticos,Cloridrato De Tioridazina,Medquimica Industria Farmaceutica Ltda.
Geodon,Novo,Neurolepticos,Cloridrato De Ziprasidona Monoidratado,Viatris Farmaceutica Do Brasil Ltda
Leponex,Novo,Neurolepticos,Clozapina,Viatris Farmaceutica Do Brasil Ltda
Haldol Decanoato,Novo,Neurolepticos,Decanoato De Haloperidol,Moksha8 Brasil Industria E Comercio De Medicamentos Ltda
Haldol,Novo,Neurolepticos,Haloperidol,Moksha8 Brasil Industria E Comercio De Medicamentos Ltda
Invega,Novo,Neurolepticos,Paliperidona,Janssen-Cilag Farmaceutica Ltda
Invega,Novo,Neurolepticos,Palmitato De Paliperidona,Janssen-Cilag Farmaceutica Ltda
Neuleptil,Novo,Neurolepticos,Periciazina,Blanver Farmoquimica E Farmaceutica S.A.
Risperdal,Novo,Neurolepticos,Risperidona,Janssen-Cilag Farmaceutica Ltda
Equilid,Novo,Neurolepticos,Sulpirida,Blanver Farmoquimica E Farmaceutica S.A.
Gammar,Novo,Neuropsicoestimulantes,Acido Gamaminobutirico,Zydus Nikkho Farmaceutica Ltda
Nootropil,Novo,Neuropsicoestimulantes,Piracetam,Sanofi Medley Farmaceutica Ltda.
Monocordil,Novo,Nitritos Nitratos E Semelhantes,Mononitrato De Isossorbida,Laboratorios Baldacci Ltda
Sustrate,Novo,Nitritos Nitratos E Semelhantes,Propatilnitrato,Farmoquimica S/A
Macrodantina,Novo,Nitrofuranicos,Nitrofurantoina,Cosmed Industria De Cosmeticos E Medicamentos S.A.
Syntocinon,Novo,Ocitocicos Hormonais,Ocitocina,Viatris Farmaceutica Do Brasil Ltda
Zerbaxa,Novo,Outras Cefalosporinas E Penemicos,"Sulfato De Ceftolozana, Tazobactam Sodico",Merck Sharp & Dohme Farmaceutica Ltda.
Neoprofen,Novo,Outras Preparacoes Cardiacas,Levolisinato De Ibuprofeno,Recordati Rare Diseases Comercio De Medicamentos Ltda - Me
Camzyos,Novo,Outras Preparacoes Cardiacas,Mavacanteno,Bristol-Myers Squibb Farmaceutica Ltda
Hidrocin,Novo,Outras Preparacoes Para Terapia Sintomatica Nasal,"Cloridrato De Nafazolina, Fosfato Dissodico De Dexametasona, Sulfato De Neomicina",Ache Laboratorios Farmaceuticos S.A
Evobrig,Novo,Outros Agentes Antineoplasicos,Brigatinibe,Takeda Pharma Ltda.
Kyprolis,Novo,Outros Agentes Antineoplasicos,Carfilzomibe,Amgen Biotecnologia Do Brasil Ltda.
Ninlaro,Novo,Outros Agentes Antineoplasicos,Citrato De Ixazomibe,Takeda Pharma Ltda.
Agrylin,Novo,Outros Agentes Antineoplasicos,Cloridrato De Anagrelida,Takeda Pharma Ltda.
Erfandel,Novo,Outros Agentes Antineoplasicos,Erdafitinibe,Janssen-Cilag Farmaceutica Ltda
Tagrisso,Novo,Outros Agentes Antineoplasicos,Mesilato De Osimertinibe,Astrazeneca Do Brasil Ltda
Lynparza Comprimidos,Novo,Outros Agentes Antineoplasicos,Olaparibe,Astrazeneca Do Brasil Ltda
Zejula,Novo,Outros Agentes Antineoplasicos,Tosilato De Niraparibe Monoidratado,Glaxosmithkline Brasil Ltda
Venclexta,Novo,Outros Agentes Antineoplasicos,Venetoclax,Abbvie Farmaceutica Ltda.
Orladeyo,Novo,Outros Agentes Hematologicos,Dicloridrato De Berotralstate,Pint Pharma Produtos Medico-Hospitalares E Farmaceuticos Ltda
Revlimid,Novo,Outros Agentes Imunossupressores,Lenalidomida,Bristol-Myers Squibb Farmaceutica Ltda
Lojuxta®,Novo,Outros Agentes Modificadores De Lipideos,Mesilato De Lomitapida,Chiesi Farmaceutica Ltda
Waylivra,Novo,Outros Agentes Modificadores De Lipideos,Volanesorsena Sodica,Ptc Farmaceutica Do Brasil Ltda.
Fycompa,Novo,Outros Antiepileticos,Perampanel,United Medical Ltda
Jolik,Novo,Outros Antiepileticos,Pregabalina,Libbs Farmaceutica Ltda
Zytiga,Novo,Outros Antineoplasicos,Acetato De Abiraterona,Janssen-Cilag Farmaceutica Ltda
Zytiga®,Novo,Outros Antineoplasicos,Acetato De Abiraterona,Janssen-Cilag Farmaceutica Ltda
Xeloda,Novo,Outros Antineoplasicos,Capecitabina,Biopas Brasil Produtos Farmaceuticos Ltda
Leukeran,Novo,Outros Antineoplasicos,Clorambucila,Aspen Pharma Industria Farmaceutica Ltda
Halaven,Novo,Outros Antineoplasicos,Mesilato De Eribulina,United Medical Ltda
Lazcluze,Novo,Outros Antineoplasicos,Mesilato De Lazertinibe Monoidratado,Janssen-Cilag Farmaceutica Ltda
Pemazyre,Novo,Outros Antineoplasicos,Pemigatinibe,United Medical Ltda
Lanvis,Novo,Outros Antineoplasicos,Tioguanina,Aspen Pharma Industria Farmaceutica Ltda
Rexulti,Novo,Outros Antipsicoticos,Brexpiprazol,Lundbeck Brasil Ltda
Florax,Novo,Outros Coadjuvantes Do Tratamento Da Diarreia,Saccharomyces Cerevisae,Infan Industria Quimica Farmaceutica Nacional S/A
Digeplus,Novo,Outros Digestivos,"Cloridrato De Metoclopramida Monoidratado, Dimeticona, Pepsina",Ache Laboratorios Farmaceuticos S.A
Qfitlia,Novo,Outros Hemostaticos Sistemicos,Fitusirana Sodica,Sanofi Medley Farmaceutica Ltda.
Kuvan,Novo,Outros Hormonios E Moduladores Do Metabolismo E Da Digestao,Dicloridrato De Sapropterina,Biomarin Brasil Farmaceutica Ltda
Olire,Novo,Outros Hormonios E Moduladores Do Metabolismo E Da Digestao,Liraglutida,Ems S/A
Ddavp,Novo,Outros Hormonios Mediadores E Produtos Equivalentes,Acetato De Desmopressina,Laboratorios Ferring Ltda
Sandostatin,Novo,Outros Hormonios Mediadores E Produtos Equivalentes,Acetato De Octreotida,Novartis Biociencias S.A
Firmagon,Novo,Outros Hormonios Mediadores E Produtos Equivalentes,"Degarelix, Acetato De Degarelix",Laboratorios Ferring Ltda
Foraseq,Novo,Outros Medicamentos Antiasmaticos,"Fumarato De Formoterol Diidratado, Budesonida",Sandoz Do Brasil Industria Farmaceutica Ltda
Oximax,Novo,Outros Medicamentos Antiasmaticos,Furoato De Mometasona,Cosmed Industria De Cosmeticos E Medicamentos S.A.
Restasis,Novo,Outros Medicamentos Com Acao No Aparelho Visual,Ciclosporina,Allergan Produtos Farmaceuticos Ltda
Still,Novo,Outros Medicamentos Com Acao No Aparelho Visual,Diclofenaco Sodico,Allergan Produtos Farmaceuticos Ltda
Opthaac 40,Novo,Outros Medicamentos Com Acao No Aparelho Visual,Triancinolona Acetonida,Ophthalmos Ltda
Wainua,Novo,Outros Medicamentos Com Acao No Sistema Nervoso,Eplontersena Sodica,Astrazeneca Do Brasil Ltda
Tegsedi,Novo,Outros Medicamentos Com Acao No Sistema Nervoso,Inotersena Nonadecassodica,Ptc Farmaceutica Do Brasil Ltda.
Vyndaqel,Novo,Outros Medicamentos Com Acao No Sistema Nervoso,Tafamidis Meglumina,Pfizer Brasil Ltda
Plavix,Novo,Outros Medicamentos De Acao No Aparelho Cardiovascular,Bissulfato De Clopidogrel,Sanofi Medley Farmaceutica Ltda.
Beyonttra,Novo,Outros Medicamentos De Acao No Aparelho Cardiovascular,Cloridrato De Acoramidis,Global Regulatory Partners Brasil Ltda
Inspra,Novo,Outros Medicamentos De Acao No Aparelho Cardiovascular,Eplerenona,Viatris Farmaceutica Do Brasil Ltda
Spinraza,Novo,Outros Medicamentos Para Transtornos Do Sistema Musculo-Esqueletico,Nusinersena,Biogen Brasil Produtos Farmaceuticos Ltda
Evrysdi,Novo,Outros Medicamentos Para Transtornos Do Sistema Musculo-Esqueletico,Risdiplam,Produtos Roche Quimicos E Farmaceuticos S.A.
Deltyba,Novo,Outros Medicamentos Usados No Tratamento Da Tuberculose,Delamanide,Viatris Farmaceutica Do Brasil Ltda
Sirturo,Novo,Outros Medicamentos Usados No Tratamento Da Tuberculose,Fumarato De Bedaquilina,Janssen-Cilag Farmaceutica Ltda
Orgalutran,Novo,Outros Prods  Nao Enquadrados Em Classe Terapeutica Especif,Acetato De Ganirrelix,Organon Farmaceutica Ltda.
Firazyr,Novo,Outros Prods  Nao Enquadrados Em Classe Terapeutica Especif,Acetato De Icatibanto,Takeda Pharma Ltda.
Thioctacid,Novo,Outros Prods  Nao Enquadrados Em Classe Terapeutica Especif,Acido Tioctico,Viatris Farmaceutica Do Brasil Ltda
Empozze,Novo,Outros Prods  Nao Enquadrados Em Classe Terapeutica Especif,Cloridrato De Dapoxetina,Ems S/A
Prosoy,Novo,Outros Prods  Nao Enquadrados Em Classe Terapeutica Especif,Cloridrato De Dapoxetina,Farmoquimica S/A
Fabhalta,Novo,Outros Prods  Nao Enquadrados Em Classe Terapeutica Especif,Cloridrato De Iptacopana Monoidratado,Novartis Biociencias S.A
Ladogal,Novo,Outros Prods  Nao Enquadrados Em Classe Terapeutica Especif,Danazol,Eurofarma Laboratorios S.A.
Voydeya,Novo,Outros Prods  Nao Enquadrados Em Classe Terapeutica Especif,Danicopana,Astrazeneca Do Brasil Ltda
Neo Decapeptyl,Novo,Outros Prods  Nao Enquadrados Em Classe Terapeutica Especif,Embonato De Triptorrelina,Ache Laboratorios Farmaceuticos S.A
Isturisa,Novo,Outros Prods  Nao Enquadrados Em Classe Terapeutica Especif,Fosfato De Osilodrostate,Recordati Rare Diseases Comercio De Medicamentos Ltda - Me
Desferal,Novo,Outros Prods  Nao Enquadrados Em Classe Terapeutica Especif,Mesilato De Desferroxamina,Masters Speciality Pharma Ltda
Zavesca,Novo,Outros Prods  Nao Enquadrados Em Classe Terapeutica Especif,Miglustate,Janssen-Cilag Farmaceutica Ltda
Zemplar,Novo,Outros Prods  Nao Enquadrados Em Classe Terapeutica Especif,Paricalcitol,Abbvie Farmaceutica Ltda.
Empaveli,Novo,Outros Prods  Nao Enquadrados Em Classe Terapeutica Especif,Pegcetacoplana,Pint Pharma Produtos Medico-Hospitalares E Farmaceuticos Ltda
Cuprimine,Novo,Outros Prods  Nao Enquadrados Em Classe Terapeutica Especif,Penicilamina,Medquimica Industria Farmaceutica Ltda.
Mozobil,Novo,Outros Prods  Nao Enquadrados Em Classe Terapeutica Especif,Plerixafor,Sanofi Medley Farmaceutica Ltda.
Bridion,Novo,Outros Prods  Nao Enquadrados Em Classe Terapeutica Especif,Sugamadex Sodico,Merck Sharp & Dohme Farmaceutica Ltda.
Arcalion,Novo,Outros Prods  Nao Enquadrados Em Classe Terapeutica Especif,Sulbutiamina,Laboratorios Servier Do Brasil Ltda
Glypressin,Novo,Outros Produtos Anti-Hemorragicos,Acetato De Terlipressina,Laboratorios Ferring Ltda
Revolade,Novo,Outros Produtos Anti-Hemorragicos,Eltrombopague Olamina,Novartis Biociencias S.A
Tavalisse,Novo,Outros Produtos Anti-Hemorragicos,Fostamatinibe Dissodico Hexaidratado,United Medical Ltda
Tecfidera,Novo,Outros Produtos Com Acao Imunoprotetora,Fumarato De Dimetila,Biogen Brasil Produtos Farmaceuticos Ltda
Rozex,Novo,Outros Produtos Com Acao Na Pele E Mucosas,Metronidazol,Galderma Brasil Ltda
Pomada Minancora,Novo,Outros Produtos Com Acao Na Pele E Mucosas,"Oxido De Zinco, Cloreto De Benzalconio, Canfora",Minancora & Cia Ltda
Cutisanol,Novo,Outros Produtos Com Acao Na Pele E Mucosas,"Subgalato De Bismuto, Iodeto De Timol, Oxido De Zinco",Cristalia Produtos Quimicos Farmaceuticos Ltda.
Simdax,Novo,Outros Produtos Com Acao No Aparelho Cardiovascular,Levosimendana,Biolab Sanus Farmaceutica Ltda
Dobutrex,Novo,Outros Produtos Com Acao No Miocardio E Sistema De Conducao,Cloridrato De Dobutamina,Antibioticos Do Brasil Ltda
Riscard,Novo,Outros Produtos Com Acao No Miocardio E Sistema De Conducao,Ranolazina,Biolab Sanus Farmaceutica Ltda
Condroflex,Novo,Outros Produtos Com Acao No Sistema Musculo Esqueletico,"Sulfato De Glicosamina Cloreto De Sodio, Condroitina Sulfato De Sodio",Adium S.A.
Enablex,Novo,Outros Produtos Com Acao No Trato Urinario,Bromidrato De Darifenacina,Aspen Pharma Industria Farmaceutica Ltda
Combodart,Novo,Outros Produtos Com Acao No Trato Urinario,"Cloridrato De Tansulosina, Dutasterida",Glaxosmithkline Brasil Ltda
Duomo Hp,Novo,Outros Produtos Com Acao No Trato Urinario,"Finasterida, Mesilato De Doxazosina",Eurofarma Laboratorios S.A.
Myrbetric,Novo,Outros Produtos Com Acao No Trato Urinario,Mirabegrona,Astellas Farma Brasil Importacao E Distribuicao De Medicamentos
Sil-Hp,Novo,Outros Produtos Com Acao No Trato Urinario,Silodosina,Apsen Farmaceutica S/A
Vesicare,Novo,Outros Produtos Com Acao No Trato Urinario,Succinato De Solifenacina,Astellas Farma Brasil Importacao E Distribuicao De Medicamentos
Vesomni,Novo,Outros Produtos Com Acao No Trato Urinario,"Succinato De Solifenacina, Cloridrato De Tansulosina",Astellas Farma Brasil Importacao E Distribuicao De Medicamentos
Detrusitol,Novo,Outros Produtos Com Acao No Trato Urinario,Tartarato De Tolterodina,Viatris Farmaceutica Do Brasil Ltda
Soolantra,Novo,Outros Produtos Dermatologicos,Ivermectina,Galderma Brasil Ltda
Gonapeptyl Daily,Novo,Outros Produtos Para O Aparelho Digestivo E Metabolismo,Acetato De Triptorrelina,Laboratorios Ferring Ltda
Gonapeptyl Depot,Novo,Outros Produtos Para O Aparelho Digestivo E Metabolismo,Acetato De Triptorrelina,Laboratorios Ferring Ltda
Luftagastro Baby,Novo,Outros Produtos Para O Aparelho Digestivo E Metabolismo,"Alginato De Sodio, Alginato De Magnesio",Reckitt Benckiser (Brasil) Ltda
Livmarli,Novo,Outros Produtos Para O Aparelho Digestivo E Metabolismo,Cloreto De Maralixibate,Biopas Brasil Produtos Farmaceuticos Ltda
Iqirvo,Novo,Outros Produtos Para O Aparelho Digestivo E Metabolismo,Elafibranor,Beaufour Ipsen Farmaceutica Ltda
Oxlumo,Novo,Outros Produtos Para O Aparelho Digestivo E Metabolismo,Lumasirana Sodica,Specialty Pharma Goias Ltda
Engov,Novo,Outros Produtos Para O Aparelho Digestivo E Metabolismo,"Maleato De Mepiramina, Hidroxido De Aluminio, Acido Acetilsalicilico, Cafeina",Cosmed Industria De Cosmeticos E Medicamentos S.A.
Zelmac,Novo,Outros Produtos Para O Aparelho Digestivo E Metabolismo,Maleato De Tegaserode,Biolab Sanus Farmaceutica Ltda
Mesacol,Novo,Outros Produtos Para O Aparelho Digestivo E Metabolismo,Mesalazina,Takeda Pharma Ltda.
Pentasa,Novo,Outros Produtos Para O Aparelho Digestivo E Metabolismo,Mesalazina,Laboratorios Ferring Ltda
Resolor,Novo,Outros Produtos Para O Aparelho Digestivo E Metabolismo,Prucaloprida,Laboratorios Bago Do Brasil S/A
Pulmozyme,Novo,Outros Produtos Para O Aparelho Respiratorio,Alfadornase,Produtos Roche Quimicos E Farmaceuticos S.A.
Trimbow,Novo,Outros Produtos Para O Aparelho Respiratorio,"Dipropionato De Beclometasona, Fumarato De Formoterol Di-Hidratado, Brometo De Glicopirronio",Chiesi Farmaceutica Ltda
Trikafta,Novo,Outros Produtos Para O Aparelho Respiratorio,"Elexacaftor, Tezacaftor, Ivacaftor",Vertex Farmaceutica Do Brasil Ltda.
Kalydeco,Novo,Outros Produtos Para O Aparelho Respiratorio,Ivacaftor,Vertex Farmaceutica Do Brasil Ltda.
Symdeko,Novo,Outros Produtos Para O Aparelho Respiratorio,"Ivacaftor, Tezacaftor",Vertex Farmaceutica Do Brasil Ltda.
Orkambi,Novo,Outros Produtos Para O Aparelho Respiratorio,"Lumacaftor, Ivacaftor",Vertex Farmaceutica Do Brasil Ltda.
Portebro,Novo,Outros Produtos Para O Aparelho Respiratorio,Manitol,United Medical Ltda
Esbriet,Novo,Outros Produtos Para O Aparelho Respiratorio,Pirfenidona,Produtos Roche Quimicos E Farmaceuticos S.A.
Daxas,Novo,Outros Produtos Para O Aparelho Respiratorio,Roflumilaste,Astrazeneca Do Brasil Ltda
Orkambi,Novo,Outros Produtos Para O Sistema Respiratorio,"Ivacaftor, Lumacaftor",Vertex Farmaceutica Do Brasil Ltda.
Orfadin,Novo,Outros Produtos Para O Trato Alimentar E Metabolismo,Nitisinona,Innovative Medicines Brasil Sp Distribuicao De Medicamentos Ltd
Sephience,Novo,Outros Produtos Para O Trato Alimentar E Metabolismo,Sepiapterina,Ptc Farmaceutica Do Brasil Ltda.
Tractocile,Novo,Outros Produtos Para Uso Em Ginecologia E Obstetricia,Acetato De Atosibana,Laboratorios Ferring Ltda
Dostinex,Novo,Outros Produtos Para Uso Em Ginecologia E Obstetricia,Cabergolina,Pfizer Brasil Ltda
Clomid,Novo,Outros Produtos Para Uso Em Ginecologia E Obstetricia,Citrato De Clomifeno,Sanofi Medley Farmaceutica Ltda.
Dactil Ob,Novo,Outros Produtos Para Uso Em Ginecologia E Obstetricia,"Cloridrato De Piperidolato, Hesperidina, Acido Ascorbico",Sanofi Medley Farmaceutica Ltda.
Sandrena,Novo,Outros Produtos Para Uso Em Ginecologia E Obstetricia,Estradiol,Organon Farmaceutica Ltda.
Prostokos,Novo,Outros Produtos Para Uso Em Ginecologia E Obstetricia,Misoprostol,Infan Industria Quimica Farmaceutica Nacional S/A
Libiam,Novo,Outros Produtos Para Uso Em Ginecologia E Obstetricia,Tibolona,Libbs Farmaceutica Ltda
Livial,Novo,Outros Produtos Para Uso Em Ginecologia E Obstetricia,Tibolona,Organon Farmaceutica Ltda.
Eprex,Novo,Outros Produtos Que Atuam No Sangue E Hematopoiese,Alfaepoetina,Janssen-Cilag Farmaceutica Ltda
Ferriprox,Novo,Outros Produtos Que Atuam No Sangue E Hematopoiese,Deferiprona,Chiesi Farmaceutica Ltda
Ferriprox Bd,Novo,Outros Produtos Que Atuam No Sangue E Hematopoiese,Deferiprona,Chiesi Farmaceutica Ltda
Nuvigil,Novo,Outros Produtos Que Atuam Sobre O Sistema Nervoso,Armodafinila,Teva Farmaceutica Ltda.
Atentah,Novo,Outros Produtos Que Atuam Sobre O Sistema Nervoso,Cloridrato De Atomoxetina,Apsen Farmaceutica S/A
Eranz,Novo,Outros Produtos Que Atuam Sobre O Sistema Nervoso,Cloridrato De Donepezila,Pfizer Brasil Ltda
Donila Duo,Novo,Outros Produtos Que Atuam Sobre O Sistema Nervoso,"Cloridrato De Donepezila, Cloridrato De Memantina",Ache Laboratorios Farmaceuticos S.A
Alois,Novo,Outros Produtos Que Atuam Sobre O Sistema Nervoso,Cloridrato De Memantina,Apsen Farmaceutica S/A
Ebix,Novo,Outros Produtos Que Atuam Sobre O Sistema Nervoso,Cloridrato De Memantina,Lundbeck Brasil Ltda
Moriale Odt,Novo,Outros Produtos Que Atuam Sobre O Sistema Nervoso,Cloridrato De Memantina,Ems S/A
Zider,Novo,Outros Produtos Que Atuam Sobre O Sistema Nervoso,Cloridrato De Memantina,Libbs Farmaceutica Ltda
Narcan,Novo,Outros Produtos Que Atuam Sobre O Sistema Nervoso,"Cloridrato De Naloxona, Naloxona",Cristalia Produtos Quimicos Farmaceuticos Ltda.
Austedo,Novo,Outros Produtos Que Atuam Sobre O Sistema Nervoso,Deutetrabenazina,Teva Farmaceutica Ltda.
Radicava,Novo,Outros Produtos Que Atuam Sobre O Sistema Nervoso,Edaravona,Daiichi Sankyo Brasil Farmaceutica Ltda
Givlaari,Novo,Outros Produtos Que Atuam Sobre O Sistema Nervoso,Givosirana Sodica,Specialty Pharma Goias Ltda
Exelon,Novo,Outros Produtos Que Atuam Sobre O Sistema Nervoso,"Hemitartarato De Rivastigmina, Rivastigmina",United Medical Ltda
Stavigile,Novo,Outros Produtos Que Atuam Sobre O Sistema Nervoso,Modafinila,Libbs Farmaceutica Ltda
Skyclarys,Novo,Outros Produtos Que Atuam Sobre O Sistema Nervoso,Omaveloxolona,Biogen Brasil Produtos Farmaceuticos Ltda
Onpattro,Novo,Outros Produtos Que Atuam Sobre O Sistema Nervoso,Patisirana Sodica,Specialty Pharma Goias Ltda
Vynkella,Novo,Outros Produtos Que Atuam Sobre O Sistema Nervoso,Tafamidis,Pfizer Brasil Ltda
Torval Cr,Novo,Outros Produtos Que Atuam Sobre O Sistema Nervoso,"Valproato De Sodio, Acido Valproico",Torrent Do Brasil Ltda
Vicog,Novo,Outros Produtos Que Atuam Sobre O Sistema Nervoso,Vimpocetina,Marjan Industria E Comercio Ltda
Amvuttra,Novo,Outros Produtos Que Atuam Sobre O Sistema Nervoso,Vutrisirana Sodica,Specialty Pharma Goias Ltda
Verquvo,Novo,Outros Vasodilatadores Utilizados Em Doencas Cardiacas,Vericiguate,Bayer S.A.
Amoxil,Novo,Penicilina De Amplo Espectro,Amoxicilina Trihidratada,Glaxosmithkline Brasil Ltda
Benzetacil,Novo,Penicilina G E Derivados (Benzilpenicilinas),Benzilpenicilina Benzatina,Eurofarma Laboratorios S.A.
Megapen,Novo,Penicilina G E Derivados (Benzilpenicilinas),Benzilpenicilina Potassica,Eurofarma Laboratorios S.A.
Tazocin,Novo,Penicilinas Penicilinase-Resistentes,"Piperacilina Sodica, Tazobactam Sodico",Pfizer Brasil Ltda
Contrave,Novo,"Preparacoes Antiobesidade, Excluindo Produtos Dieteticos","Cloridrato De Bupropiona, Cloridrato De Naltrexona",Merck S/A
Duratocin,Novo,"Preparacoes Hormonais Para Uso Sistemico, Excluindo Hormonios Sexuais E Insulinas",Carbetocina,Laboratorios Ferring Ltda
Coristina D,Novo,Produto P.Terapia Sintomatica Da Gripe,"Maleato De Dexclorfeniramina, Cloridrato De Fenilefrina, Cafeina, Acido Acetil Salicilico",Cosmed Industria De Cosmeticos E Medicamentos S.A.
Resfenol,Novo,Produto P.Terapia Sintomatica Da Gripe,"Paracetamol, Cloridrato De Fenilefrina, Maleato De Clorfenamina",Kley Hertz Farmaceutica S.A
Tylenol Sinus,Novo,Produto P.Terapia Sintomatica Da Gripe,"Paracetamol, Cloridrato De Pseudoefedrina",Kenvue Ltda.
Coristina D Pro,Novo,Produto P.Terapia Sintomatica Da Gripe,"Paracetamol, Maleato De Clorfeniramina, Cloridrato De Fenilefrina",Cosmed Industria De Cosmeticos E Medicamentos S.A.
Curosurf,Novo,Produto Para O Aparelho Respiratorio,Alfaporactanto,Chiesi Farmaceutica Ltda
Azelan,Novo,Produtos Anti-Acne,Acido Azelaico,Leo Pharma Ltda
Deriva Micro,Novo,Produtos Anti-Acne,Adapaleno,Glenmark Farmaceutica Ltda
Differin,Novo,Produtos Anti-Acne,Adapaleno,Galderma Brasil Ltda
Adacne Clin,Novo,Produtos Anti-Acne,"Adapaleno, Fosfato De Clindamicina",Glenmark Farmaceutica Ltda
Deriva C Micro,Novo,Produtos Anti-Acne,"Adapaleno, Fosfato De Clindamicina",Glenmark Farmaceutica Ltda
Epiduo,Novo,Produtos Anti-Acne,"Adapaleno, Peroxido De Benzoila",Galderma Brasil Ltda
Winlevi,Novo,Produtos Anti-Acne,Clascoterona,Sun Farmaceutica Do Brasil Ltda
Clindoxyl,Novo,Produtos Anti-Acne,"Clindamicina, Fosfato De Clindamicina, Peroxido De Benzoila",Glaxosmithkline Brasil Ltda
Roacutan,Novo,Produtos Anti-Acne,Isotretinoina,Farmoquimica S/A
Vitacid Acne,Novo,Produtos Anti-Acne,"Tretinoina, Fosfato De Clindamicina",Theraskin Farmaceutica Ltda.
Gynotran,Novo,Produtos Ginecologicos Antiinfecciosos Topicos Associacao Medicamentosa,"Metronidazol, Nitrato De Miconazol",Exeltis Laboratorio Farmaceutico Ltda
Albocresil,Novo,Produtos Ginecologicos Antinfecciosos Topicos Simples,"Policresuleno, Policresuleno A 36%",Cosmed Industria De Cosmeticos E Medicamentos S.A.
Ginoflorax,Novo,Produtos Ginecologicos Topicos,Saccharomyces Cerevisae,Infan Industria Quimica Farmaceutica Nacional S/A
Nene Dent N,Novo,Produtos Odontologicos,"Matricaria Chamomilla L., Cloridrato De Lidocaina Monoidratada , Polidocanol",Cosmed Industria De Cosmeticos E Medicamentos S.A.
Optiray,Novo,Produtos Para Diagnostico Por Imagem,Ioversol,Guerbet Imagem Do Brasil Ltda
Flogoral,Novo,Produtos Para Orofaringe,Cloridrato De Benzidamina,Ache Laboratorios Farmaceuticos S.A
Ryaltris,Novo,Produtos Para Terapia Nasal De Acao Especifica,"Cloridrato De Olopatadina, Furoato De Mometasona Monoidratado",Glenmark Farmaceutica Ltda
Nasonex®,Novo,Produtos Para Terapia Nasal De Acao Especifica,Furoato De Mometasona Monoidratado,Organon Farmaceutica Ltda.
Benegrip,Novo,Produtos Para Terapia Sintomatica Da Gripe,"Cafeina, Maleato De Clorfeniramina, Dipirona Monoidratada",Cosmed Industria De Cosmeticos E Medicamentos S.A.
Benegrip Multi,Novo,Produtos Para Terapia Sintomatica Da Gripe,"Paracetamol, Cloridrato De Fenilefrina, Maleato De Carbinoxamina",Cosmed Industria De Cosmeticos E Medicamentos S.A.
Mitexan,Novo,Produtos Para Vias Urinarias,Mesna,Baxter Hospitalar Ltda
Androcur,Novo,Progestagenos Simples,Acetato De Ciproterona,Laboratorios Bago Do Brasil S/A
Depo-Provera,Novo,Progestagenos Simples,Acetato De Medroxiprogesterona,Pfizer Brasil Ltda
Provera,Novo,Progestagenos Simples,Acetato De Medroxiprogesterona,Pfizer Brasil Ltda
Primolut-Nor,Novo,Progestagenos Simples,Acetato De Noretisterona,Uniao Quimica Farmaceutica Nacional S/A
Duphaston,Novo,Progestagenos Simples,Didrogesterona,Abbott Laboratorios Do Brasil Ltda
Allurene,Novo,Progestagenos Simples,Dienogeste,Bayer S.A.
Kyleena,Novo,Progestagenos Simples,Levonorgestrel,Bayer S.A.
Emyo,Novo,Progestagenos Simples,Levonorgestrel Micronizado,"Gedeon Richter Do Brasil Importadora, Exportadora E Distribuido"
Mirena,Novo,Progestagenos Simples,"Levonorgestrel, Levonorgestrel Micronizado",Bayer S.A.
Crinone,Novo,Progestagenos Simples,Progesterona,Merck S/A
Prolutex,Novo,Progestagenos Simples,Progesterona,Besins Healthcare Brasil Comercial E Distribuidora De Medicamen
Utrogestan,Novo,Progestagenos Simples,Progesterona,Besins Healthcare Brasil Comercial E Distribuidora De Medicamen
Prostavasin,Novo,Prostaglandinas,Alprostadil Alfaciclodextrina,Ache Laboratorios Farmaceuticos S.A
Ventavis,Novo,Prostaglandinas,Iloprosta,Bayer S.A.
Monolatan,Novo,Prostaglandinas,Latanoprosta,Uniao Quimica Farmaceutica Nacional S/A
Volata,Novo,Prostaglandinas,Latanoprosta,Cristalia Produtos Quimicos Farmaceuticos Ltda.
Xalatan,Novo,Prostaglandinas,Latanoprosta,Viatris Farmaceutica Do Brasil Ltda
Concerta,Novo,Psicoanaleticos,Cloridrato De Metilfenidato,Janssen-Cilag Farmaceutica Ltda
Ritalina,Novo,Psicoanaleticos,Cloridrato De Metilfenidato,Novartis Biociencias S.A
Lyberdia Gotas,Novo,Psicoanaleticos,Dimesilato De Lisdexanfetamina,Ems S/A
Venvanse,Novo,Psicoanaleticos,Dimesilato De Lisdexanfetamina,Takeda Pharma Ltda.
Delabaxi,Novo,Quinolonas Antibacterianas,Delafloxacino Meglumina,Eurofarma Laboratorios S.A.
Miosan,Novo,Relaxantes Musculares,Cloridrato De Ciclobenzaprina,Apsen Farmaceutica S/A
Miosan Odt,Novo,Relaxantes Musculares,Cloridrato De Ciclobenzaprina,Apsen Farmaceutica S/A
Mitrul,Novo,Relaxantes Musculares,Cloridrato De Ciclobenzaprina,Adium S.A.
Miosan Caf,Novo,Relaxantes Musculares,"Cloridrato De Ciclobenzaprina, Cafeina",Apsen Farmaceutica S/A
Tracrium,Novo,Relaxantes Musculares Centrais Simples,Besilato De Atracurio,Aspen Pharma Industria Farmaceutica Ltda
Sirdalud,Novo,Relaxantes Musculares Centrais Simples,Cloridrato De Tizanidina,Sandoz Do Brasil Industria Farmaceutica Ltda
Dantrolen,Novo,Relaxantes Musculares Centrais Simples,"Dantroleno Sodico, Dantroleno Sodico Hemieptaidratado",Cristalia Produtos Quimicos Farmaceuticos Ltda.
Coltrax,Novo,Relaxantes Musculares Centrais Simples,Tiocolchicosideo,Eurofarma Laboratorios S.A.
Coltrax Inj,Novo,Relaxantes Musculares Centrais Simples,Tiocolchicosideo,Eurofarma Laboratorios S.A.
Dorflex,Novo,Relaxantes Musculares Centrais-Associacoes Medicamentosas,"Citrato De Orfenadrina, Dipirona Monoidratada, Cafeina Anidra",Opella Healthcare Brazil Ltda
Lisador Muscular,Novo,Relaxantes Musculares Centrais-Associacoes Medicamentosas,"Dipirona Monoidratada, Cafeina Anidra, Citrato De Orfenadrina",Cosmed Industria De Cosmeticos E Medicamentos S.A.
Neosaldina Muscular Max,Novo,Relaxantes Musculares Centrais-Associacoes Medicamentosas,"Dipirona Monoidratada, Cafeina Anidra, Citrato De Orfenadrina",Cosmed Industria De Cosmeticos E Medicamentos S.A.
Auris-Sedina,Novo,Removedores De Secrecao Do Conduto Auditivo Externo,"Fenol, Mentol",Laboratorios Osorio De Moraes Ltda
Cerumin,Novo,Removedores De Secrecao Do Conduto Auditivo Externo,"Hidroxiquinolina, Trolamina",Novartis Biociencias S.A
Aklief,Novo,Retinoides Para Tratamento Da Acne (Para Uso Topico),Trifaroteno,Galderma Brasil Ltda
Rifaldin,Novo,Rifampicinas,Rifampicina,Sanofi Medley Farmaceutica Ltda.
Xifaxan,Novo,Rifaximina,Rifaximina,Biolab Sanus Farmaceutica Ltda
Albumina Humana Hemobras,Novo,"Sangue, Derivados E Substitutos Exceto Imunoprotecao",Albumina Humana,Empresa Brasileira De Hemoderivados E Biotecnologia
Soro Antibotropico (Pentavalente),Novo,Soros Imunoprotetores,Imunoglobulina Heterologa Contra Veneno De Bothrops Sp,Instituto Vital Brazil S/A
Zometa,Novo,Supressores Da Reabsorcao Ossea,Acido Zoledronico,Novartis Biociencias S.A
Aclasta,Novo,Supressores Da Reabsorcao Ossea,Acido Zoledronico Monoidratado,Sandoz Do Brasil Industria Farmaceutica Ltda
Fosamax D,Novo,Supressores Da Reabsorcao Ossea,"Alendronato De Sodio, Colecalciferol",Organon Farmaceutica Ltda.
Evista,Novo,Supressores Da Reabsorcao Ossea,Cloridrato De Raloxifeno,Eli Lilly Do Brasil Ltda
Actonel,Novo,Supressores Da Reabsorcao Ossea,Risedronato Sodico,Theramex Farmaceutica Ltda.
Bylvay,Novo,Terapia Biliar,Odevixibate Sesqui-Hidratado,Beaufour Ipsen Farmaceutica Ltda
Bactrim,Novo,Trimetoprima Em Associacao Com Sulfas,"Sulfametoxazol, Trimetoprima",Farmoquimica S/A
Farmanguinhos Rifampicina + Isoniazida + Pirazinamida + Etambutol,Novo,Tuberculostaticos,"Cloridrato De Etambutol, Isoniazida, Pirazinamida, Rifampicina",Fundacao Oswaldo Cruz
Farmanguinhos Isoniazida + Rifampicina,Novo,Tuberculostaticos,"Isoniazida, Rifampicina",Fundacao Oswaldo Cruz
Vacina Influenza Trivalente ( Fragmentada E Inativada ),Novo,Vacinas,"Cepa Influenza Tipo A (H1N1), Cepa Influenza Tipo A (H3N2), Cepa Influenza Tipo B, Cepa Influenza Tipo B",Instituto Butantan
Pneumovax® 23,Novo,Vacinas,"Polissacarideo Capsular De Streptococcus Pneumoniae Sorotipo 1, Polissacarideo Capsular De Streptococcus Pneumoniae Sorotipo 2, Polissacarideo Capsular De Streptococcus Pneumoniae Sorotipo 3 , Polissacarideo Capsular De Streptococcus Pneumoniae Sorotipo 4 , Polissacarideo Capsular De Streptococcus Pneumoniae Sorotipo 5, Polissacarideo Capsular De Streptococcus Pneumoniae Soroti",Merck Sharp & Dohme Farmaceutica Ltda.
Vacina Recombinante Contra Hepatite B,Novo,Vacinas,Proteina Antigenica De Superficie (Hep. B),Instituto Butantan
Refortrix,Novo,Vacinas,"Toxoide Difterico, Toxoide Tetanico, Toxoide Pertussis, Hemaglutinina Filamentosa, Pertactina",Glaxosmithkline Brasil Ltda
Vacina Febre Amarela (Atenuada),Novo,Vacinas,Virus 17D Da Febre Amarela,Fundacao Oswaldo Cruz
Havrix,Novo,Vacinas,Virus Da Hepatite A Inativado,Glaxosmithkline Brasil Ltda
Twinrix,Novo,Vacinas,"Virus Da Hepatite A Inativado, Virus Da Hepatite A Purificado Inativado, Antigeno De Superficie Da Hepatite B",Glaxosmithkline Brasil Ltda
Vaqta,Novo,Vacinas,Virus Da Hepatite A Purificado Inativado,Merck Sharp & Dohme Farmaceutica Ltda.
Varilrix,Novo,Vacinas,Virus Da Varicela,Glaxosmithkline Brasil Ltda
Galafold,Novo,Varios Produtos Para O Trato Alimentar E Metabolismo,Cloridrato De Migalastate,Pint Pharma Produtos Medico-Hospitalares E Farmaceuticos Ltda
Dojolvi,Novo,Varios Produtos Para O Trato Alimentar E Metabolismo,Tri-Heptanoina,Ultragenyx Brasil Farmaceutica Ltda
Hyponor,Novo,Vasoconstritores E Hipertensores,Hemitartarato De Norepinefrina Monoidratada,Hypofarma - Instituto De Hypodermia E Farmacia Ltda
Alproxy,Novo,Vasodilatadores,Alprostadil,Opem Representacao Importadora Exportadora E Distribuidora Ltda
Caverject,Novo,Vasodilatadores,Alprostadil,Pfizer Brasil Ltda
Helleva,Novo,Vasodilatadores,Carbonato De Lodenafila,Cristalia Produtos Quimicos Farmaceuticos Ltda.
Stugeron,Novo,Vasodilatadores,Cinarizina,Janssen-Cilag Farmaceutica Ltda
Viagra,Novo,Vasodilatadores,Citrato De Sildenafila,Viatris Farmaceutica Do Brasil Ltda
Betadine Xr,Novo,Vasodilatadores,Dicloridrato De Betaistina,Ache Laboratorios Farmaceuticos S.A
Betaserc,Novo,Vasodilatadores,Dicloridrato De Betaistina,Abbott Laboratorios Do Brasil Ltda
Iskemil,Novo,Vasodilatadores,Mesilato De Diidroergocristina,Ache Laboratorios Farmaceuticos S.A
Primacor,Novo,Vasodilatadores,Milrinona,Sanofi Medley Farmaceutica Ltda.
Cialis,Novo,Vasodilatadores,Tadalafila,Eli Lilly Do Brasil Ltda
Zydena,Novo,Vasodilatadores,Udenafila,Eurofarma Laboratorios S.A.
Sermion,Novo,Vasodilatadores Cerebrais,Nicergolina,Viatris Farmaceutica Do Brasil Ltda
Alendil Calcio D,Novo,Vitaminas E Suplementos Minerais,"Carbonato De Calcio, Colecalciferol, Alendronato De Sodio Tri-Hidratado",Farmoquimica S/A
Zyloric,Novo,Antigotosos,Alopurinol,Aspen Pharma Industria Farmaceutica Ltda
Erleada,Novo,,Apalutamida,Janssen-Cilag Farmaceutica Ltda
Olumiant,Novo,,Baricitinibe,Eli Lilly Do Brasil Ltda
Norvasc,Novo,Anti-Hipertensivos Simples,Besilato De Anlodipino,Viatris Farmaceutica Do Brasil Ltda
Bycal 150,Novo,Antineoplasico,Bicalutamida,Accord Farmaceutica Ltda
Biktarvy,Novo,,"Bictegravir Sodico, Entricitabina, Hemifumarato De Tenofovir Alafenamida",Gilead Sciences Farmaceutica Do Brasil Ltda
Latisse,Novo,Antiglaucomatosos,Bimatoprosta,Allergan Produtos Farmaceuticos Ltda
Clopin Duo,Novo,,"Bissulfato De Clopidogrel, Acido Acetilsalicilico",Ache Laboratorios Farmaceuticos S.A
Duaklir Genuair,Novo,,"Brometo De Aclidinio, Fumarato De Formoterol Di-Hidratado",Glenmark Farmaceutica Ltda
Corament,Novo,Glicocorticoides Top. Simp. Exc. Uso Oftalm.,Budesonida,Laboratorios Ferring Ltda
Sandimmun,Novo,Agente Imunosupressor,Ciclosporina,Novartis Biociencias S.A
Lokelma,Novo,,Ciclossilicato De Zirconio Sodico Hidratado,Astrazeneca Do Brasil Ltda
Spasmex,Novo,,Cloreto De Trospio,Apsen Farmaceutica S/A
Nautex Odg,Novo,Antiemeticos E Antinauseantes,Cloridrato  De Ondansetrona Di-Hidratado,Ache Laboratorios Farmaceuticos S.A
Ondset Solucao Oral,Novo,Antiemeticos E Antinauseantes,Cloridrato  De Ondansetrona Di-Hidratado,Uniao Quimica Farmaceutica Nacional S/A
Alecensa,Novo,,Cloridrato De Alectinibe,Produtos Roche Quimicos E Farmaceuticos S.A.
Septanest,Novo,,"Cloridrato De Articaina, Hemitartarato De Epinefrina",Dla Pharmaceutical Ltda
Alois Duo Pack,Novo,Outros Produtos Que Atuam Sobre O Sistema Nervoso,"Cloridrato De Donepezila, Cloridrato De Memantina",Apsen Farmaceutica S/A
Zina Odt,Novo,Antialergicos,Dicloridrato De Levocetirizina,Eurofarma Laboratorios S.A.
Lyx,Novo,Psicoanaleticos,Dimesilato De Lisdexanfetamina,Ache Laboratorios Farmaceuticos S.A
Adren Ped,Novo,Medicamentos C/ Acao No Miocardio,Epinefrina,Hipolabor Farmaceutica Ltda
Esol Xr,Novo,Antiulcerosos,Esomeprazol Magnesico Tri-Hidratado,Cosmed Industria De Cosmeticos E Medicamentos S.A.
Rosucor Eze,Novo,,"Ezetimiba, Rosuvastatina Calcica",Torrent Do Brasil Ltda
Famox,Novo,Antiacidos E Antiulcerosos,Famotidina,Ache Laboratorios Farmaceuticos S.A
Vemlidy,Novo,,Hemifumarato De Tenofovir Alafenamida,Gilead Sciences Farmaceutica Do Brasil Ltda
Antara Iv,Novo,Anticonvulsivantes,Levetiracetam,Eurofarma Laboratorios S.A.
Etira Injetavel,Novo,Anticonvulsivantes,Levetiracetam,Ache Laboratorios Farmaceuticos S.A
Cabometyx,Novo,,Levomalato De Cabozantinibe,Beaufour Ipsen Farmaceutica Ltda
Calquence Comprimidos,Novo,,Maleato De Acalabrutinibe Monoidratado,Astrazeneca Do Brasil Ltda
Rydapt,Novo,,Midostaurina,Novartis Biociencias S.A
Benicar Odt,Novo,Anti-Hipertensivos,Olmesartana Medoxomila,Daiichi Sankyo Brasil Farmaceutica Ltda
Kemyza,Novo,Antagonistas Da Serotonina (5-Ht3),Ondansetrona,Dr. Reddys Farmaceutica Do Brasil Ltda
Lonsurf®,Novo,,"Trifluridina, Cloridrato De Tipiracila",Laboratorios Servier Do Brasil Ltda
Kymriah,Produto De T,Outros Agentes Antineoplasicos,Tisagenlecleucel,Novartis Biociencias S.A
Tecartus,Produto De T,Outros Antineoplasicos,Brexucabtageno Autoleucel,Gilead Sciences Farmaceutica Do Brasil Ltda
Carvykti®,Produto De T,Outros Antineoplasicos,Ciltacabtageno Autoleucel,Janssen-Cilag Farmaceutica Ltda
Zolgensma,Produto De T,Outros Medicamentos Para Transtornos Do Sistema Musculo-Esqueletico,Onasemnogeno Abeparvoveque,Novartis Biociencias S.A
Luxturna,Produto De T,Outros Oftalmologicos,Voretigeno Neparvoveque,Novartis Biociencias S.A
Yescarta,Produto De T,,Axicabtageno Ciloleucel,Gilead Sciences Farmaceutica Do Brasil Ltda
Elevidys,Produto De T,,Delandistrogeno Moxeparvoveque,Produtos Roche Quimicos E Farmaceuticos S.A.
Locametz,Radiofarmaco,Agentes De Diagnostico,Gozetotida,Novartis Biociencias S.A
Rphlimpha,Radiofarmaco,Agentes Diagnosticos Nao Radioativos,Acido Fitico,Mjm Produtos Farmaceuticos E De Radioprotecao S.A.
Ez-Mdp,Radiofarmaco,Agentes Diagnosticos Nao Radioativos,Acido Medronico,Eckert & Ziegler Brasil Comercial Ltda
Rphosteo,Radiofarmaco,Agentes Diagnosticos Nao Radioativos,Acido Medronico,Mjm Produtos Farmaceuticos E De Radioprotecao S.A.
Rphnefro,Radiofarmaco,Agentes Diagnosticos Nao Radioativos,Acido Pentetico,Mjm Produtos Farmaceuticos E De Radioprotecao S.A.
Ez-Ecd,Radiofarmaco,Agentes Diagnosticos Nao Radioativos,Dicloridrato De Etilenodicisteina Dietilester,Eckert & Ziegler Brasil Comercial Ltda
Illuccix,Radiofarmaco,Agentes Diagnosticos Nao Radioativos,Gozetotida,Mjm Produtos Farmaceuticos E De Radioprotecao S.A.
Rphpyro,Radiofarmaco,Agentes Diagnosticos Nao Radioativos,Pirofosfato Tetrassodico Decaidratado,Mjm Produtos Farmaceuticos E De Radioprotecao S.A.
Ez-Dmsa,Radiofarmaco,Agentes Diagnosticos Nao Radioativos,Succimer,Eckert & Ziegler Brasil Comercial Ltda
Rphreno,Radiofarmaco,Agentes Diagnosticos Nao Radioativos,Succimer,Mjm Produtos Farmaceuticos E De Radioprotecao S.A.
Ez-Mibi,Radiofarmaco,Agentes Diagnosticos Nao Radioativos,Tetrafluorborato Tetramibi Cuproso,Eckert & Ziegler Brasil Comercial Ltda
Rphkardia,Radiofarmaco,Agentes Diagnosticos Nao Radioativos,Tetrafluorborato Tetramibi Cuproso,Mjm Produtos Farmaceuticos E De Radioprotecao S.A.
Fita-Tec,Radiofarmaco,Agentes Diagnosticos Radioativos,Acido Fitico,Comissao Nacional De Energia Nuclear
Pul-Tec,Radiofarmaco,Agentes Diagnosticos Radioativos,Albumina Humana,Comissao Nacional De Energia Nuclear
Gal-Ipen,Radiofarmaco,Agentes Diagnosticos Radioativos,Citrato De Galio 67Ga,Comissao Nacional De Energia Nuclear
Card-Ipen,Radiofarmaco,Agentes Diagnosticos Radioativos,Cloreto De Talio (201 Tl),Comissao Nacional De Energia Nuclear
Dex-70-Tec,Radiofarmaco,Agentes Diagnosticos Radioativos,Dextrana,Comissao Nacional De Energia Nuclear
Dex-500-Tec,Radiofarmaco,Agentes Diagnosticos Radioativos,Dextrana 500 (99M Tc),Comissao Nacional De Energia Nuclear
Disi-Tec,Radiofarmaco,Agentes Diagnosticos Radioativos,Disofenina,Comissao Nacional De Energia Nuclear
Diagtoc,Radiofarmaco,Agentes Diagnosticos Radioativos,Edotreotida (68 Ga),Mjm Produtos Farmaceuticos E De Radioprotecao S.A.
Bioglico,Radiofarmaco,Agentes Diagnosticos Radioativos,Fludesoxiglicose 18F,Cmr Salvador Pharma Ltda
Cyclofluor,Radiofarmaco,Agentes Diagnosticos Radioativos,Fludesoxiglicose 18F,Cyclopet Radiofarmacos Ltda
Fdg,Radiofarmaco,Agentes Diagnosticos Radioativos,Fludesoxiglicose 18F,Villas Boas Radiofarmacos Brasil S/A
Fluesocil,Radiofarmaco,Agentes Diagnosticos Radioativos,Fludesoxiglicose 18F,R2 Solucoes Em Radiofarmacia Ltda.
Fluorglic,Radiofarmaco,Agentes Diagnosticos Radioativos,Fludesoxiglicose 18F,Comissao Nacional De Energia Nuclear
Flutep,Radiofarmaco,Agentes Diagnosticos Radioativos,Fludesoxiglicose 18F,Ibf - Industria Brasileira De Farmoquimicos S.A.
Glicobras,Radiofarmaco,Agentes Diagnosticos Radioativos,Fludesoxiglicose 18F,Cmr Campinas Pharma Ltda
Glicocer,Radiofarmaco,Agentes Diagnosticos Radioativos,Fludesoxiglicose 18F,Uniao Brasileira De Educacao E Assistencia
Hc - Glicorad,Radiofarmaco,Agentes Diagnosticos Radioativos,Fludesoxiglicose 18F,Hospital Das Clinicas Da Faculdade De Medicina Da Usp
Radioglic,Radiofarmaco,Agentes Diagnosticos Radioativos,Fludesoxiglicose 18F,Comissao Nacional De Energia Nuclear
Hc-Esquelerad,Radiofarmaco,Agentes Diagnosticos Radioativos,Fluoreto De Sodio,Hospital Das Clinicas Da Faculdade De Medicina Da Usp
Radionaf,Radiofarmaco,Agentes Diagnosticos Radioativos,Fluoreto De Sodio,Comissao Nacional De Energia Nuclear
Tin-Tec,Radiofarmaco,Agentes Diagnosticos Radioativos,Fluoreto Estanhoso,Comissao Nacional De Energia Nuclear
Ez-Tec99M,Radiofarmaco,Agentes Diagnosticos Radioativos,Pertecnetato De Sodio (99M Tc),Eckert & Ziegler Brasil Comercial Ltda
Gerador-Ipen-Tec,Radiofarmaco,Agentes Diagnosticos Radioativos,Pertecnetato De Sodio (99M Tc),Comissao Nacional De Energia Nuclear
Dmsa-Tec,Radiofarmaco,Agentes Diagnosticos Radioativos,Succimer,Comissao Nacional De Energia Nuclear
Pluvicto,Radiofarmaco,Antineoplasico,Vipivotida Tetraxetana (177 Lu),Novartis Biociencias S.A
Caps-Ipen,Radiofarmaco,Iodoterapia,Iodeto De Sodio 131I,Comissao Nacional De Energia Nuclear
Xofigo,Radiofarmaco,Isotopos Radioativos Antineoplasicos,Cloreto De Radio (223 Ra),Bayer S.A.
Dot-Ipen-177,Radiofarmaco,Outros Prods  Nao Enquadrados Em Classe Terapeutica Especif,Octreotato Tetraxetana (177  Lu),Comissao Nacional De Energia Nuclear
Sah-Tec,Radiofarmaco,Radiofarmaco,Albumina Humana,Comissao Nacional De Energia Nuclear
18F - Psma - 1007,Radiofarmaco,Radiofarmaco,Amespro Fluornicotinamida (18 F),Cmr Salvador Pharma Ltda
18F-Psma1007,Radiofarmaco,Radiofarmaco,Amespro Fluornicotinamida (18 F),Cmr Campinas Pharma Ltda
Psma - 1007 (18F),Radiofarmaco,Radiofarmaco,Amespro Fluornicotinamida (18 F),
Psma 1007 (18F),Radiofarmaco,Radiofarmaco,Amespro Fluornicotinamida (18 F),Villas Boas Radiofarmacos Brasil S/A
Psma 1007 (F18),Radiofarmaco,Radiofarmaco,Amespro Fluornicotinamida (18 F),Ibf Industria Brasileira De Farmoquimicos S.A
Psma-1007,Radiofarmaco,Radiofarmaco,Amespro Fluornicotinamida (18 F),Uniao Brasileira De Educacao E Assistencia
Psma-1007 (18F),Radiofarmaco,Radiofarmaco,Amespro Fluornicotinamida (18 F),R2 Solucoes Em Radiofarmacia
Ecd-Tec,Radiofarmaco,Radiofarmaco,Dicloridrato De Etilenodicisteina Dietilester,Comissao Nacional De Energia Nuclear
Florbetaben (18F),Radiofarmaco,Radiofarmaco,Florbetabeno (18 F),Uniao Brasileira De Educacao E Assistencia
Fluordopa (F18),Radiofarmaco,Radiofarmaco,Fluordopa 18F,Mjm Produtos Farmaceuticos E De Radioprotecao S.A.
Fluorestradiol (18F),Radiofarmaco,Radiofarmaco,Fluorestradiol (18 F),Cmr Campinas Pharma Ltda
Radiofes,Radiofarmaco,Radiofarmaco,Fluorestradiol (18 F),Comissao Nacional De Energia Nuclear
Guan-Ipen-131,Radiofarmaco,Radiofarmaco,Iobenguano 131I,Comissao Nacional De Energia Nuclear
Iod-Ipen-131,Radiofarmaco,Radiofarmaco,Iodeto De Sodio 131I,Comissao Nacional De Energia Nuclear
Octreotato Tetraxetana (68 Ga),Radiofarmaco,Radiofarmaco,Octreotato Tetraxetana (68 Ga),Hospital Das Clinicas Da Faculdade De Medicina Da Usp
Gallium-68,Radiofarmaco,Radiofarmaco,Octreotida Nota Aluminio (18 F),R2 Solucoes Em Radiofarmacia
Pib (11C),Radiofarmaco,Radiofarmaco,Pibenzotiazol (11 C),Hospital Das Clinicas Da Faculdade De Medicina Da Usp
Piro-Tec,Radiofarmaco,Radiofarmaco,Pirofosfato Tetrassodico,Comissao Nacional De Energia Nuclear
Mibi-Tec,Radiofarmaco,Radiofarmaco,Tetrafluorborato Tetramibi Cuproso,Comissao Nacional De Energia Nuclear
Florbetabeno (18F),Radiofarmaco,Radiofarmaco,Florbetabeno (18 F),R2 Solucoes Em Radiofarmacia
Galliapharm,Radiofarmaco,Radiofarmaco,Tricloreto De Galio (68 Ga),Center Of Molecular Research Brasil Ltda
Espasmo Dimetiliv,Similar,Adsorventes E Antifiseticos Intestinais Simples,"Simeticona, Metilbrometo De Homatropina",Ems S/A
Espasmo Flatol,Similar,Adsorventes E Antifiseticos Intestinais Simples,"Simeticona, Metilbrometo De Homatropina",Legrand Pharma Industria Farmaceutica Ltda
Sigmasporin Microral,Similar,Outros Medicamentos Com Acao No Aparelho Visual,Ciclosporina,Germed Farmaceutica Ltda
Evtor,Similar,Agente Imunosupressor,Everolimo,Accord Farmaceutica Ltda
Lassya,Similar,Outros Agentes Imunossupressores,Lenalidomida,Ranbaxy Farmaceutica Ltda
Lenangio,Similar,Outros Agentes Imunossupressores,Lenalidomida,Dr. Reddys Farmaceutica Do Brasil Ltda
Lyone,Similar,Outros Agentes Imunossupressores,Lenalidomida,Accord Farmaceutica Ltda
Prosigne,Similar,Agente Paralisante Neuromuscular,Toxina Botulinica A,Cristalia Produtos Quimicos Farmaceuticos Ltda.
Desairon,Similar,Agente Quelante De Ferro,Deferasirox,Ems S/A
Nimsy,Similar,Antinflamatorios,Nimesulida,Cifarma Cientifica Farmaceutica Ltda
Prexulid,Similar,Antinflamatorios,Nimesulida,Cifarma Cientifica Farmaceutica Ltda
Venomy,Similar,Outros Antineoplasicos,Acetato De Abiraterona,Ranbaxy Farmaceutica Ltda
Citoplax,Similar,Antineoplasico,Cisplatina,Laboratorio Quimico Farmaceutico Bergamo Ltda
Egrotib®,Similar,Antineoplasico,Cloridrato De Erlotinibe,Dr. Reddys Farmaceutica Do Brasil Ltda
Hetgem,Similar,Antineoplasico,Cloridrato De Gencitabina,Camber Farmaceutica Ltda
Irno,Similar,Antineoplasico,Cloridrato De Irinotecano Triidratado,Camber Farmaceutica Ltda
Tace,Similar,Antineoplasico,Docetaxel,Cristalia Produtos Quimicos Farmaceuticos Ltda.
Taxontas,Similar,Antineoplasico,Docetaxel,Accord Farmaceutica Ltda
Tequel,Similar,Antineoplasico,Docetaxel,Teva Farmaceutica Ltda.
Doceuno,Similar,Agentes Antineoplasicos,Docetaxel Triidratado,Eurofarma Laboratorios S.A.
Exher,Similar,Agente Imunosupressor,Everolimo,Natcofarma Do Brasil Ltda
Proexty,Similar,Antineoplasico,Exemestano,Eurofarma Laboratorios S.A.
Fulvy,Similar,Antineoplasico,Fulvestranto,Accord Farmaceutica Ltda
Mylveston,Similar,Antineoplasico,Fulvestranto,Viatris Farmaceutica Do Brasil Ltda
Vequile,Similar,Antineoplasico,Fulvestranto,Sandoz Do Brasil Industria Farmaceutica Ltda
Tykiticip,Similar,Antineoplasico,Gefitinibe,Cipla Brasil Importadora E Distribuidora De Medicamentos Ltda
Noazy,Similar,Antineoplasico,Letrozol,Natcofarma Do Brasil Ltda
Suzopa,Similar,Antineoplasico,Malato De Sunitinibe,Dr. Reddys Farmaceutica Do Brasil Ltda
Hyponibe,Similar,Antineoplasico,Mesilato De Imatinibe,Hypofarma - Instituto De Hypodermia E Farmacia Ltda
Cydikriz,Similar,Antineoplasico,Palbociclibe,Dr. Reddys Farmaceutica Do Brasil Ltda
Premexede,Similar,Antineoplasico,Pemetrexede Dissodico Hemipentaidratado,Blau Farmaceutica S.A.
Zomyle,Similar,Antineoplasicos Citotoxicos,Bortezomibe,Viatris Farmaceutica Do Brasil Ltda
Lodatyr,Similar,Agentes Antineoplasicos E Imunomoduladores,Mesilato De Lenvatinibe,Adium S.A.
Atobach,Similar,Imunosupressor,Tacrolimo Monoidratado,Germed Farmaceutica Ltda
Cropoc,Similar,Imunosupressor,Tacrolimo Monoidratado,Legrand Pharma Industria Farmaceutica Ltda
Embo,Similar,Antitrombotico,Apixabana,Biolab Sanus Farmaceutica Ltda
Hallis,Similar,Antitrombotico,Apixabana,Natcofarma Do Brasil Ltda
Ixobam,Similar,Antitrombotico,Apixabana,Biotec Biologica Industria Farmaceutica Ltda.
Xakilis,Similar,Antitrombotico,Apixabana,Ems S/A
Dacxi,Similar,Antitrombotico,Rivaroxabana,Biolab Sanus Farmaceutica Ltda
Globoxarel,Similar,Antitrombotico,Rivaroxabana,Laboratorio Globo Sa
Itextar,Similar,Antitrombotico,Rivaroxabana,Sanofi Medley Farmaceutica Ltda.
Rivar,Similar,Antitrombotico,Rivaroxabana,Eurofarma Laboratorios S.A.
Rivaxa,Similar,Antitrombotico,Rivaroxabana,Eurofarma Laboratorios S.A.
Rivoxx,Similar,Antitrombotico,Rivaroxabana,Eurofarma Laboratorios S.A.
Vabam,Similar,Antitrombotico,Rivaroxabana,
Vazuli,Similar,Antitrombotico,Rivaroxabana,Prati Donaduzzi & Cia Ltda
Xanev,Similar,Antitrombotico,Rivaroxabana,Viatris Farmaceutica Do Brasil Ltda
Xareboosi,Similar,Antitrombotico,Rivaroxabana,Medquimica Industria Farmaceutica Ltda.
Tarbet,Similar,Betabloqueadores Simples,Tartarato De Metoprolol,Laboratorio Teuto Brasileiro S/A
Neparvis,Similar,Agentes Que Atuam No Sistema Renina-Angiotensina,Sacubitril Valsartana Sodica Hidratada,Novartis Biociencias S.A
Cytovinex,Similar,Alcaloide Da Vinca,Sulfato De Vincristina,Blau Farmaceutica S.A.
Vycris,Similar,Alcaloide Da Vinca,Sulfato De Vincristina,Laboratorio Quimico Farmaceutico Bergamo Ltda
Flagimax,Similar,"Amebicidas, Giardicidas E Tricomonicidas",Benzoilmetronidazol,Belfar Ltda
Furp Metronidazol,Similar,"Amebicidas, Giardicidas E Tricomonicidas",Benzoilmetronidazol,Fundacao Para O Remedio Popular - Furp
Canderm,Similar,Antiparasitarios,"Benzoilmetronidazol, Metronidazol",Legrand Pharma Industria Farmaceutica Ltda
Furp-Metronidazol,Similar,Antiparasitarios,"Benzoilmetronidazol, Metronidazol",Fundacao Para O Remedio Popular - Furp
Endonidazol,Similar,"Amebicidas, Giardicidas E Tricomonicidas",Metronidazol,Fresenius Kabi Brasil Ltda
Flagimax,Similar,"Amebicidas, Giardicidas E Tricomonicidas",Metronidazol,Belfar Ltda
Hidazol,Similar,"Amebicidas, Giardicidas E Tricomonicidas",Metronidazol,Halex Istar Industria Farmaceutica Sa
Meflagin,Similar,"Amebicidas, Giardicidas E Tricomonicidas",Metronidazol,Multilab Industria E Comercio De Produtos Farmaceuticos Ltda
Metroniflex,Similar,"Amebicidas, Giardicidas E Tricomonicidas",Metronidazol,Baxter Hospitalar Ltda
Trinodazol,Similar,"Amebicidas, Giardicidas E Tricomonicidas",Metronidazol,Geolab Industria Farmaceutica S/A
Decnazol,Similar,"Amebicidas, Giardicidas E Tricomonicidas",Secnidazol,Pharlab Industria Farmaceutica S.A.
Nquiase,Similar,"Amebicidas, Giardicidas E Tricomonicidas",Secnidazol,Multilab Industria E Comercio De Produtos Farmaceuticos Ltda
Secdazol,Similar,"Amebicidas, Giardicidas E Tricomonicidas",Secnidazol,Vitamedic Industria Farmaceutica Ltda
Secfar,Similar,"Amebicidas, Giardicidas E Tricomonicidas",Secnidazol,Laboratorio Farmaceutico Elofar Ltda
Secnihexal,Similar,"Amebicidas, Giardicidas E Tricomonicidas",Secnidazol,Sandoz Do Brasil Industria Farmaceutica Ltda
Secnimax,Similar,"Amebicidas, Giardicidas E Tricomonicidas",Secnidazol,Laboratorio Globo Sa
Sectil,Similar,"Amebicidas, Giardicidas E Tricomonicidas",Secnidazol,Brasterapica Pharmaceutica Ltda.
Unigyn,Similar,"Amebicidas, Giardicidas E Tricomonicidas",Secnidazol,Ems Sigma Pharma Ltda
Trinizol-M,Similar,Produtos Ginecologicos Antiinfecciosos Topicos Associacao Medicamentosa,"Tinidazol, Nitrato De Miconazol",Belfar Ltda
Hytamicina,Similar,Aminoglicosideos,"Gentamicina, Sulfato De Gentamicina",Hypofarma - Instituto De Hypodermia E Farmacia Ltda
Furp-Estreptomicina,Similar,Aminoglicosideos,Sulfato De Estreptomicina,Fundacao Para O Remedio Popular - Furp
Gentamisan,Similar,Antibioticos Sistemicos Simples,Sulfato De Gentamicina,Santisa Laboratorio Farmaceutico S/A
Tobracin,Similar,Aminoglicosideos,Tobramicina,Cristalia Produtos Quimicos Farmaceuticos Ltda.
Tobrazol,Similar,Aminoglicosideos,Tobramicina,Teva Farmaceutica Ltda.
Lqfex - Acido Acetilsalicilico,Similar,Analgesicos Nao Narcoticos,Acido Acetilsalicilico,Laboratorio Quimico Farmaceutico Do Exercito
Salicetil,Similar,Analgesicos,"Acido Acetilsalicilico, Acido Acetilsalicilsalicilico",Brasterapica Pharmaceutica Ltda.
Benziflex Lis,Similar,Analgesicos,"Clonixinato De Lisina, Cloridrato De Ciclobenzaprina",Ems S/A
Ciclalgin Flex,Similar,Analgesicos,"Clonixinato De Lisina, Cloridrato De Ciclobenzaprina",Multilab Industria E Comercio De Produtos Farmaceuticos Ltda
Meva Flex,Similar,Analgesicos,"Clonixinato De Lisina, Cloridrato De Ciclobenzaprina",Legrand Pharma Industria Farmaceutica Ltda
Miogesic Lis,Similar,Analgesicos,"Clonixinato De Lisina, Cloridrato De Ciclobenzaprina",Ems S/A
Clize,Similar,Analgesicos Nao Narcoticos,Cloridrato De Clonidina,Halex Istar Industria Farmaceutica Sa
Lqfex - Dipirona,Similar,Analgesicos Nao Narcoticos,Dipirona,Laboratorio Quimico Farmaceutico Do Exercito
Dodoy,Similar,Analgesicos Nao Narcoticos,Dipirona Monoidratada,Jarrell Farmaceutica Ltda Epp
Aspdip,Similar,Analgesicos,"Dipirona, Dipirona Monoidratada",Bayer S.A.
Maxalgina,Similar,Analgesicos,"Dipirona, Dipirona Monoidratada",Natulab Laboratorio S.A
Santidor,Similar,Analgesicos,"Dipirona, Dipirona Monoidratada",Santisa Laboratorio Farmaceutico S/A
Dipimed,Similar,Analgesicos,"Dipirona, Dipirona Monoidratada, Agua Deionizada",Medquimica Industria Farmaceutica Ltda.
Cimegripe 77C,Similar,Analgesicos,Paracetamol,Cimed Industria S.A
Resfec,Similar,Analgesicos,Paracetamol,1Farma Industria Farmaceutica Ltda
Aurom,Similar,Analgesicos Contra Enxaqueca,Benzoato De Rizatriptana,Prati Donaduzzi & Cia Ltda
Enriza,Similar,Analgesicos Contra Enxaqueca,Benzoato De Rizatriptana,Ache Laboratorios Farmaceuticos S.A
Zyptan,Similar,Analgesicos Contra Enxaqueca,Benzoato De Rizatriptana,Zydus Nikkho Farmaceutica Ltda
Naranety,Similar,Analgesicos Contra Enxaqueca,Cloridrato De Naratriptana,Legrand Pharma Industria Farmaceutica Ltda
Naratano,Similar,Analgesicos Contra Enxaqueca,Cloridrato De Naratriptana,Multilab Industria E Comercio De Produtos Farmaceuticos Ltda
Naratrin,Similar,Analgesicos Contra Enxaqueca,Cloridrato De Naratriptana,Ems S/A
Narcef,Similar,Analgesicos Contra Enxaqueca,Cloridrato De Naratriptana,Germed Farmaceutica Ltda
Enjoy,Similar,Analgesicos Contra Enxaqueca,"Hidroxido De Aluminio, Acido Acetilsalicilico, Maleato De Mepiramina, Cafeina",Pharmascience Industria Farmaceutica S.A
Izenxaq,Similar,Analgesicos Contra Enxaqueca,"Mesilato De Di-Hidroergotamina, Cafeina, Dipirona Monoidratada",Multilab Industria E Comercio De Produtos Farmaceuticos Ltda
Migraliv,Similar,Analgesicos Contra Enxaqueca,"Mesilato De Di-Hidroergotamina, Cafeina, Dipirona Monoidratada",Ems S/A
Xaqueliv,Similar,Analgesicos Contra Enxaqueca,"Mesilato De Di-Hidroergotamina, Cafeina, Dipirona Monoidratada",Ems S/A
Enxak,Similar,Analgesicos Contra Enxaqueca,"Mesilato De Di-Hidroergotamina, Dipirona, Cafeina",Cazi Quimica Farmaceutica Industria E Comercio Ltda
Sumax,Similar,Analgesicos Contra Enxaqueca,Succinato De Sumatriptana,Libbs Farmaceutica Ltda
Sutriptan,Similar,Analgesicos Contra Enxaqueca,Succinato De Sumatriptana,Biolab Sanus Farmaceutica Ltda
Aas,Similar,Analgesicos Nao Narcoticos,Acido Acetilsalicilico,Cosmed Industria De Cosmeticos E Medicamentos S.A.
Dormec,Similar,Analgesicos Nao Narcoticos,Acido Acetilsalicilico,Imec - Industria De Medicamentos Custodia Ltda
Sedalive,Similar,Analgesicos Nao Narcoticos,Acido Acetilsalicilico,Vitamedic Industria Farmaceutica Ltda
Alicura,Similar,Analgesicos Nao Narcoticos,"Acido Acetilsalicilico, Cafeina",Laboratorio Catarinense Ltda
Doril,Similar,Analgesicos Nao Narcoticos,"Acido Acetilsalicilico, Cafeina",Cosmed Industria De Cosmeticos E Medicamentos S.A.
Melhoral,Similar,Analgesicos Nao Narcoticos,"Acido Acetilsalicilico, Cafeina Anidra",Cosmed Industria De Cosmeticos E Medicamentos S.A.
Calmador,Similar,Analgesicos Nao Narcoticos,"Acido Acetilsalicilico, Cafeina, Cafeina Anidra",Laboratorio Saude Ltda
Somalgin Cardio,Similar,Analgesicos Nao Narcoticos,"Acido Acetilsalicilico, Carbonato De Magnesio, Glicinato De Aluminio",Ems Sigma Pharma Ltda
Sedamed,Similar,Analgesicos Nao Narcoticos,"Cafeina, Cafeina Anidra, Dipirona, Dipirona Monoidratada, Cloridrato De Isometepteno, Mucato De Isometepteno",Cimed Industria S.A
Dipbe Dc,Similar,Analgesicos Nao Narcoticos,"Cafeina, Dipirona Monoidratada, Mucato De Isometepteno",Kymberg Farmaceutica Do Brasil Ltda
Nevralgex Dc,Similar,Analgesicos Nao Narcoticos,"Cafeina, Dipirona Monoidratada, Mucato De Isometepteno",Cimed Industria S.A
Ressalivdor,Similar,Analgesicos Nao Narcoticos,"Cafeina, Dipirona Monoidratada, Mucato De Isometepteno",1Farma Industria Farmaceutica Ltda
Sualiv,Similar,Analgesicos Nao Narcoticos,"Cafeina, Dipirona Monoidratada, Mucato De Isometepteno",1Farma Industria Farmaceutica Ltda
Hosnil,Similar,Analgesicos Nao Narcoticos,Cloridrato De Clonidina,Laboratorio Teuto Brasileiro S/A
Neralgyn,Similar,Analgesicos Nao Narcoticos,"Cloridrato De Isometepteno, Mucato De Isometepteno, Dipirona, Dipirona Monoidratada, Cafeina Anidra",Cifarma Cientifica Farmaceutica Ltda
Aberalgina,Similar,Analgesicos Nao Narcoticos,Dipirona,Airela Industria Farmaceutica Ltda.
Alivdip,Similar,Analgesicos Nao Narcoticos,Dipirona,Laboratorio Teuto Brasileiro S/A
Atroveran Dip,Similar,Analgesicos Nao Narcoticos,Dipirona,Cosmed Industria De Cosmeticos E Medicamentos S.A.
Conmel,Similar,Analgesicos Nao Narcoticos,Dipirona,Cosmed Industria De Cosmeticos E Medicamentos S.A.
Dipbe,Similar,Analgesicos Nao Narcoticos,Dipirona,Kymberg Farmaceutica Do Brasil Ltda
Dipidor,Similar,Analgesicos Nao Narcoticos,Dipirona,Hipolabor Farmaceutica Ltda
Dipiralgin,Similar,Analgesicos Nao Narcoticos,Dipirona,Ifal Industria E Comercio De Produtos Farmac Ltda
Dipironati,Similar,Analgesicos Nao Narcoticos,Dipirona,Nativita Ind. Com. Ltda.
Diprin,Similar,Analgesicos Nao Narcoticos,Dipirona,Geolab Industria Farmaceutica S/A
Dorfebril,Similar,Analgesicos Nao Narcoticos,Dipirona,1Farma Industria Farmaceutica Ltda
Duzor,Similar,Analgesicos Nao Narcoticos,Dipirona,Prati Donaduzzi & Cia Ltda
Lisador Dip,Similar,Analgesicos Nao Narcoticos,Dipirona,Cosmed Industria De Cosmeticos E Medicamentos S.A.
Magnopyrol,Similar,Analgesicos Nao Narcoticos,Dipirona,Cosmed Industria De Cosmeticos E Medicamentos S.A.
Nofebrin,Similar,Analgesicos Nao Narcoticos,Dipirona,Legrand Pharma Industria Farmaceutica Ltda
Anador,Similar,Analgesicos Nao Narcoticos,Dipirona Monoidratada,Opella Healthcare Brazil Ltda
Atroveran Dip,Similar,Analgesicos Nao Narcoticos,Dipirona Monoidratada,Cosmed Industria De Cosmeticos E Medicamentos S.A.
Diprin,Similar,Analgesicos Nao Narcoticos,Dipirona Monoidratada,Geolab Industria Farmaceutica S/A
Dorageo,Similar,Analgesicos Nao Narcoticos,Dipirona Monoidratada,Geolab Industria Farmaceutica S/A
Doralex,Similar,Analgesicos Nao Narcoticos,Dipirona Monoidratada,Vitamedic Industria Farmaceutica Ltda
Dorflex Dip,Similar,Analgesicos Nao Narcoticos,Dipirona Monoidratada,Opella Healthcare Brazil Ltda
Dorflex Uno,Similar,Analgesicos Nao Narcoticos,Dipirona Monoidratada,Opella Healthcare Brazil Ltda
Doricin Uno,Similar,Analgesicos Nao Narcoticos,Dipirona Monoidratada,Ems S/A
Dorilen Dip,Similar,Analgesicos Nao Narcoticos,Dipirona Monoidratada,Legrand Pharma Industria Farmaceutica Ltda
Hynalgin,Similar,Analgesicos Nao Narcoticos,Dipirona Monoidratada,Hypofarma - Instituto De Hypodermia E Farmacia Ltda
Lisador Dip,Similar,Analgesicos Nao Narcoticos,Dipirona Monoidratada,Cosmed Industria De Cosmeticos E Medicamentos S.A.
Miorrelax Uno,Similar,Analgesicos Nao Narcoticos,Dipirona Monoidratada,Brainfarma Industria Quimica E Farmaceutica S.A
Mirador,Similar,Analgesicos Nao Narcoticos,Dipirona Monoidratada,Brainfarma Industria Quimica E Farmaceutica S.A
Multipiral,Similar,Analgesicos Nao Narcoticos,Dipirona Monoidratada,Multilab Industria E Comercio De Produtos Farmaceuticos Ltda
Neosaldina Dip,Similar,Analgesicos Nao Narcoticos,Dipirona Monoidratada,Cosmed Industria De Cosmeticos E Medicamentos S.A.
Nevralgex Dip,Similar,Analgesicos Nao Narcoticos,Dipirona Monoidratada,Cimed Industria S.A
Termopirona,Similar,Analgesicos Nao Narcoticos,Dipirona Monoidratada,Brainfarma Industria Quimica E Farmaceutica S.A
Doralgina Dipcaf,Similar,Analgesicos Nao Narcoticos,"Dipirona Monoidratada, Cafeina",Brainfarma Industria Quimica E Farmaceutica S.A
Doril Dc 500,Similar,Analgesicos Nao Narcoticos,"Dipirona Monoidratada, Cafeina",Cosmed Industria De Cosmeticos E Medicamentos S.A.
Doralgina,Similar,Analgesicos Nao Narcoticos,"Dipirona Monoidratada, Mucato De Isometepteno, Cafeina Anidra",Brainfarma Industria Quimica E Farmaceutica S.A
Dorona Cafi,Similar,Analgesicos Nao Narcoticos,"Dipirona, Cafeina",Brainfarma Industria Quimica E Farmaceutica S.A
Lisador,Similar,Analgesicos Nao Narcoticos,"Dipirona, Cloridrato De Prometazina, Cloridrato De Adifenina",Cosmed Industria De Cosmeticos E Medicamentos S.A.
Difebril,Similar,Analgesicos,"Dipirona, Dipirona Monoidratada",Cifarma Cientifica Farmaceutica Ltda
Furp- Dipirona,Similar,Analgesicos,"Dipirona, Dipirona Monoidratada",Fundacao Para O Remedio Popular - Furp
Dorilen,Similar,Analgesicos Nao Narcoticos,"Dipirona, Dipirona Monoidratada, Cloridrato De Adifenina, Cloridrato De Prometazina",Legrand Pharma Industria Farmaceutica Ltda
Doriless,Similar,Analgesicos Nao Narcoticos,"Dipirona, Dipirona Monoidratada, Cloridrato De Adifenina, Cloridrato De Prometazina",Cifarma Cientifica Farmaceutica Ltda
Adlyv,Similar,Analgesicos Nao Narcoticos,Ibuprofeno,
Advil,Similar,Analgesicos Nao Narcoticos,Ibuprofeno,Pf Consumer Healthcare Brazil Importadora E Distribuidora De Me
Algy Gotas,Similar,Analgesicos Nao Narcoticos,Ibuprofeno,Vitamedic Industria Farmaceutica Ltda
Alivium,Similar,Analgesicos Nao Narcoticos,Ibuprofeno,
Aludor,Similar,Analgesicos Nao Narcoticos,Ibuprofeno,Cifarma Cientifica Farmaceutica Ltda
Alyviazes,Similar,Analgesicos Nao Narcoticos,Ibuprofeno,Airela Industria Farmaceutica Ltda.
Atiovil,Similar,Analgesicos Nao Narcoticos,Ibuprofeno,
Atrofem,Similar,Analgesicos Nao Narcoticos,Ibuprofeno,Cosmed Industria De Cosmeticos E Medicamentos S.A.
Buprolivium,Similar,Analgesicos Nao Narcoticos,Ibuprofeno,Kley Hertz Farmaceutica S.A
Buprovil,Similar,Analgesicos Nao Narcoticos,Ibuprofeno,Multilab Industria E Comercio De Produtos Farmaceuticos Ltda
Doraliv,Similar,Analgesicos Nao Narcoticos,Ibuprofeno,Ache Laboratorios Farmaceuticos S.A
Ibruve,Similar,Analgesicos Nao Narcoticos,Ibuprofeno,Kymberg Farmaceutica Do Brasil Ltda
Ibucaps,Similar,Analgesicos Nao Narcoticos,Ibuprofeno,
Ibuflex,Similar,Analgesicos Nao Narcoticos,Ibuprofeno,Legrand Pharma Industria Farmaceutica Ltda
Ibufran,Similar,Analgesicos Nao Narcoticos,Ibuprofeno,
Ibuliv,Similar,Analgesicos Nao Narcoticos,Ibuprofeno,
Ibuprotrat,Similar,Analgesicos Nao Narcoticos,Ibuprofeno,Natulab Laboratorio S.A
Ibuprotrat Cm,Similar,Analgesicos Nao Narcoticos,Ibuprofeno,Natulab Laboratorio S.A
Ibuvix,Similar,Analgesicos Nao Narcoticos,Ibuprofeno,Geolab Industria Farmaceutica S/A
Novalfem,Similar,Analgesicos Nao Narcoticos,Ibuprofeno,Opella Healthcare Brazil Ltda
Pralivio,Similar,Analgesicos Nao Narcoticos,Ibuprofeno,Cimed Industria S.A
Pralivio Mulher,Similar,Analgesicos Nao Narcoticos,Ibuprofeno,Cimed Industria S.A
Vantil,Similar,Analgesicos Nao Narcoticos,Ibuprofeno,1Farma Industria Farmaceutica Ltda
Spidufen Limao Cola,Similar,Analgesicos Nao Narcoticos,Ibuprofeno Arginina,Zambon Laboratorios Farmaceuticos Ltda.
Spidufen Oro,Similar,Analgesicos Nao Narcoticos,Ibuprofeno Arginina,Zambon Laboratorios Farmaceuticos Ltda.
Dualgi,Similar,Analgesicos Nao Narcoticos,"Ibuprofeno, Paracetamol",Eurofarma Laboratorios S.A.
Luftafem,Similar,Analgesicos Nao Narcoticos,"Ibuprofeno, Paracetamol",Reckitt Benckiser (Brasil) Ltda
Cyfenol Baby,Similar,Analgesicos,Paracetamol,Cifarma Cientifica Farmaceutica Ltda
Dorsanol,Similar,Analgesicos,Paracetamol,Multilab Industria E Comercio De Produtos Farmaceuticos Ltda
Emsgrip,Similar,Analgesicos,Paracetamol,Ems S/A
Iquego - Paracetamol,Similar,Analgesicos,Paracetamol,Industria Quimica Do Estado De Goias S/A - Iquego
Multigrip Dor E Febre,Similar,Analgesicos,Paracetamol,Multilab Industria E Comercio De Produtos Farmaceuticos Ltda
Resfenol Thermus,Similar,Analgesicos,Paracetamol,Kley Hertz Farmaceutica S.A
Stilgrip Cha,Similar,Analgesicos,Paracetamol,Kley Hertz Farmaceutica S.A
Tilenati,Similar,Analgesicos,Paracetamol,Nativita Ind. Com. Ltda.
Tylalgin,Similar,Analgesicos,Paracetamol,Geolab Industria Farmaceutica S/A
Tylidol,Similar,Analgesicos,Paracetamol,Laboratorio Teuto Brasileiro S/A
Doril Enxaqueca,Similar,Analgesicos Nao Narcoticos,"Paracetamol, Acido Acetilsalicilico, Cafeina",Cosmed Industria De Cosmeticos E Medicamentos S.A.
Migrainex,Similar,Analgesicos Nao Narcoticos,"Paracetamol, Acido Acetilsalicilico, Cafeina",Cosmed Industria De Cosmeticos E Medicamentos S.A.
Tylalgin Caf,Similar,Analgesicos Nao Narcoticos,"Paracetamol, Cafeina",Geolab Industria Farmaceutica S/A
Benegrip Multi Dia,Similar,Analgesicos Nao Narcoticos,"Paracetamol, Cloridrato De Fenilefrina",Cosmed Industria De Cosmeticos E Medicamentos S.A.
Cimegripe Dia,Similar,Analgesicos Nao Narcoticos,"Paracetamol, Cloridrato De Fenilefrina",Cimed Industria S.A
Coristina Dia,Similar,Analgesicos Nao Narcoticos,"Paracetamol, Cloridrato De Fenilefrina",Cosmed Industria De Cosmeticos E Medicamentos S.A.
Fluviral Dia,Similar,Analgesicos Nao Narcoticos,"Paracetamol, Cloridrato De Fenilefrina",Cosmed Industria De Cosmeticos E Medicamentos S.A.
Multigrip Max,Similar,Analgesicos Nao Narcoticos,"Paracetamol, Cloridrato De Fenilefrina",Multilab Industria E Comercio De Produtos Farmaceuticos Ltda
Naldecon Multi,Similar,Analgesicos Nao Narcoticos,"Paracetamol, Cloridrato De Fenilefrina",Reckitt Benckiser (Brasil) Ltda
Neolefrin Dia,Similar,Analgesicos Nao Narcoticos,"Paracetamol, Cloridrato De Fenilefrina",Brainfarma Industria Quimica E Farmaceutica S.A
Pratco,Similar,Analgesicos Narcoticos,"Paracetamol, Fosfato De Codeina Hemi-Hidratado",Cosmed Industria De Cosmeticos E Medicamentos S.A.
Cicladol,Similar,Analgesicos Nao Narcoticos,Piroxicam Betaciclodextrina,Chiesi Farmaceutica Ltda
Totti Odg,Similar,Antinflamatorios,Trometamol Cetorolaco,Ache Laboratorios Farmaceuticos S.A
Dipirona Sodica,Similar,Analgesicos Nao Narcoticos,Dipirona,Industria Quimica Do Estado De Goias S/A - Iquego
Lusanda,Similar,Analgesicos,Buprenorfina,Adium S.A.
Norpatch,Similar,Analgesicos,Buprenorfina,Mundipharma Brasil Produtos Medicos E Farmaceuticos Ltda
Anesfent,Similar,Analgesicos Narcoticos,Citrato De Fentanila,Laboratorio Teuto Brasileiro S/A
Tranil,Similar,Analgesicos Narcoticos,Citrato De Fentanila,Hipolabor Farmaceutica Ltda
Unifental,Similar,Analgesicos Narcoticos,Citrato De Fentanila,Uniao Quimica Farmaceutica Nacional S/A
Nilperidol,Similar,Analgesicos Narcoticos,"Citrato De Fentanila, Droperidol",Cristalia Produtos Quimicos Farmaceuticos Ltda.
Fentanest,Similar,Analgesicos Narcoticos,"Citrato De Fentanila, Fentanila",Cristalia Produtos Quimicos Farmaceuticos Ltda.
Fastfen,Similar,Anestesicos Gerais Injetaveis,Citrato De Sufentanila,Cristalia Produtos Quimicos Farmaceuticos Ltda.
Alfast,Similar,Anestesicos Gerais Injetaveis,Cloridrato De Alfentanila Monoidratada,Cristalia Produtos Quimicos Farmaceuticos Ltda.
Mytedom,Similar,Analgesicos Narcoticos,Cloridrato De Metadona,Cristalia Produtos Quimicos Farmaceuticos Ltda.
Nalbli,Similar,Analgesicos Narcoticos,Cloridrato De Nalbufina,Halex Istar Industria Farmaceutica Sa
Nubain,Similar,Analgesicos Narcoticos,Cloridrato De Nalbufina,Cristalia Produtos Quimicos Farmaceuticos Ltda.
Oxypynal,Similar,Analgesicos Narcoticos,Cloridrato De Oxicodona,Adium S.A.
Dolosal,Similar,Analgesicos Narcoticos,Cloridrato De Petidina,Cristalia Produtos Quimicos Farmaceuticos Ltda.
Relyon,Similar,Analgesicos Narcoticos,Cloridrato De Remifentanila,Ache Laboratorios Farmaceuticos S.A
Remifas,Similar,Analgesicos Narcoticos,Cloridrato De Remifentanila,Cristalia Produtos Quimicos Farmaceuticos Ltda.
Remistesi,Similar,Analgesicos Narcoticos,Cloridrato De Remifentanila,Uniao Quimica Farmaceutica Nacional S/A
Gesico,Similar,Analgesicos Narcoticos,Cloridrato De Tramadol,Eurofarma Laboratorios S.A.
Novotram,Similar,Analgesicos Narcoticos,Cloridrato De Tramadol,Cosmed Industria De Cosmeticos E Medicamentos S.A.
Tramadon,Similar,Analgesicos Narcoticos,Cloridrato De Tramadol,Cristalia Produtos Quimicos Farmaceuticos Ltda.
Tramaliv,Similar,Analgesicos Narcoticos,Cloridrato De Tramadol,Laboratorio Teuto Brasileiro S/A
Traum,Similar,Analgesicos Narcoticos,Cloridrato De Tramadol,Ache Laboratorios Farmaceuticos S.A
Trol,Similar,Analgesicos Narcoticos,Cloridrato De Tramadol,Supera Farma Laboratorios S.A
Zytra,Similar,Analgesicos Narcoticos,Cloridrato De Tramadol,Zydus Nikkho Farmaceutica Ltda
Nusira,Similar,Analgesicos Narcoticos,"Cloridrato De Tramadol, Diclofenaco Sodico",Adium S.A.
Atrace,Similar,Analgesicos Narcoticos,"Cloridrato De Tramadol, Paracetamol",Eurofarma Laboratorios S.A.
Controltrat,Similar,Analgesicos Narcoticos,"Cloridrato De Tramadol, Paracetamol",Myralis Industria Farmaceutica Ltda
Gesico Duo,Similar,Analgesicos Narcoticos,"Cloridrato De Tramadol, Paracetamol",Eurofarma Laboratorios S.A.
Novotram Par,Similar,Analgesicos Narcoticos,"Cloridrato De Tramadol, Paracetamol",Cosmed Industria De Cosmeticos E Medicamentos S.A.
Trol Par,Similar,Analgesicos Narcoticos,"Cloridrato De Tramadol, Paracetamol",Supera Farma Laboratorios S.A
Cod,Similar,Analgesicos Narcoticos,Fosfato De Codeina Hemi-Hidratado,Supera Farma Laboratorios S.A
Kopax,Similar,Analgesicos Narcoticos,"Fosfato De Codeina, Paracetamol",Germed Farmaceutica Ltda
Paraldrin,Similar,Analgesicos Narcoticos,"Fosfato De Codeina, Paracetamol",Legrand Pharma Industria Farmaceutica Ltda
Combfix,Similar,Analgesicos Narcoticos,"Paracetamol, Cloridrato De Tramadol",Ache Laboratorios Farmaceuticos S.A
Daisan,Similar,Analgesicos Narcoticos,"Paracetamol, Cloridrato De Tramadol",Daiichi Sankyo Brasil Farmaceutica Ltda
Revange,Similar,Analgesicos Narcoticos,"Paracetamol, Cloridrato De Tramadol",Ache Laboratorios Farmaceuticos S.A
Tilestal,Similar,Analgesicos Narcoticos,"Paracetamol, Cloridrato De Tramadol",Myralis Industria Farmaceutica Ltda
Agud,Similar,Analgesicos Narcoticos,"Paracetamol, Fosfato De Codeina",Biolab Sanus Farmaceutica Ltda
Algicod,Similar,Analgesicos Narcoticos,"Paracetamol, Fosfato De Codeina",Eurofarma Laboratorios S.A.
Cod Par,Similar,Analgesicos Narcoticos,"Paracetamol, Fosfato De Codeina",Supera Farma Laboratorios S.A
Codylex,Similar,Analgesicos Narcoticos,"Paracetamol, Fosfato De Codeina",Geolab Industria Farmaceutica S/A
Evorel,Similar,Analgesicos Narcoticos,"Paracetamol, Fosfato De Codeina",Cellera Farmaceutica S.A.
Paco,Similar,Analgesicos Narcoticos,"Paracetamol, Fosfato De Codeina",Eurofarma Laboratorios S.A.
Codex,Similar,Analgesicos Narcoticos,"Paracetamol, Fosfato De Codeina Hemi-Hidratado",Uniao Quimica Farmaceutica Nacional S/A
Dimorf,Similar,Analgesicos Narcoticos,Sulfato De Morfina Pentaidratado,Cristalia Produtos Quimicos Farmaceuticos Ltda.
Dolo Moff,Similar,Analgesicos Narcoticos,Sulfato De Morfina Pentaidratado,Uniao Quimica Farmaceutica Nacional S/A
Oppy,Similar,Analgesicos Narcoticos,Sulfato De Morfina Pentaidratado,Laboratorio Teuto Brasileiro S/A
Sigmacalcidol,Similar,Analogo Sintetico Da Vitamina D,Alfacalcidol,Ems Sigma Pharma Ltda
Ferane 35,Similar,Estrogenos Assocs  A Outros Farmacos Exclusive Androgenos,"Acetato De Ciproterona, Etinilestradiol",Cifarma Cientifica Farmaceutica Ltda
Atesto,Similar,Androgenos Simples,Undecilato De Testosterona,Supera Farma Laboratorios S.A
Daem,Similar,Androgenos Simples,Undecilato De Testosterona,Eurofarma Laboratorios S.A.
Hormus,Similar,Androgenos Simples,Undecilato De Testosterona,Eurofarma Laboratorios S.A.
Tezdro,Similar,Androgenos Simples,Undecilato De Testosterona,Cosmed Industria De Cosmeticos E Medicamentos S.A.
Oxinest,Similar,Anestesicos,Cloridrato De Oxibuprocaina,Cristalia Produtos Quimicos Farmaceuticos Ltda.
Ketamin,Similar,Anestesicos Gerais Injetaveis,"Cloridrato De Arcetamina, Cloridrato De Escetamina",Cristalia Produtos Quimicos Farmaceuticos Ltda.
Ketah,Similar,Antidepressivos,Cloridrato De Escetamina,Uniao Quimica Farmaceutica Nacional S/A
Ketah Lc,Similar,Antidepressivos,Cloridrato De Escetamina,Uniao Quimica Farmaceutica Nacional S/A
Fresofol,Similar,Anestesicos Gerais Injetaveis,Propofol,Fresenius Kabi Brasil Ltda
Hyfol,Similar,Anestesicos Gerais Injetaveis,Propofol,Brainfarma Industria Quimica E Farmaceutica S.A
Lipuro,Similar,Anestesicos Gerais Injetaveis,Propofol,Laboratorios B. Braun S/A
Oponap®,Similar,Anestesicos Gerais Injetaveis,Propofol,Camber Farmaceutica Ltda
Profolen,Similar,Anestesicos Gerais Injetaveis,Propofol,Blau Farmaceutica S.A.
Propotil,Similar,Anestesicos Gerais Injetaveis,Propofol,Midfarma Produtos Farmaceuticos Ltda
Propovan,Similar,Anestesicos Gerais Injetaveis,Propofol,Cristalia Produtos Quimicos Farmaceuticos Ltda.
Provive,Similar,Anestesicos Gerais Injetaveis,Propofol,Uniao Quimica Farmaceutica Nacional S/A
Spiva Mct-Lct,Similar,Anestesicos Gerais Injetaveis,Propofol,Baxter Hospitalar Ltda
Thiopentax,Similar,Anestesicos Gerais Injetaveis,Tiopental Sodico,Cristalia Produtos Quimicos Farmaceuticos Ltda.
Enfluran,Similar,Anestesicos Gerais Volateis E Gasosos,Enflurano,Cristalia Produtos Quimicos Farmaceuticos Ltda.
Isoforine,Similar,Anestesicos Gerais Volateis E Gasosos,Isoflurano,Cristalia Produtos Quimicos Farmaceuticos Ltda.
Sevocris,Similar,Anestesicos Gerais Volateis E Gasosos,Sevoflurano,Cristalia Produtos Quimicos Farmaceuticos Ltda.
Sevoness,Similar,Anestesicos Gerais Volateis E Gasosos,Sevoflurano,Baxter Hospitalar Ltda
Sevoq,Similar,Anestesicos Gerais Volateis E Gasosos,Sevoflurano,Cristalia Produtos Quimicos Farmaceuticos Ltda.
Voflur,Similar,Anestesicos Gerais Volateis E Gasosos,Sevoflurano,Uniao Quimica Farmaceutica Nacional S/A
Benzotop,Similar,Anestesicos Locais,"Benzocaina, Aroma De Framboesa",Dfl Industria E Comercio S/A
Tradinol,Similar,Anestesicos Locais,"Bupivacaina, Cloridrato De Bupivacaina",Hipolabor Farmaceutica Ltda
Articaine,Similar,Anestesicos Locais,"Cloridrato De Articaina, Epinefrina",Dfl Industria E Comercio S/A
Bupican,Similar,Anestesicos Locais,Cloridrato De Bupivacaina,Uniao Quimica Farmaceutica Nacional S/A
Bupstesic,Similar,Anestesicos Locais,Cloridrato De Bupivacaina,Uniao Quimica Farmaceutica Nacional S/A
Hypobup,Similar,Anestesicos Locais,Cloridrato De Bupivacaina Monoidratado,Hypofarma - Instituto De Hypodermia E Farmacia Ltda
Hypobup H,Similar,Anestesicos Locais,Cloridrato De Bupivacaina Monoidratado,Hypofarma - Instituto De Hypodermia E Farmacia Ltda
Neocaina,Similar,Anestesicos Locais,Cloridrato De Bupivacaina Monoidratado,Cristalia Produtos Quimicos Farmaceuticos Ltda.
Bupstesic Com Vaso,Similar,Anestesicos Locais,"Cloridrato De Bupivacaina, Epinefrina, Hemitartarato De Epinefrina",Uniao Quimica Farmaceutica Nacional S/A
Neocaina Pesada,Similar,Anestesicos Locais,"Cloridrato De Bupivacaina, Glicose",Cristalia Produtos Quimicos Farmaceuticos Ltda.
Neocaina Com Vasoconstritor,Similar,Anestesicos Locais,"Cloridrato De Bupivacaina, Hemitartarato De Epinefrina",Cristalia Produtos Quimicos Farmaceuticos Ltda.
Novabupi (Sem Vasoconstritor),Similar,Anestesicos Locais,Cloridrato De Levobupivacaina,Cristalia Produtos Quimicos Farmaceuticos Ltda.
Lidial,Similar,Anestesicos Locais,Cloridrato De Lidocaina,Cellera Farmaceutica S.A.
Lidogel,Similar,Anestesicos Locais,Cloridrato De Lidocaina Monoidratada,Brainfarma Industria Quimica E Farmaceutica S.A
Ss White 100,Similar,Anestesicos Locais,"Cloridrato De Lidocaina, Cloridrato De Fenilefrina",S S White Artigos Dentarios S/A
Lidojet,Similar,Anestesicos Locais,"Cloridrato De Lidocaina, Cloridrato De Lidocaina Monoidratada",Uniao Quimica Farmaceutica Nacional S/A
Labcaina,Similar,Anestesicos Locais,"Cloridrato De Lidocaina, Cloridrato De Lidocaina Monoidratada , Lidocaina",Pharlab Industria Farmaceutica S.A.
Xylestesin,Similar,Anestesicos Locais,"Cloridrato De Lidocaina, Cloridrato De Lidocaina Monoidratada , Lidocaina",Cristalia Produtos Quimicos Farmaceuticos Ltda.
Alphacaine,Similar,Anestesicos Locais,"Cloridrato De Lidocaina, Epinefrina",Dfl Industria E Comercio S/A
Xylestesin Pesada,Similar,Anestesicos Locais,"Cloridrato De Lidocaina, Glicose Anidra",Cristalia Produtos Quimicos Farmaceuticos Ltda.
Hypocaina,Similar,Anestesicos Locais,"Cloridrato De Lidocaina, Hemitartarato De Epinefrina, Edetato De Sodio",Hypofarma - Instituto De Hypodermia E Farmacia Ltda
Xylestesin Com Norepinefrina,Similar,Anestesicos Locais,"Cloridrato De Lidocaina, Hemitartarato De Norepinefrina",Cristalia Produtos Quimicos Farmaceuticos Ltda.
Xylestesin,Similar,Anestesicos Locais,"Cloridrato De Lidocaina, Lidocaina, Glicose Anidra, Hemitartarato De Epinefrina, Hemitartarato De Norepinefrina, Norepinefrina",Cristalia Produtos Quimicos Farmaceuticos Ltda.
Mepicain 3%,Similar,Anestesicos Locais,Cloridrato De Mepivacaina,Cristalia Produtos Quimicos Farmaceuticos Ltda.
Mepisv,Similar,Anestesicos Locais,Cloridrato De Mepivacaina,Dfl Industria E Comercio S/A
Mepivalem 3 % Sv,Similar,Anestesicos Locais,Cloridrato De Mepivacaina,Dla Pharmaceutical Ltda
Mepiadre,Similar,Anestesicos Locais,"Cloridrato De Mepivacaina, Epinefrina",Dfl Industria E Comercio S/A
Mepivalem Ad,Similar,Anestesicos Locais,"Cloridrato De Mepivacaina, Epinefrina",Dla Pharmaceutical Ltda
Citocaina,Similar,Anestesicos Locais,"Cloridrato De Prilocaina, Felipressina",Cristalia Produtos Quimicos Farmaceuticos Ltda.
Prilonest,Similar,Anestesicos Locais,"Cloridrato De Prilocaina, Felipressina",Dfl Industria E Comercio S/A
Anestalcon,Similar,Anestesicos Locais,Cloridrato De Proximetacaina,Novartis Biociencias S.A
Opivac,Similar,Anestesicos Locais,Cloridrato De Ropivacaina,Laboratorio Teuto Brasileiro S/A
Hyrovi,Similar,Anestesicos Locais,Cloridrato De Ropivacaina Monoidratado,Hypofarma - Instituto De Hypodermia E Farmacia Ltda
Ropi,Similar,Anestesicos Locais,"Cloridrato De Ropivacaina, Cloridrato De Ropivacaina Monoidratado",Cristalia Produtos Quimicos Farmaceuticos Ltda.
Dordente,Similar,Anestesicos Locais,"Fenol, Procaina",Hearst Laboratorios Do Brasil Ltda
Lidopass,Similar,Anestesicos,Lidocaina,1Farma Industria Farmaceutica Ltda
Medicaina,Similar,Anestesicos Locais,"Lidocaina, Prilocaina",Cristalia Produtos Quimicos Farmaceuticos Ltda.
Skincaine,Similar,Anestesicos Locais,"Lidocaina, Tetracaina",Cristalia Produtos Quimicos Farmaceuticos Ltda.
Nopasure,Similar,Anestesicos Locais,Cloridrato De Lidocaina,Camber Farmaceutica Ltda
Biomag,Similar,Anorexicos Simples,Cloridrato De Sibutramina,Ache Laboratorios Farmaceuticos S.A
Nolipo,Similar,Anorexicos Simples,Cloridrato De Sibutramina Monoidratado,Laboratorio Teuto Brasileiro S/A
Sibus,Similar,Anorexicos Simples,Cloridrato De Sibutramina Monoidratado,Eurofarma Laboratorios S.A.
Sigran,Similar,Anorexicos Simples,Cloridrato De Sibutramina Monoidratado,Germed Farmaceutica Ltda
Vazy,Similar,Anorexicos Simples,Cloridrato De Sibutramina Monoidratado,Ems Sigma Pharma Ltda
Slenfig,Similar,Anorexicos Simples,"Cloridrato De Sibutramina, Cloridrato De Sibutramina Monoidratado",Torrent Do Brasil Ltda
Alfron,Similar,Ansioliticos Simples,Alprazolam,Ems Sigma Pharma Ltda
Apraz,Similar,Ansioliticos Simples,Alprazolam,Cosmed Industria De Cosmeticos E Medicamentos S.A.
Tranquinal,Similar,Ansioliticos Simples,Alprazolam,Laboratorios Bago Do Brasil S/A
Zoldac,Similar,Ansioliticos Simples,Alprazolam,Zydus Nikkho Farmaceutica Ltda
Fluxtar,Similar,Ansioliticos Simples,Bromazepam,Diffucap - Chemobras Quimica E Farmaceutica Ltda
Lexma,Similar,Ansioliticos Simples,Bromazepam,Laboratorio Teuto Brasileiro S/A
Somalium,Similar,Ansioliticos Simples,Bromazepam,Ache Laboratorios Farmaceuticos S.A
Ansitec,Similar,Ansioliticos Simples,Cloridrato De Buspirona,Libbs Farmaceutica Ltda
Stima,Similar,Ansioliticos Simples,Cloridrato De Buspirona,Eurofarma Laboratorios S.A.
Tague,Similar,Ansioliticos Simples,Cloridrato De Buspirona,Supera Farma Laboratorios S.A
Dalmadorm,Similar,Ansioliticos Simples,Cloridrato De Flurazepam,Medquimica Industria Farmaceutica Ltda.
Dormire,Similar,Ansioliticos Simples,"Cloridrato De Midazolam, Maleato De Midazolam",Cristalia Produtos Quimicos Farmaceuticos Ltda.
Compaz,Similar,Ansioliticos Simples,Diazepam,Cristalia Produtos Quimicos Farmaceuticos Ltda.
Diazepam Nq,Similar,Ansioliticos Simples,Diazepam,Ems Sigma Pharma Ltda
Far Manguinhos-Diazepam,Similar,Ansioliticos Simples,Diazepam,Fundacao Oswaldo Cruz
Furp-Diazepam,Similar,Ansioliticos Simples,Diazepam,Fundacao Para O Remedio Popular - Furp
Relapax,Similar,Ansioliticos Simples,Diazepam,Cazi Quimica Farmaceutica Industria E Comercio Ltda
Santiazepam,Similar,Ansioliticos Simples,Diazepam,Santisa Laboratorio Farmaceutico S/A
Uni-Diazepax,Similar,Ansioliticos Simples,Diazepam,Uniao Quimica Farmaceutica Nacional S/A
Ansirax,Similar,Ansioliticos Simples,Lorazepam,Laboratorio Teuto Brasileiro S/A
Dormium,Similar,Hipnoticos,"Maleato De Midazolam, Midazolam",Uniao Quimica Farmaceutica Nacional S/A
Sonebon,Similar,Ansioliticos Simples,Nitrazepam,Ems Sigma Pharma Ltda
Sulpan,Similar,Ansioliticos-Associacoes Medicamentosas,"Bromazepam, Sulpirida",Cosmed Industria De Cosmeticos E Medicamentos S.A.
Flumazil,Similar,Antagonista De Benzodiazepinas,Flumazenil,Cristalia Produtos Quimicos Farmaceuticos Ltda.
Flunexil,Similar,Antagonista De Benzodiazepinas,Flumazenil,Instituto Biochimico Industria Farmaceutica Ltda
Lenazen,Similar,Antagonista De Benzodiazepinas,Flumazenil,Laboratorio Teuto Brasileiro S/A
Berk,Similar,Anti-Fungicos,Acetato De Caspofungina,Eurofarma Laboratorios S.A.
Kazfona,Similar,Anti-Fungicos,Acetato De Caspofungina,Dr. Reddys Farmaceutica Do Brasil Ltda
Fresolcan,Similar,Antimicoticos Sistemicos,Fluconazol,Fresenius Kabi Brasil Ltda
Mycafrem,Similar,Anti-Fungicos,Micafungina Sodica,Accord Farmaceutica Ltda
Oxyderme,Similar,Emolientes E Protetores Da Pele E Mucosas,"Nistatina, Oxido De Zinco",Cifarma Cientifica Farmaceutica Ltda
Femmesil,Similar,Anti-Fungicos,Nitrato De Butoconazol,Ems S/A
Umma,Similar,Anti-Fungicos,Nitrato De Butoconazol,Cosmed Industria De Cosmeticos E Medicamentos S.A.
Unyca,Similar,Anti-Fungicos,Nitrato De Butoconazol,Cosmed Industria De Cosmeticos E Medicamentos S.A.
Micend,Similar,Antimicoticos Sistemicos,Voriconazol,Laboratorio Quimico Farmaceutico Bergamo Ltda
Albel,Similar,Anti-Helminticos Do Trato Gastrintestinal,Albendazol,Geolab Industria Farmaceutica S/A
Albentel,Similar,Anti-Helminticos Do Trato Gastrintestinal,Albendazol,Laboratorio Teuto Brasileiro S/A
Benzol,Similar,Anti-Helminticos Do Trato Gastrintestinal,Albendazol,Greenpharma Quimica E Farmaceutica Ltda
Elfi,Similar,Anti-Helminticos Do Trato Gastrintestinal,Albendazol,Prati Donaduzzi & Cia Ltda
Mebenix,Similar,Anti-Helminticos Do Trato Gastrintestinal,Albendazol,Cimed Industria S.A
Monozol,Similar,Anti-Helminticos Do Trato Gastrintestinal,Albendazol,Legrand Pharma Industria Farmaceutica Ltda
Parasin,Similar,Anti-Helminticos Do Trato Gastrintestinal,Albendazol,Ache Laboratorios Farmaceuticos S.A
Neometrodazol,Similar,Antiparasitarios,"Benzoilmetronidazol, Metronidazol",Brainfarma Industria Quimica E Farmaceutica S.A
Exelmin,Similar,Anti-Helminticos Do Trato Gastrintestinal,"Cambendazol, Mebendazol",Belfar Ltda
Belmirax,Similar,Anti-Helminticos Do Trato Gastrintestinal,Mebendazol,Belfar Ltda
Helmiben Meb,Similar,Anti-Helminticos Do Trato Gastrintestinal,Mebendazol,Eurofarma Laboratorios S.A.
Helmilab,Similar,Anti-Helminticos Do Trato Gastrintestinal,Mebendazol,Natulab Laboratorio S.A
Menbel,Similar,Anti-Helminticos Do Trato Gastrintestinal,Mebendazol,Geolab Industria Farmaceutica S/A
Mentelmin,Similar,Anti-Helminticos Do Trato Gastrintestinal,Mebendazol,Theodoro F Sobral & Cia Ltda
Pyr-Pam,Similar,Anti-Helminticos Do Trato Gastrintestinal,Pamoato De Pirvinio,Belfar Ltda
Far-Manguinhos Praziquantel,Similar,Anti-Helminticos Do Trato Gastrintestinal,Praziquantel,Fundacao Oswaldo Cruz
Telol,Similar,Betabloqueadores Simples,Atenolol,Geolab Industria Farmaceutica S/A
Tenolon,Similar,Betabloqueadores Simples,Atenolol,Vitamedic Industria Farmaceutica Ltda
Ablok Plus,Similar,Anti-Hipertensivos-Associacoes Medicamentosas,"Atenolol, Clortalidona",Biolab Sanus Farmaceutica Ltda
Amlodil,Similar,Anti-Hipertensivos Simples,Besilato De Anlodipino,Vitamedic Industria Farmaceutica Ltda
Amlovasc,Similar,Anti-Hipertensivos Simples,Besilato De Anlodipino,Sandoz Do Brasil Industria Farmaceutica Ltda
Press Plus,Similar,Anti-Hipertensivos,"Besilato De Anlodipino, Cloridrato De Benazepril",Biolab Sanus Farmaceutica Ltda
Hipovas,Similar,Anti-Hipertensivos-Associacoes Medicamentosas,"Besilato De Anlodipino, Losartana Potassica",Multilab Industria E Comercio De Produtos Farmaceuticos Ltda
Bospulmo,Similar,Anti-Hipertensivos,Bosentana Monoidratada,Sun Farmaceutica Do Brasil Ltda
Angiotensil Hct,Similar,Anti-Hipertensivos,"Candesartana Cilexetila, Hidroclorotiazida",Althaia S.A. Industria Farmaceutica
Vecande Hct,Similar,Anti-Hipertensivos,"Candesartana Cilexetila, Hidroclorotiazida",Germed Farmaceutica Ltda
Venzer Hct,Similar,Anti-Hipertensivos,"Candesartana Cilexetila, Hidroclorotiazida",Libbs Farmaceutica Ltda
Capox,Similar,Anti-Hipertensivos,Captopril,Geolab Industria Farmaceutica S/A
Captocord,Similar,Anti-Hipertensivos,Captopril,Laboratorio Globo Sa
Captosen,Similar,Anti-Hipertensivos,Captopril,Pharlab Industria Farmaceutica S.A.
Funed-Captopril,Similar,Anti-Hipertensivos,Captopril,Fundacao Ezequiel Dias - Funed
Iquego-Captopril,Similar,Anti-Hipertensivos,Captopril,Industria Quimica Do Estado De Goias S/A - Iquego
Lafesc-Captopril,Similar,Anti-Hipertensivos,Captopril,Secretaria De Estado Da Saude
Laqfa Captopril,Similar,Anti-Hipertensivos,Captopril,Laboratorio Quimico Farmaceutico Da Aeronautica
Cardbet,Similar,Anti-Hipertensivos,Carvedilol,Multilab Industria E Comercio De Produtos Farmaceuticos Ltda
Carvedilat,Similar,Anti-Hipertensivos,Carvedilol,Ems Sigma Pharma Ltda
Carvegran,Similar,Anti-Hipertensivos,Carvedilol,Legrand Pharma Industria Farmaceutica Ltda
Nienza,Similar,Anti-Hipertensivos,Carvedilol,Ache Laboratorios Farmaceuticos S.A
Lercan,Similar,Anti-Hipertensivos,Cloridrato De Lercanidipino,Multilab Industria E Comercio De Produtos Farmaceuticos Ltda
Bivolet,Similar,Anti-Hipertensivos,Cloridrato De Nebivolol,Biolab Sanus Farmaceutica Ltda
Nebic,Similar,Anti-Hipertensivos,Cloridrato De Nebivolol,Multilab Industria E Comercio De Produtos Farmaceuticos Ltda
Nebipre,Similar,Anti-Hipertensivos,Cloridrato De Nebivolol,Legrand Pharma Industria Farmaceutica Ltda
Nebitah,Similar,Anti-Hipertensivos,Cloridrato De Nebivolol,Ache Laboratorios Farmaceuticos S.A
Neblock,Similar,Anti-Hipertensivos,Cloridrato De Nebivolol,Torrent Do Brasil Ltda
Nyteb,Similar,Anti-Hipertensivos,Cloridrato De Nebivolol,Diffucap - Chemobras Quimica E Farmaceutica Ltda
Teubiliv,Similar,Anti-Hipertensivos,Cloridrato De Nebivolol,Laboratorio Teuto Brasileiro S/A
Amprax,Similar,Betabloqueadores Simples,Cloridrato De Propranolol,Vitamedic Industria Farmaceutica Ltda
Polol,Similar,Betabloqueadores Simples,Cloridrato De Propranolol,Geolab Industria Farmaceutica S/A
Indapen Sr,Similar,Diureticos Simples,Indapamida,Torrent Do Brasil Ltda
Bart H,Similar,Anti-Hipertensivos,"Irbesartana, Hidroclorotiazida",Eurofarma Laboratorios S.A.
Lorsacor,Similar,Anti-Hipertensivos Simples,"Losartan Potassico, Losartana Potassica",Sandoz Do Brasil Industria Farmaceutica Ltda
Arartan,Similar,Anti-Hipertensivos,Losartana Potassica,Geolab Industria Farmaceutica S/A
Corus,Similar,Anti-Hipertensivos,Losartana Potassica,Ache Laboratorios Farmaceuticos S.A
Cozaless,Similar,Anti-Hipertensivos,Losartana Potassica,Pharlab Industria Farmaceutica S.A.
Losacoron,Similar,Anti-Hipertensivos,Losartana Potassica,Vitamedic Industria Farmaceutica Ltda
Aradois H,Similar,Anti-Hipertensivos,"Losartana Potassica, Hidroclorotiazida",Biolab Sanus Farmaceutica Ltda
Lotanol Hct,Similar,Anti-Hipertensivos,"Losartana Potassica, Hidroclorotiazida",Laboratorio Teuto Brasileiro S/A
Zaarpress Hct,Similar,Anti-Hipertensivos,"Losartana Potassica, Hidroclorotiazida",Ems Sigma Pharma Ltda
Zartecore,Similar,Anti-Hipertensivos,"Losartana Potassica, Hidroclorotiazida",Cimed Industria S.A
Enalamed,Similar,Anti-Hipertensivos,Maleato De Enalapril,Cimed Industria S.A
Enaplex,Similar,Anti-Hipertensivos,Maleato De Enalapril,Pharlab Industria Farmaceutica S.A.
Pressel,Similar,Anti-Hipertensivos,Maleato De Enalapril,Legrand Pharma Industria Farmaceutica Ltda
Pryltec,Similar,Anti-Hipertensivos,Maleato De Enalapril,Geolab Industria Farmaceutica S/A
Renalapril,Similar,Anti-Hipertensivos,Maleato De Enalapril,Brainfarma Industria Quimica E Farmaceutica S.A
Renapril,Similar,Anti-Hipertensivos,Maleato De Enalapril,Vitamedic Industria Farmaceutica Ltda
Renopril,Similar,Anti-Hipertensivos,Maleato De Enalapril,Belfar Ltda
Sanvapress,Similar,Anti-Hipertensivos,Maleato De Enalapril,Hipolabor Farmaceutica Ltda
Co-Pressotec,Similar,Anti-Hipertensivos,"Maleato De Enalapril, Hidroclorotiazida",Laboratorio Teuto Brasileiro S/A
Vasopril Plus,Similar,Anti-Hipertensivos,"Maleato De Enalapril, Hidroclorotiazida",Biolab Sanus Farmaceutica Ltda
Doxuran,Similar,Outros Produtos Com Acao No Trato Urinario,Mesilato De Doxazosina,Sandoz Do Brasil Industria Farmaceutica Ltda
Duomo,Similar,Outros Produtos Com Acao No Trato Urinario,Mesilato De Doxazosina,Eurofarma Laboratorios S.A.
Pros,Similar,Outros Produtos Com Acao No Trato Urinario,Mesilato De Doxazosina,Supera Farma Laboratorios S.A
Tensioval,Similar,Anti-Hipertensivos,Metildopa Sesqui-Hidratada,Hipolabor Farmaceutica Ltda
Nitrencord,Similar,Antianginosos E Vasodilatadores,Nitrendipino,Ache Laboratorios Farmaceuticos S.A
Asea,Similar,Anti-Hipertensivos,Olmesartana Medoxomila,Supera Farma Laboratorios S.A
Belcor,Similar,Anti-Hipertensivos,Olmesartana Medoxomila,Laboratorios Baldacci Ltda
Biolme,Similar,Anti-Hipertensivos,Olmesartana Medoxomila,Biolab Sanus Farmaceutica Ltda
Fluxocor,Similar,Anti-Hipertensivos,Olmesartana Medoxomila,Sanofi Medley Farmaceutica Ltda.
Hipoxomil,Similar,Anti-Hipertensivos,Olmesartana Medoxomila,Multilab Industria E Comercio De Produtos Farmaceuticos Ltda
Holmes,Similar,Anti-Hipertensivos,Olmesartana Medoxomila,Eurofarma Laboratorios S.A.
Olmecor,Similar,Anti-Hipertensivos,Olmesartana Medoxomila,Torrent Do Brasil Ltda
Olmedix,Similar,Anti-Hipertensivos,Olmesartana Medoxomila,Ems S/A
Olmegran,Similar,Anti-Hipertensivos,Olmesartana Medoxomila,Legrand Pharma Industria Farmaceutica Ltda
Olmy,Similar,Anti-Hipertensivos,Olmesartana Medoxomila,Ems Sigma Pharma Ltda
Olsar,Similar,Anti-Hipertensivos,Olmesartana Medoxomila,Eurofarma Laboratorios S.A.
Olzicar Hct,Similar,Anti-Hipertensivos-Associacoes Medicamentosas,"Olmesartana Medoxomila, Hidroclorotiazida",Cosmed Industria De Cosmeticos E Medicamentos S.A.
Naprix,Similar,Anti-Hipertensivos,Ramipril,Libbs Farmaceutica Ltda
Bramicar,Similar,Anti-Hipertensivos,Telmisartana,Ems Sigma Pharma Ltda
Telmisart,Similar,Anti-Hipertensivos,Telmisartana,Ems S/A
Funed Metildopa,Similar,Anti-Hipertensivos Simples,Alfa Metildopa,Fundacao Ezequiel Dias - Funed
Atenopress,Similar,Betabloqueadores Simples,Atenolol,Sandoz Do Brasil Industria Farmaceutica Ltda
Nemodine,Similar,Anti-Hipertensivos Simples,Besilato De Amlodipina,Diffucap - Chemobras Quimica E Farmaceutica Ltda
Pressat,Similar,Anti-Hipertensivos Simples,"Besilato De Amlodipina, Besilato De Anlodipino",Biolab Sanus Farmaceutica Ltda
Alivpress,Similar,Anti-Hipertensivos Simples,Besilato De Anlodipino,Cimed Industria S.A
Anlo,Similar,Anti-Hipertensivos Simples,Besilato De Anlodipino,Ems Sigma Pharma Ltda
Anlofec,Similar,Anti-Hipertensivos Simples,Besilato De Anlodipino,Prati Donaduzzi & Cia Ltda
Anlusbed,Similar,Anti-Hipertensivos Simples,Besilato De Anlodipino,Multilab Industria E Comercio De Produtos Farmaceuticos Ltda
Besilapin,Similar,Anti-Hipertensivos Simples,Besilato De Anlodipino,Geolab Industria Farmaceutica S/A
Cordarex,Similar,Anti-Hipertensivos Simples,Besilato De Anlodipino,Ache Laboratorios Farmaceuticos S.A
Koprexx,Similar,Anti-Hipertensivos Simples,Besilato De Anlodipino,Ache Laboratorios Farmaceuticos S.A
Roxflan,Similar,Anti-Hipertensivos Simples,Besilato De Anlodipino,Merck S/A
Tenlopin,Similar,Anti-Hipertensivos Simples,Besilato De Anlodipino,Laboratorio Teuto Brasileiro S/A
Tensaliv,Similar,Anti-Hipertensivos Simples,Besilato De Anlodipino,Brainfarma Industria Quimica E Farmaceutica S.A
Atelop,Similar,Anti-Hipertensivos Simples,Besilato De Levanlodipino,Ems S/A
Cor-Select,Similar,Anti-Hipertensivos Simples,Besilato De Levanlodipino,Biolab Sanus Farmaceutica Ltda
Lefor,Similar,Anti-Hipertensivos Simples,Besilato De Levanlodipino,Ems S/A
Levamz,Similar,Anti-Hipertensivos Simples,Besilato De Levanlodipino Hemipentaidratado,Torrent Do Brasil Ltda
Persur,Similar,Anti-Hipertensivos Simples,Besilato De Levanlodipino Hemipentaidratado,Cosmed Industria De Cosmeticos E Medicamentos S.A.
Vecande,Similar,Anti-Hipertensivos Simples,Candesartana Cilexetila,Germed Farmaceutica Ltda
Venzer,Similar,Anti-Hipertensivos Simples,Candesartana Cilexetila,Libbs Farmaceutica Ltda
Captolab,Similar,Anti-Hipertensivos,Captopril,Multilab Industria E Comercio De Produtos Farmaceuticos Ltda
Captomed,Similar,Anti-Hipertensivos,Captopril,Cimed Industria S.A
Captomido,Similar,Anti-Hipertensivos,Captopril,Belfar Ltda
Furp-Captopril,Similar,Anti-Hipertensivos,Captopril,Fundacao Para O Remedio Popular - Furp
Cronocor,Similar,Anti-Hipertensivos,Carvedilol,Biolab Sanus Farmaceutica Ltda
Karvil,Similar,Anti-Hipertensivos,Carvedilol,Torrent Do Brasil Ltda
Bhena,Similar,Anti-Hipertensivos Simples,Cloridrato De Benazepril,Biolab Sanus Farmaceutica Ltda
Aradois,Similar,Anti-Hipertensivos Simples,"Losartan Potassico, Losartana Potassica",Biolab Sanus Farmaceutica Ltda
Lotanol,Similar,Anti-Hipertensivos,Losartana Potassica,Laboratorio Teuto Brasileiro S/A
Zart,Similar,Anti-Hipertensivos,Losartana Potassica,Eurofarma Laboratorios S.A.
Pressotec,Similar,Anti-Hipertensivos,Maleato De Enalapril,Laboratorio Teuto Brasileiro S/A
Vasopril,Similar,Anti-Hipertensivos,Maleato De Enalapril,Biolab Sanus Farmaceutica Ltda
Doxaneo,Similar,Outros Produtos Com Acao No Trato Urinario,Mesilato De Doxazosina,Brainfarma Industria Quimica E Farmaceutica S.A
Unoprost,Similar,Outros Produtos Com Acao No Trato Urinario,Mesilato De Doxazosina,Apsen Farmaceutica S/A
Furp - Metildopa,Similar,Anti-Hipertensivos Simples,Metildopa,Fundacao Para O Remedio Popular - Furp
Nitrop,Similar,Anti-Hipertensivos Simples,Nitroprusseto De Sodio,Hypofarma - Instituto De Hypodermia E Farmacia Ltda
Arterox,Similar,Anti-Hipertensivos Simples,Valsartana,Althaia S.A. Industria Farmaceutica
Aval,Similar,Anti-Hipertensivos Simples,Valsartana,Supera Farma Laboratorios S.A
Brasart,Similar,Anti-Hipertensivos Simples,Valsartana,Ems Sigma Pharma Ltda
Bravan,Similar,Anti-Hipertensivos Simples,Valsartana,Ache Laboratorios Farmaceuticos S.A
Diobrate,Similar,Anti-Hipertensivos Simples,Valsartana,Cimed Industria S.A
Presconeo,Similar,Anti-Hipertensivos Simples,Valsartana,Brainfarma Industria Quimica E Farmaceutica S.A
Teuvart,Similar,Anti-Hipertensivos Simples,Valsartana,Laboratorio Teuto Brasileiro S/A
Valnor,Similar,Anti-Hipertensivos Simples,Valsartana,Ache Laboratorios Farmaceuticos S.A
Vartaz,Similar,Anti-Hipertensivos Simples,Valsartana,Eurofarma Laboratorios S.A.
Velitron,Similar,Anti-Hipertensivos Simples,Valsartana,Geolab Industria Farmaceutica S/A
Angipress Cd,Similar,Anti-Hipertensivos-Associacoes Medicamentosas,"Atenolol, Clortalidona",Ache Laboratorios Farmaceuticos S.A
Atenoclor,Similar,Anti-Hipertensivos-Associacoes Medicamentosas,"Atenolol, Clortalidona",Vitamedic Industria Farmaceutica Ltda
Atenorese,Similar,Anti-Hipertensivos-Associacoes Medicamentosas,"Atenolol, Clortalidona",Sandoz Do Brasil Industria Farmaceutica Ltda
Diublock,Similar,Anti-Hipertensivos-Associacoes Medicamentosas,"Atenolol, Clortalidona",Eurofarma Laboratorios S.A.
Revert,Similar,Anti-Hipertensivos-Associacoes Medicamentosas,"Atenolol, Clortalidona",Farmoquimica S/A
Tenadren,Similar,Anti-Hipertensivos-Associacoes Medicamentosas,"Cloridrato De Propranolol, Hidroclorotiazida",Ems Sigma Pharma Ltda
Corus H,Similar,Anti-Hipertensivos,"Losartana Potassica, Hidroclorotiazida",Ache Laboratorios Farmaceuticos S.A
Zart H,Similar,Anti-Hipertensivos,"Losartana Potassica, Hidroclorotiazida",Eurofarma Laboratorios S.A.
Malena Hct,Similar,Anti-Hipertensivos,"Maleato De Enalapril, Hidroclorotiazida",Ems Sigma Pharma Ltda
Olmesip,Similar,Anti-Hipertensivos-Associacoes Medicamentosas,"Olmesartana Medoxomila, Besilato De Anlodipino",Multilab Industria E Comercio De Produtos Farmaceuticos Ltda
Olmetecanlo,Similar,Anti-Hipertensivos-Associacoes Medicamentosas,"Olmesartana Medoxomila, Besilato De Anlodipino",Pfizer Brasil Ltda
Olmy Anlo,Similar,Anti-Hipertensivos-Associacoes Medicamentosas,"Olmesartana Medoxomila, Besilato De Anlodipino",Ems Sigma Pharma Ltda
Olzicar Anlo,Similar,Anti-Hipertensivos-Associacoes Medicamentosas,"Olmesartana Medoxomila, Besilato De Anlodipino",Cosmed Industria De Cosmeticos E Medicamentos S.A.
Asea Hct,Similar,Anti-Hipertensivos-Associacoes Medicamentosas,"Olmesartana Medoxomila, Hidroclorotiazida",Supera Farma Laboratorios S.A
Biolme H,Similar,Anti-Hipertensivos-Associacoes Medicamentosas,"Olmesartana Medoxomila, Hidroclorotiazida",Biolab Sanus Farmaceutica Ltda
Hipoxomil Hct,Similar,Anti-Hipertensivos-Associacoes Medicamentosas,"Olmesartana Medoxomila, Hidroclorotiazida",Multilab Industria E Comercio De Produtos Farmaceuticos Ltda
Holmes H,Similar,Anti-Hipertensivos-Associacoes Medicamentosas,"Olmesartana Medoxomila, Hidroclorotiazida",Eurofarma Laboratorios S.A.
Olmecor Hct,Similar,Anti-Hipertensivos-Associacoes Medicamentosas,"Olmesartana Medoxomila, Hidroclorotiazida",Torrent Do Brasil Ltda
Olmedix Hct,Similar,Anti-Hipertensivos-Associacoes Medicamentosas,"Olmesartana Medoxomila, Hidroclorotiazida",Ems S/A
Olmegran Hct,Similar,Anti-Hipertensivos-Associacoes Medicamentosas,"Olmesartana Medoxomila, Hidroclorotiazida",Legrand Pharma Industria Farmaceutica Ltda
Olmy Hct,Similar,Anti-Hipertensivos-Associacoes Medicamentosas,"Olmesartana Medoxomila, Hidroclorotiazida",Ems Sigma Pharma Ltda
Olsar H,Similar,Anti-Hipertensivos-Associacoes Medicamentosas,"Olmesartana Medoxomila, Hidroclorotiazida",Eurofarma Laboratorios S.A.
Bramicar Hct,Similar,Anti-Hipertensivos-Associacoes Medicamentosas,"Telmisartana, Hidroclorotiazida",Ems Sigma Pharma Ltda
Bratelm Hct,Similar,Anti-Hipertensivos-Associacoes Medicamentosas,"Telmisartana, Hidroclorotiazida",Ache Laboratorios Farmaceuticos S.A
Misacor Hct,Similar,Anti-Hipertensivos-Associacoes Medicamentosas,"Telmisartana, Hidroclorotiazida",Multilab Industria E Comercio De Produtos Farmaceuticos Ltda
Teld Hct,Similar,Anti-Hipertensivos-Associacoes Medicamentosas,"Telmisartana, Hidroclorotiazida",Torrent Do Brasil Ltda
Telmigran Hct,Similar,Anti-Hipertensivos-Associacoes Medicamentosas,"Telmisartana, Hidroclorotiazida",Legrand Pharma Industria Farmaceutica Ltda
Aracor Anlo,Similar,Anti-Hipertensivos-Associacoes Medicamentosas,"Valsartana, Besilato De Anlodipino",Multilab Industria E Comercio De Produtos Farmaceuticos Ltda
Brasart Bcc,Similar,Anti-Hipertensivos-Associacoes Medicamentosas,"Valsartana, Besilato De Anlodipino",Ems Sigma Pharma Ltda
Bravan Duo,Similar,Anti-Hipertensivos-Associacoes Medicamentosas,"Valsartana, Besilato De Anlodipino",Ache Laboratorios Farmaceuticos S.A
Cosartan Alp,Similar,Anti-Hipertensivos-Associacoes Medicamentosas,"Valsartana, Besilato De Anlodipino",Germed Farmaceutica Ltda
Valsacor Duo,Similar,Anti-Hipertensivos-Associacoes Medicamentosas,"Valsartana, Besilato De Anlodipino",Legrand Pharma Industria Farmaceutica Ltda
Aracor Hct,Similar,Anti-Hipertensivos-Associacoes Medicamentosas,"Valsartana, Hidroclorotiazida",Multilab Industria E Comercio De Produtos Farmaceuticos Ltda
Brasart Hct,Similar,Anti-Hipertensivos-Associacoes Medicamentosas,"Valsartana, Hidroclorotiazida",Ems Sigma Pharma Ltda
Bravan Hct,Similar,Anti-Hipertensivos-Associacoes Medicamentosas,"Valsartana, Hidroclorotiazida",Ache Laboratorios Farmaceuticos S.A
Allexofedrin Pediatrico,Similar,Anti-Histaminicos Sistemicos,Cloridrato De Fexofenadina,Ems S/A
Lexler,Similar,Anti-Histaminicos Sistemicos,Cloridrato De Fexofenadina,
Dizdy,Similar,Anti-Histaminicos Sistemicos,Desloratadina,
Respitrat,Similar,Anti-Histaminicos Sistemicos,Desloratadina,
Histadin,Similar,Anti-Histaminicos Sistemicos,Loratadina,
Dexmine,Similar,Anti-Histaminicos Sistemicos,"Betametasona, Dexclorfeniramina, Maleato De Dexclorfeniramina",Cimed Industria S.A
Celerg,Similar,Anti-Histaminicos Sistemicos,"Betametasona, Maleato De Dexclorfeniramina",Legrand Pharma Industria Farmaceutica Ltda
Celergin,Similar,Anti-Histaminicos Sistemicos,"Betametasona, Maleato De Dexclorfeniramina",Ems S/A
Koide D,Similar,Anti-Histaminicos Sistemicos,"Betametasona, Maleato De Dexclorfeniramina",Eurofarma Laboratorios S.A.
Alerbi,Similar,Anti-Histaminicos Sistemicos,Bilastina,Ache Laboratorios Farmaceuticos S.A
Aleryos,Similar,Anti-Histaminicos Sistemicos,Bilastina,Cellera Farmaceutica S.A.
Allep,Similar,Anti-Histaminicos Sistemicos,Bilastina,Brainfarma Industria Quimica E Farmaceutica S.A
Allep Pediatrico,Similar,Anti-Histaminicos Sistemicos,Bilastina,Brainfarma Industria Quimica E Farmaceutica S.A
Allexoduob,Similar,Anti-Histaminicos Sistemicos,Bilastina,Ems S/A
Bilargos,Similar,Anti-Histaminicos Sistemicos,Bilastina,Legrand Pharma Industria Farmaceutica Ltda
Bixlyn,Similar,Anti-Histaminicos Sistemicos,Bilastina,Ache Laboratorios Farmaceuticos S.A
Hisbila,Similar,Anti-Histaminicos Sistemicos,Bilastina,Eurofarma Laboratorios S.A.
Naire,Similar,Anti-Histaminicos Sistemicos,Bilastina,Eurofarma Laboratorios S.A.
Tynna,Similar,Anti-Histaminicos Sistemicos,Bilastina,Supera Farma Laboratorios S.A
Difenidrin,Similar,Anti-Histaminicos Para Uso Sistemico,Cloridrato De Difenidramina,Cristalia Produtos Quimicos Farmaceuticos Ltda.
Afecso,Similar,Anti-Histaminicos Sistemicos,Cloridrato De Fexofenadina,Vitamedic Industria Farmaceutica Ltda
Aler,Similar,Anti-Histaminicos Sistemicos,Cloridrato De Fexofenadina,Kymberg Farmaceutica Do Brasil Ltda
Altiva,Similar,Anti-Histaminicos Sistemicos,Cloridrato De Fexofenadina,Eurofarma Laboratorios S.A.
Desrinite,Similar,Anti-Histaminicos Sistemicos,Cloridrato De Fexofenadina,Brainfarma Industria Quimica E Farmaceutica S.A
Fenaxxe,Similar,Anti-Histaminicos Sistemicos,Cloridrato De Fexofenadina,Cimed Industria S.A
Fexx,Similar,Anti-Histaminicos Sistemicos,Cloridrato De Fexofenadina,1Farma Industria Farmaceutica Ltda
Fexxolyv,Similar,Anti-Histaminicos Sistemicos,Cloridrato De Fexofenadina,Laboratorio Teuto Brasileiro S/A
Polarminpro,Similar,Anti-Histaminicos Sistemicos,Cloridrato De Fexofenadina,Cosmed Industria De Cosmeticos E Medicamentos S.A.
Praalergia,Similar,Anti-Histaminicos Sistemicos,Cloridrato De Fexofenadina,Cimed Industria S.A
Allexofedrin,Similar,Descongestionantes Nasais Sistemicos,"Cloridrato De Fexofenadina, Cloridrato De Pseudoefedrina",Ems S/A
Allexofedrin D,Similar,Descongestionantes Nasais Sistemicos,"Cloridrato De Fexofenadina, Cloridrato De Pseudoefedrina",Ems S/A
Drics,Similar,Anti-Histaminicos Sistemicos,Cloridrato De Hidroxizina,Cosmed Industria De Cosmeticos E Medicamentos S.A.
Hoxidrin,Similar,Anti-Histaminicos Sistemicos,Cloridrato De Hidroxizina,Laboratorio Globo Sa
Pamergan,Similar,Anti-Histaminicos Sistemicos,Cloridrato De Prometazina,Cristalia Produtos Quimicos Farmaceuticos Ltda.
Profergan,Similar,Anti-Histaminicos Sistemicos,"Cloridrato De Prometazina, Prometazina",Laboratorio Teuto Brasileiro S/A
Aleradina,Similar,Anti-Histaminicos Sistemicos,Desloratadina,Germed Farmaceutica Ltda
Aloff,Similar,Anti-Histaminicos Sistemicos,Desloratadina,Eurofarma Laboratorios S.A.
Aloff Xpe,Similar,Anti-Histaminicos Sistemicos,Desloratadina,Eurofarma Laboratorios S.A.
Deconlerg,Similar,Anti-Histaminicos Sistemicos,Desloratadina,Ache Laboratorios Farmaceuticos S.A
Desclari,Similar,Anti-Histaminicos Sistemicos,Desloratadina,Bayer S.A.
Desclari Kids,Similar,Anti-Histaminicos Sistemicos,Desloratadina,Bayer S.A.
Deslin,Similar,Anti-Histaminicos Sistemicos,Desloratadina,Zydus Nikkho Farmaceutica Ltda
Deslorana,Similar,Anti-Histaminicos Sistemicos,Desloratadina,Legrand Pharma Industria Farmaceutica Ltda
Destadin,Similar,Anti-Histaminicos Sistemicos,Desloratadina,Ems S/A
Dezlorbe,Similar,Anti-Histaminicos Sistemicos,Desloratadina,Kymberg Farmaceutica Do Brasil Ltda
Esalerg,Similar,Anti-Histaminicos Sistemicos,Desloratadina,Ache Laboratorios Farmaceuticos S.A
Hystalor,Similar,Anti-Histaminicos Sistemicos,Desloratadina,Geolab Industria Farmaceutica S/A
Ikaros,Similar,Anti-Histaminicos Sistemicos,Desloratadina,Prati Donaduzzi & Cia Ltda
Leg,Similar,Anti-Histaminicos Sistemicos,Desloratadina,Eurofarma Laboratorios S.A.
Lividex,Similar,Anti-Histaminicos Sistemicos,Desloratadina,Farmoquimica S/A
Lur,Similar,Anti-Histaminicos Sistemicos,Desloratadina,Ache Laboratorios Farmaceuticos S.A
Lur Gotas,Similar,Anti-Histaminicos Sistemicos,Desloratadina,Ache Laboratorios Farmaceuticos S.A
Ritty,Similar,Anti-Histaminicos Sistemicos,Desloratadina,Laboratorio Teuto Brasileiro S/A
Superhist,Similar,Anti-Histaminicos Sistemicos,Desloratadina,Eurofarma Laboratorios S.A.
Esalerg D12,Similar,Anti-Histaminicos Sistemicos,"Desloratadina, Sulfato De Pseudoefedrina",Ache Laboratorios Farmaceuticos S.A
Drotizin,Similar,Anti-Histaminicos Sistemicos,Dicloridrato De Hidroxizina,Geolab Industria Farmaceutica S/A
Droxy,Similar,Anti-Histaminicos Sistemicos,Dicloridrato De Hidroxizina,Germed Farmaceutica Ltda
Hidroalerg,Similar,Anti-Histaminicos Sistemicos,Dicloridrato De Hidroxizina,Ems Sigma Pharma Ltda
Hixilerg,Similar,Anti-Histaminicos Sistemicos,Dicloridrato De Hidroxizina,Ems S/A
Pergo,Similar,Anti-Histaminicos Sistemicos,Dicloridrato De Hidroxizina,Eurofarma Laboratorios S.A.
Pruri-Gran,Similar,Anti-Histaminicos Sistemicos,Dicloridrato De Hidroxizina,Legrand Pharma Industria Farmaceutica Ltda
Alergaliv,Similar,Anti-Histaminicos Sistemicos,Loratadina,Legrand Pharma Industria Farmaceutica Ltda
Cloratadd,Similar,Anti-Histaminicos Sistemicos,Loratadina,Ems S/A
Loradine,Similar,Anti-Histaminicos Sistemicos,Loratadina,Laboratorio Teuto Brasileiro S/A
Lorasliv,Similar,Anti-Histaminicos Sistemicos,Loratadina,Vitamedic Industria Farmaceutica Ltda
Loratamed,Similar,Anti-Histaminicos Sistemicos,Loratadina,Cimed Industria S.A
Loritil,Similar,Anti-Histaminicos Sistemicos,Loratadina,Geolab Industria Farmaceutica S/A
Neo Loratadin,Similar,Anti-Histaminicos Sistemicos,Loratadina,Brainfarma Industria Quimica E Farmaceutica S.A
Reacbe,Similar,Anti-Histaminicos Sistemicos,Loratadina,Kymberg Farmaceutica Do Brasil Ltda
Loratamed D,Similar,Anti-Histaminicos Sistemicos,"Loratadina, Sulfato De Pseudoefedrina",Cimed Industria S.A
Fenirax,Similar,Antialergicos,Maleato De Dexclorfeniramina,Multilab Industria E Comercio De Produtos Farmaceuticos Ltda
Histamin,Similar,Antialergicos,Maleato De Dexclorfeniramina,Brainfarma Industria Quimica E Farmaceutica S.A
Hystin,Similar,Antialergicos,Maleato De Dexclorfeniramina,Geolab Industria Farmaceutica S/A
Lofernim,Similar,Antialergicos,Maleato De Dexclorfeniramina,Prati Donaduzzi & Cia Ltda
Polapic,Similar,Antialergicos,Maleato De Dexclorfeniramina,
Polaren,Similar,Antialergicos,Maleato De Dexclorfeniramina,Cifarma Cientifica Farmaceutica Ltda
Alergidex,Similar,Anti-Histaminicos Sistemicos,"Maleato De Dexclorfeniramina, Betametasona",Brainfarma Industria Quimica E Farmaceutica S.A
Celetil,Similar,Anti-Histaminicos Sistemicos,"Maleato De Dexclorfeniramina, Betametasona",Geolab Industria Farmaceutica S/A
Dexmine,Similar,Anti-Histaminicos Sistemicos,"Maleato De Dexclorfeniramina, Betametasona",Cimed Industria S.A
Dextaflam,Similar,Anti-Histaminicos Sistemicos,"Maleato De Dexclorfeniramina, Betametasona",Cifarma Cientifica Farmaceutica Ltda
Dextamine,Similar,Anti-Histaminicos Sistemicos,"Maleato De Dexclorfeniramina, Betametasona",Cifarma Cientifica Farmaceutica Ltda
Lergidrin,Similar,Anti-Histaminicos Sistemicos,"Maleato De Dexclorfeniramina, Betametasona",Laboratorio Globo Sa
Lestalgyn,Similar,Anti-Histaminicos Sistemicos,"Maleato De Dexclorfeniramina, Betametasona",Laboratorio Teuto Brasileiro S/A
Lofernim Beta,Similar,Anti-Histaminicos Sistemicos,"Maleato De Dexclorfeniramina, Betametasona",Prati Donaduzzi & Cia Ltda
Prometazol,Similar,Anti-Histaminicos Sistemicos,"Prometazina, Cloridrato De Prometazina",Hipolabor Farmaceutica Ltda
Lur D12,Similar,Anti-Histaminicos Sistemicos,"Sulfato De Pseudoefedrina, Desloratadina",Ache Laboratorios Farmaceuticos S.A
Oftalmox,Similar,Antibioticos Sistemicos Simples,Cloridrato De Moxifloxacino,Geolab Industria Farmaceutica S/A
Sonrisal,Similar,Antiacido,"Acido Acetilsalicilico, Acido Acetilsalicilico, Bicarbonato De Sodio, Acido Citrico, Carbonato De Sodio",Pf Consumer Healthcare Brazil Importadora E Distribuidora De Me
Hycimet,Similar,Antiulcerosos,Cimetidina,Hypofarma - Instituto De Hypodermia E Farmacia Ltda
Iquego - Ranitidina,Similar,Antiacidos E Antiulcerosos,"Cloridrato De Ranitidina, Ranitidina",Industria Quimica Do Estado De Goias S/A - Iquego
Frosiv,Similar,Antiacidos E Antiulcerosos,Dexlansoprazol Sesqui-Hidratado,Viatris Farmaceutica Do Brasil Ltda
Famox,Similar,Antiacidos E Antiulcerosos,Famotidina,Ache Laboratorios Farmaceuticos S.A
Gastrium,Similar,Antiulcerosos,Omeprazol,Ache Laboratorios Farmaceuticos S.A
Restitue,Similar,Antiacidos E Antiulcerosos Simples,Pantoprazol Magnesico Di-Hidratado,Ems S/A
Adipept,Similar,Antiacidos E Antiulcerosos,Pantoprazol Sodico Sesqui-Hidratado,Ache Laboratorios Farmaceuticos S.A
Gazia,Similar,Antiacidos E Antiulcerosos,Pantoprazol Sodico Sesqui-Hidratado,Eurofarma Laboratorios S.A.
Pantasun,Similar,Antiacidos E Antiulcerosos,Pantoprazol Sodico Sesqui-Hidratado,Sun Farmaceutica Do Brasil Ltda
Pantocal,Similar,Antiacidos E Antiulcerosos,Pantoprazol Sodico Sesqui-Hidratado,
Pantomix,Similar,Antiacidos E Antiulcerosos,Pantoprazol Sodico Sesqui-Hidratado,Ache Laboratorios Farmaceuticos S.A
Ziprol,Similar,Antiacidos E Antiulcerosos,Pantoprazol Sodico Sesqui-Hidratado,Laboratorios Baldacci Ltda
H.Bacter,Similar,Antiacidos E Antiulcerosos Associados,"Lansoprazol, Claritromicina, Amoxicilina Tri-Hidratada",Cifarma Cientifica Farmaceutica Ltda
Pyloritrat,Similar,Antiacidos E Antiulcerosos Associados,"Lansoprazol, Claritromicina, Amoxicilina Tri-Hidratada",Laboratorio Teuto Brasileiro S/A
Omepramix,Similar,Antiacidos E Antiulcerosos Associados,"Omeprazol, Claritromicina, Amoxicilina Tri-Hidratada",Ache Laboratorios Farmaceuticos S.A
Uniprazol,Similar,Antiacidos E Antiulcerosos Simples,"Omeprazol, Omeprazol Sodico",Uniao Quimica Farmaceutica Nacional S/A
Dispetic,Similar,Antiacidos E Antiulcerosos Simples,Pantoprazol Magnesico Di-Hidratado,Ache Laboratorios Farmaceuticos S.A
Divena,Similar,Antiacidos E Antiulcerosos Simples,Pantoprazol Magnesico Di-Hidratado,Ache Laboratorios Farmaceuticos S.A
Inilok,Similar,Antiacidos E Antiulcerosos Simples,Pantoprazol Magnesico Di-Hidratado,Apsen Farmaceutica S/A
Tolza Iv,Similar,Antiacidos E Antiulcerosos Simples,Pantoprazol Sodico,Laboratorio Teuto Brasileiro S/A
Ectevo,Similar,Antiacidos E Antiulcerosos,Pantoprazol Sodico Sesqui-Hidratado,Prati Donaduzzi & Cia Ltda
Hetpazo,Similar,Antiacidos E Antiulcerosos,Pantoprazol Sodico Sesqui-Hidratado,Camber Farmaceutica Ltda
Pangastri,Similar,Antiacidos E Antiulcerosos,Pantoprazol Sodico Sesqui-Hidratado,Uniao Quimica Farmaceutica Nacional S/A
Pash,Similar,Antiacidos E Antiulcerosos,Pantoprazol Sodico Sesqui-Hidratado,Cosmed Industria De Cosmeticos E Medicamentos S.A.
Aas Protect,Similar,Analgesicos Nao Narcoticos,Acido Acetilsalicilico,Cosmed Industria De Cosmeticos E Medicamentos S.A.
Saliprevi,Similar,Analgesicos Nao Narcoticos,Acido Acetilsalicilico,Eurofarma Laboratorios S.A.
Artag,Similar,Antiagregante Plaquetario,Ticagrelor,Libbs Farmaceutica Ltda
Coaly,Similar,Antiagregante Plaquetario,Ticagrelor,Legrand Pharma Industria Farmaceutica Ltda
Tiag,Similar,Antiagregante Plaquetario,Ticagrelor,Torrent Do Brasil Ltda
Revia,Similar,Antialcoolico,Cloridrato De Naltrexona,Cristalia Produtos Quimicos Farmaceuticos Ltda.
Uninaltrex,Similar,Antialcoolico,Cloridrato De Naltrexona,Uniao Quimica Farmaceutica Nacional S/A
Hixizine,Similar,Antialergicos,"Cloridrato De Hidroxizina, Dicloridrato De Hidroxizina",Theraskin Farmaceutica Ltda.
Andantol,Similar,Antialergicos,Cloridrato De Isotipendil,Ache Laboratorios Farmaceuticos S.A
Cetirtec,Similar,Anti-Histaminicos Sistemicos,Dicloridrato De Cetirizina,Laboratorio Teuto Brasileiro S/A
Allexozyn,Similar,Antialergicos,Dicloridrato De Levocetirizina,Ems S/A
Rizi,Similar,Antialergicos,Dicloridrato De Levocetirizina,Cosmed Industria De Cosmeticos E Medicamentos S.A.
Torvexa,Similar,Antialergicos,Dicloridrato De Levocetirizina,Cosmed Industria De Cosmeticos E Medicamentos S.A.
Vocety,Similar,Antialergicos,Dicloridrato De Levocetirizina,Glenmark Farmaceutica Ltda
Zalerv,Similar,Antialergicos,Dicloridrato De Levocetirizina,Kley Hertz Farmaceutica S.A
Zina,Similar,Antialergicos,Dicloridrato De Levocetirizina,Eurofarma Laboratorios S.A.
Zinlerg,Similar,Antialergicos,Dicloridrato De Levocetirizina,Legrand Pharma Industria Farmaceutica Ltda
Alergomine,Similar,Antialergicos,Maleato De Dexclorfeniramina,Cimed Industria S.A
Alyvler,Similar,Antialergicos,Maleato De Dexclorfeniramina,Kymberg Farmaceutica Do Brasil Ltda
Dexpolarim,Similar,Antialergicos,Maleato De Dexclorfeniramina,Vitamedic Industria Farmaceutica Ltda
Funed- Dexclorfeniramina,Similar,Antialergicos,Maleato De Dexclorfeniramina,Fundacao Ezequiel Dias - Funed
Hilergro,Similar,Antialergicos,Maleato De Dexclorfeniramina,Kymberg Farmaceutica Do Brasil Ltda
Hislor,Similar,Antialergicos,Maleato De Dexclorfeniramina,Uniao Quimica Farmaceutica Nacional S/A
Maleato De Dexclorfeniramina,Similar,Antialergicos,Maleato De Dexclorfeniramina,Fundacao Ezequiel Dias - Funed
Polaradex,Similar,Antialergicos,Maleato De Dexclorfeniramina,Natulab Laboratorio S.A
Polarax,Similar,Antialergicos,Maleato De Dexclorfeniramina,Airela Industria Farmaceutica Ltda.
Polaryn,Similar,Antialergicos,Maleato De Dexclorfeniramina,Laboratorio Teuto Brasileiro S/A
Xo! Pos Picada,Similar,Antialergicos,Maleato De Dexclorfeniramina,Cimed Industria S.A
Lemont,Similar,Antialergicos,"Montelucaste De Sodio, Dicloridrato De Levocetirizina",Eurofarma Laboratorios S.A.
Rizi-M,Similar,Antialergicos,"Montelucaste De Sodio, Dicloridrato De Levocetirizina",Cosmed Industria De Cosmeticos E Medicamentos S.A.
Metadex,Similar,Glicocorticoides Top. Simp. Exc. Uso Oftalm.,Acetato De Dexametasona,Laboratorios Osorio De Moraes Ltda
Calamyn,Similar,Antialergicos Topicos,"Calamina, Cloridrato De Difenidramina, Canfora",Brainfarma Industria Quimica E Farmaceutica S.A
Promergan,Similar,Anti-Histaminicos Sistemicos,Cloridrato De Prometazina,Belfar Ltda
Octifen,Similar,Antiasmaticos,Fumarato De Cetotifeno,Uniao Quimica Farmaceutica Nacional S/A
Softez,Similar,Antialergicos,Maleato De Dexclorfeniramina,Airela Industria Farmaceutica Ltda.
Alozex,Similar,Antialopecia,Alfaestradiol,Biolab Sanus Farmaceutica Ltda
Nopecis,Similar,Antialopecia,Alfaestradiol,Cristalia Produtos Quimicos Farmaceuticos Ltda.
Actfio,Similar,Antialopecia,Minoxidil,Brainfarma Industria Quimica E Farmaceutica S.A
Allovita,Similar,Antialopecia,Minoxidil,Legrand Pharma Industria Farmaceutica Ltda
Aloxidil,Similar,Antialopecia,Minoxidil,Theraskin Farmaceutica Ltda.
Capitrat Men,Similar,Antialopecia,Minoxidil,Kley Hertz Farmaceutica S.A
Capy,Similar,Antialopecia,Minoxidil,Germed Farmaceutica Ltda
Dixil,Similar,Antialopecia,Minoxidil,Eurofarma Laboratorios S.A.
Eniagor,Similar,Antialopecia,Minoxidil,Apsen Farmaceutica S/A
Kedaxyl,Similar,Antialopecia,Minoxidil,Cifarma Cientifica Farmaceutica Ltda
Lopexx,Similar,Antialopecia,Minoxidil,Geolab Industria Farmaceutica S/A
Pant,Similar,Antialopecia,Minoxidil,Ache Laboratorios Farmaceuticos S.A
Pant Sec,Similar,Antialopecia,Minoxidil,Ache Laboratorios Farmaceuticos S.A
Pielus Mx,Similar,Antialopecia,Minoxidil,Cosmed Industria De Cosmeticos E Medicamentos S.A.
Pilox,Similar,Antialopecia,Minoxidil,Eurofarma Laboratorios S.A.
Revipel,Similar,Antialopecia,Minoxidil,Uniao Quimica Farmaceutica Nacional S/A
Cordil,Similar,Antianginosos E Vasodilatadores,Cloridrato De Diltiazem,Laboratorio Teuto Brasileiro S/A
Ivahart,Similar,Antianginosos E Vasodilatadores,Cloridrato De Ivabradina,Torrent Do Brasil Ltda
Atrime,Similar,Antianginosos E Vasodilatadores,Dicloridrato De Trimetazidina,Eurofarma Laboratorios S.A.
Cortazidin,Similar,Antianginosos E Vasodilatadores,Dicloridrato De Trimetazidina,Multilab Industria E Comercio De Produtos Farmaceuticos Ltda
Eskemico,Similar,Antianginosos E Vasodilatadores,Dicloridrato De Trimetazidina,Legrand Pharma Industria Farmaceutica Ltda
Herzaten,Similar,Antianginosos E Vasodilatadores,Dicloridrato De Trimetazidina,Germed Farmaceutica Ltda
Muskard,Similar,Antianginosos E Vasodilatadores,Dicloridrato De Trimetazidina,Supera Farma Laboratorios S.A
Neovangy Mr,Similar,Antianginosos E Vasodilatadores,Dicloridrato De Trimetazidina,Ems S/A
Quicard,Similar,Antianginosos E Vasodilatadores,Dicloridrato De Trimetazidina,Ems S/A
Soanza Xr,Similar,Antianginosos E Vasodilatadores,Dicloridrato De Trimetazidina,Ache Laboratorios Farmaceuticos S.A
Vascor Mr,Similar,Antianginosos E Vasodilatadores,Dicloridrato De Trimetazidina,Eurofarma Laboratorios S.A.
Vazidin,Similar,Antianginosos E Vasodilatadores,Dicloridrato De Trimetazidina,Pharlab Industria Farmaceutica S.A.
Zisque,Similar,Antianginosos E Vasodilatadores,Dicloridrato De Trimetazidina,Cosmed Industria De Cosmeticos E Medicamentos S.A.
Cincordil,Similar,Nitritos Nitratos E Semelhantes,Mononitrato De Isossorbida,Ems Sigma Pharma Ltda
Lfm - Mononitrato De Isossorbida,Similar,Nitritos Nitratos E Semelhantes,Mononitrato De Isossorbida,Laboratorio Farmaceutico Da Marinha
Loncord,Similar,Antianginosos E Vasodilatadores,Nifedipina,Diffucap - Chemobras Quimica E Farmaceutica Ltda
Neo Fedipina,Similar,Antianginosos E Vasodilatadores,Nifedipina,Brainfarma Industria Quimica E Farmaceutica S.A
Nifedipress,Similar,Antianginosos E Vasodilatadores,Nifedipino,Medquimica Industria Farmaceutica Ltda.
Caltren,Similar,Antianginosos E Vasodilatadores,Nitrendipino,Libbs Farmaceutica Ltda
Tridil,Similar,Antianginosos E Vasodilatadores,Nitroglicerina,Cristalia Produtos Quimicos Farmaceuticos Ltda.
Amiobal,Similar,Antiarritmicos,Cloridrato De Amiodarona,Laboratorios Baldacci Ltda
Amioron,Similar,Antiarritmicos,Cloridrato De Amiodarona,Geolab Industria Farmaceutica S/A
Ancoron,Similar,Antiarritmicos,Cloridrato De Amiodarona,Libbs Farmaceutica Ltda
Miodaron,Similar,Antiarritmicos,Cloridrato De Amiodarona,Ache Laboratorios Farmaceuticos S.A
Cadyr,Similar,Antiarritmicos,Cloridrato De Propafenona,Prati Donaduzzi & Cia Ltda
Fanorm,Similar,Antiarritmicos,Cloridrato De Propafenona,Abbott Laboratorios Do Brasil Ltda
Tunta,Similar,Antiarritmicos,Cloridrato De Propafenona,Eurofarma Laboratorios S.A.
Vatis,Similar,Antiarritmicos,Cloridrato De Propafenona,Libbs Farmaceutica Ltda
Bromifen,Similar,Broncodilatadores,Bromidrato De Fenoterol,Brainfarma Industria Quimica E Farmaceutica S.A
Bamifix,Similar,Antiasmaticos,Cloridrato De Bamifilina,Chiesi Farmaceutica Ltda
Ailuk,Similar,Antiasmaticos,Dipropionato De Beclometasona,Glenmark Farmaceutica Ltda
Clenil,Similar,Antiasmaticos,Dipropionato De Beclometasona,Chiesi Farmaceutica Ltda
Clenil Compositum  A,Similar,Antiasmaticos,"Dipropionato De Beclometasona, Salbutamol, Sulfato De Salbutamol",Chiesi Farmaceutica Ltda
Asmanon,Similar,Antiasmaticos,Fumarato De Cetotifeno,Cazi Quimica Farmaceutica Industria E Comercio Ltda
Asmofen,Similar,Antiasmaticos,Fumarato De Cetotifeno,Laboratorio Teuto Brasileiro S/A
Bronx,Similar,Antiasmaticos,"Fumarato De Formoterol Di-Hidratado, Budesonida",Ache Laboratorios Farmaceuticos S.A
Symbicort,Similar,Antiasmaticos,"Fumarato De Formoterol Di-Hidratado, Budesonida",Astrazeneca Do Brasil Ltda
Aria,Similar,Antiasmaticos,Montelucaste De Sodio,Eurofarma Laboratorios S.A.
Fischio®,Similar,Antiasmaticos,Montelucaste De Sodio,Biolab Sanus Farmaceutica Ltda
Montelair,Similar,Antiasmaticos,Montelucaste De Sodio,Ache Laboratorios Farmaceuticos S.A
Multiler,Similar,Antiasmaticos,Montelucaste De Sodio,Laboratorio Teuto Brasileiro S/A
Oxcene,Similar,Antiasmaticos,Montelucaste De Sodio,Ache Laboratorios Farmaceuticos S.A
Piemonte,Similar,Antiasmaticos,Montelucaste De Sodio,Eurofarma Laboratorios S.A.
Uniair,Similar,Antiasmaticos,Montelucaste De Sodio,Geolab Industria Farmaceutica S/A
Zylcas,Similar,Antiasmaticos,Montelucaste De Sodio,Zydus Nikkho Farmaceutica Ltda
Combiwave,Similar,Antiasmaticos,"Xinafoato De Salmeterol, Propionato De Fluticasona",Glenmark Farmaceutica Ltda
Dopcym,Similar,Antibacteriano,Daptomicina,Accord Farmaceutica Ltda
Gapobak,Similar,Antibacteriano,Daptomicina,Camber Farmaceutica Ltda
Reldaptos,Similar,Antibacteriano,Daptomicina,Cipla Brasil Importadora E Distribuidora De Medicamentos Ltda
Lqfex - Sulfato De Neomicina + Bacitracina Zincica,Similar,Antinfecciosos Topicos-Associacoes Medicamentosas,"Sulfato De Neomicina, Bacitracina Zincica",Laboratorio Quimico Farmaceutico Do Exercito
Ryambic,Similar,Antibacterianos Para Uso Sistemico,"Ceftazidima Pentaidratada, Avibactam Sodico",Pfizer Brasil Ltda
Doxopeg,Similar,Antibioticos Antineoplasicos,Cloridrato De Doxorrubicina,Adium S.A.
Evorubicin,Similar,Antibioticos Antineoplasicos,Cloridrato De Doxorrubicina,Farmarin Industria E Comercio Ltda
Fauldoxo,Similar,Antibioticos Antineoplasicos,Cloridrato De Doxorrubicina,Libbs Farmaceutica Ltda
Rubidox,Similar,Antibioticos Antineoplasicos,Cloridrato De Doxorrubicina,Laboratorio Quimico Farmaceutico Bergamo Ltda
Brecila,Similar,Antibioticos Antineoplasicos,Cloridrato De Epirrubicina,Accord Farmaceutica Ltda
Blesto,Similar,Antibioticos Antineoplasicos,Sulfato De Bleomicina,Eurofarma Laboratorios S.A.
Bonar,Similar,Antibioticos Antineoplasicos,Sulfato De Bleomicina,Ache Laboratorios Farmaceuticos S.A
Novocilin,Similar,Penicilina De Amplo Espectro,"Amoxicilina Tri-Hidratada, Amoxicilina Trihidratada",Ache Laboratorios Farmaceuticos S.A
Anforicin B,Similar,Anti-Fungicos,Anfotericina B,Cristalia Produtos Quimicos Farmaceuticos Ltda.
Azi,Similar,Antibioticos Sistemicos Simples,Azitromicina,Ems Sigma Pharma Ltda
Azinostil,Similar,Antibioticos Sistemicos Simples,Azitromicina,Ems S/A
Azitrogran,Similar,Antibioticos Sistemicos Simples,Azitromicina,Legrand Pharma Industria Farmaceutica Ltda
Elim,Similar,Antibioticos Sistemicos Simples,Azitromicina,Prati Donaduzzi & Cia Ltda
Teutrazi,Similar,Antibioticos Sistemicos Simples,Azitromicina,Laboratorio Teuto Brasileiro S/A
Astro,Similar,Antibioticos Sistemicos Simples,Azitromicina Di-Hidratada,Eurofarma Laboratorios S.A.
Astro Iv,Similar,Antibioticos Sistemicos Simples,Azitromicina Di-Hidratada,Eurofarma Laboratorios S.A.
Azi,Similar,Antibioticos Sistemicos Simples,Azitromicina Di-Hidratada,Ems Sigma Pharma Ltda
Azicin,Similar,Antibioticos Sistemicos Simples,Azitromicina Di-Hidratada,Cristalia Produtos Quimicos Farmaceuticos Ltda.
Azitrogran,Similar,Antibioticos Sistemicos Simples,Azitromicina Di-Hidratada,Legrand Pharma Industria Farmaceutica Ltda
Azitrolab,Similar,Antibioticos Sistemicos Simples,Azitromicina Di-Hidratada,Multilab Industria E Comercio De Produtos Farmaceuticos Ltda
Azitromed,Similar,Antibioticos Sistemicos Simples,Azitromicina Di-Hidratada,Medquimica Industria Farmaceutica Ltda.
Elim,Similar,Antibioticos Sistemicos Simples,Azitromicina Di-Hidratada,Prati Donaduzzi & Cia Ltda
Tromizir,Similar,Antibioticos Sistemicos Simples,Azitromicina Di-Hidratada,Belfar Ltda
Zirk,Similar,Antibioticos Sistemicos Simples,Azitromicina Di-Hidratada,Ache Laboratorios Farmaceuticos S.A
Zitroneo,Similar,Antibioticos Sistemicos Simples,Azitromicina Di-Hidratada,Brainfarma Industria Quimica E Farmaceutica S.A
Zolprox,Similar,Antibioticos Sistemicos Simples,Azitromicina Di-Hidratada,Laboratorio Globo Sa
Azitrophar,Similar,Antibioticos Sistemicos Simples,"Azitromicina, Azitromicina Di-Hidratada",Pharlab Industria Farmaceutica S.A.
Azanem,Similar,Antibioticos Sistemicos Simples,Aztreonam,Instituto Biochimico Industria Farmaceutica Ltda
Azeus,Similar,Antibioticos Sistemicos Simples,Aztreonam,Newcom Farmaceutica Ltda.
Ceclor,Similar,Antibioticos Sistemicos Simples,Cefaclor Monoidratado,Ems Sigma Pharma Ltda
Cefaben,Similar,Cefalosporinas,Cefalexina,Cazi Quimica Farmaceutica Industria E Comercio Ltda
Cefalotil,Similar,Cefalosporinas,Cefalotina Sodica,Uniao Quimica Farmaceutica Nacional S/A
Kefazol,Similar,Cefalosporinas,Cefazolina Sodica,Antibioticos Do Brasil Ltda
Cetazima,Similar,Cefalosporinas,Cefotaxima Sodica,Newcom Farmaceutica Ltda.
Ceftafor,Similar,Cefalosporinas,Ceftazidima Pentaidratada,Newcom Farmaceutica Ltda.
Kefadim,Similar,Cefalosporinas,Ceftazidima Pentaidratada,Antibioticos Do Brasil Ltda
Ceftriona,Similar,Cefalosporinas,Ceftriaxona Dissodica Hemieptaidratada,Newcom Farmaceutica Ltda.
Keroxime,Similar,Antibioticos Sistemicos Simples,Cefuroxima Sodica,Antibioticos Do Brasil Ltda
Monocef,Similar,Antibioticos Sistemicos Simples,Cefuroxima Sodica,Instituto Biochimico Industria Farmaceutica Ltda
Ciprobacter,Similar,Antibioticos Sistemicos Simples,Ciprofloxacino,Halex Istar Industria Farmaceutica Sa
Fresoflox,Similar,Antibioticos Sistemicos Simples,Ciprofloxacino,Fresenius Kabi Brasil Ltda
Hypoflox,Similar,Antibioticos Sistemicos Simples,Ciprofloxacino,Hypofarma - Instituto De Hypodermia E Farmacia Ltda
Kinof,Similar,Antibioticos Sistemicos Simples,Ciprofloxacino,Farmarin Industria E Comercio Ltda
Ciprix,Similar,Antibioticos Sistemicos Simples,"Ciprofloxacino, Cloridrato De Ciprofloxacino",Geolab Industria Farmaceutica S/A
Hifloxan,Similar,Antibioticos Sistemicos Simples,"Ciprofloxacino, Cloridrato De Ciprofloxacino",Halex Istar Industria Farmaceutica Sa
Clabat,Similar,Macrolideos,Claritromicina,
Ciproflonax,Similar,Antibioticos Sistemicos Simples,"Cloridrato De Ciprofloxacina H2O, Cloridrato De Ciprofloxacino",Pharlab Industria Farmaceutica S.A.
Cilvib,Similar,Antibioticos Sistemicos Simples,Cloridrato De Ciprofloxacino,Prati Donaduzzi & Cia Ltda
Ciprobiot,Similar,Antibioticos Sistemicos Simples,Cloridrato De Ciprofloxacino,Sandoz Do Brasil Industria Farmaceutica Ltda
Cypcino,Similar,Antibioticos Sistemicos Simples,Cloridrato De Ciprofloxacino,Cifarma Cientifica Farmaceutica Ltda
Foritus,Similar,Antibioticos Sistemicos Simples,Cloridrato De Ciprofloxacino,Eurofarma Laboratorios S.A.
Quinoflox,Similar,Antibioticos Sistemicos Simples,"Cloridrato De Ciprofloxacino , Cloridrato De Ciprofloxacino Monoidratado",Biolab Sanus Farmaceutica Ltda
Ciclatry,Similar,Antinfecciosos Topicos Para Uso Oftalmico,Cloridrato De Ciprofloxacino Monoidratado,Multilab Industria E Comercio De Produtos Farmaceuticos Ltda
Cifloxatil,Similar,Antinfecciosos Topicos Para Uso Oftalmico,Cloridrato De Ciprofloxacino Monoidratado,Gallia Industria Farmaceutica Ltda
Ciprocilin,Similar,Antinfecciosos Topicos Para Uso Oftalmico,Cloridrato De Ciprofloxacino Monoidratado,Legrand Pharma Industria Farmaceutica Ltda
Ciprofloxatrin,Similar,Antinfecciosos Topicos Para Uso Oftalmico,Cloridrato De Ciprofloxacino Monoidratado,Laboratorio Globo Sa
Proflox,Similar,Antinfecciosos Topicos Para Uso Oftalmico,Cloridrato De Ciprofloxacino Monoidratado,Ems Sigma Pharma Ltda
Clindamin-C,Similar,Antibioticos Sistemicos Simples,Cloridrato De Clindamicina Monoidratado,Laboratorio Teuto Brasileiro S/A
Iquego - Doxiciclina,Similar,Classe Das Tetraciclinas,"Cloridrato De Doxiciclina, Hiclato De Doxiciclina",Industria Quimica Do Estado De Goias S/A - Iquego
Hylinc,Similar,Antibioticos Sistemicos Simples,Cloridrato De Lincomicina,Hypofarma - Instituto De Hypodermia E Farmacia Ltda
Linatron,Similar,Antibioticos Sistemicos Simples,Cloridrato De Lincomicina,Blau Farmaceutica S.A.
Lincovax,Similar,Antibioticos Sistemicos Simples,Cloridrato De Lincomicina,Uniao Quimica Farmaceutica Nacional S/A
Madun,Similar,Antibioticos Sistemicos Simples,Cloridrato De Moxifloxacino,Prati Donaduzzi & Cia Ltda
Moxicris,Similar,Antibioticos Sistemicos Simples,Cloridrato De Moxifloxacino,Cristalia Produtos Quimicos Farmaceuticos Ltda.
Neumosin,Similar,Antibioticos Sistemicos Simples,Cloridrato De Moxifloxacino,Supera Farma Laboratorios S.A
Praiva,Similar,Antibioticos Sistemicos Simples,Cloridrato De Moxifloxacino,Eurofarma Laboratorios S.A.
Tetramed,Similar,Antibioticos Sistemicos Simples,"Cloridrato De Tetraciclina, Tetraciclina",Medquimica Industria Farmaceutica Ltda.
Hicovan,Similar,Antibioticos Sistemicos Simples,Cloridrato De Vancomicina,Blau Farmaceutica S.A.
Novamicin,Similar,Antibioticos Sistemicos Simples,Cloridrato De Vancomicina,Newcom Farmaceutica Ltda.
Vancoson,Similar,Antibioticos Sistemicos Simples,Cloridrato De Vancomicina,Blau Farmaceutica S.A.
Vancotrat,Similar,Antibioticos Sistemicos Simples,Cloridrato De Vancomicina,Uniao Quimica Farmaceutica Nacional S/A
Vank,Similar,Antibioticos Sistemicos Simples,Cloridrato De Vancomicina,Cristalia Produtos Quimicos Farmaceuticos Ltda.
Exfuno,Similar,Antibacteriano,Daptomicina,Dr. Reddys Farmaceutica Do Brasil Ltda
Trisk,Similar,Antibacteriano,Daptomicina,Eurofarma Laboratorios S.A.
Rubromicin,Similar,Antibioticos Sistemicos Simples,"Eritromicina, Estolato De Eritromicina",Prati Donaduzzi & Cia Ltda
Clindarix,Similar,Antibioticos Sistemicos Simples,Fosfato De Clindamicina,Blau Farmaceutica S.A.
Hyclin,Similar,Antibioticos Sistemicos Simples,Fosfato De Clindamicina,Hypofarma - Instituto De Hypodermia E Farmacia Ltda
Fosmoryl,Similar,Antibioticos Sistemicos Simples,Fosfomicina Trometamol,Pharmascience Industria Farmaceutica S.A
Myfos,Similar,Antibioticos Sistemicos Simples,Fosfomicina Trometamol,Myralis Industria Farmaceutica Ltda
Traturil,Similar,Antibioticos Sistemicos Simples,Fosfomicina Trometamol,Apsen Farmaceutica S/A
Vizuria,Similar,Antibioticos Sistemicos Simples,Fosfomicina Trometamol,Exeltis Laboratorio Farmaceutico Ltda
Doxiclin,Similar,Antibioticos Sistemicos Simples,Hiclato De Doxiciclina,Pharlab Industria Farmaceutica S.A.
Levotac,Similar,Antibioticos Sistemicos Simples,"Levofloxacina, Levofloxacino, Levofloxacino Hemi-Hidratado",Cristalia Produtos Quimicos Farmaceuticos Ltda.
Levoxin,Similar,Antibioticos Sistemicos Simples,"Levofloxacina, Levofloxacino, Levofloxacino Hemi-Hidratado",Apsen Farmaceutica S/A
Livepax,Similar,Antibioticos Sistemicos Simples,Levofloxacino,Ache Laboratorios Farmaceuticos S.A
Levotac,Similar,Antibioticos Sistemicos Simples,Levofloxacino Hemi-Hidratado,Cristalia Produtos Quimicos Farmaceuticos Ltda.
Tamiram,Similar,Antibioticos Sistemicos Simples,Levofloxacino Hemi-Hidratado,Eurofarma Laboratorios S.A.
Tavaflox,Similar,Antibioticos Sistemicos Simples,Levofloxacino Hemi-Hidratado,Ems Sigma Pharma Ltda
Tavagran,Similar,Antibioticos Sistemicos Simples,Levofloxacino Hemi-Hidratado,Legrand Pharma Industria Farmaceutica Ltda
Alevo,Similar,Antibioticos Sistemicos Simples,Levofloxacino Hemiidratado,Supera Farma Laboratorios S.A
Citanic,Similar,Antibioticos Sistemicos Simples,Levofloxacino Hemiidratado,Laboratorio Teuto Brasileiro S/A
Levaflox,Similar,Antibioticos Sistemicos Simples,Levofloxacino Hemiidratado,Halex Istar Industria Farmaceutica Sa
Tavok,Similar,Antibioticos Sistemicos Simples,Levofloxacino Hemiidratado,Eurofarma Laboratorios S.A.
Levaquin,Similar,Antibioticos Sistemicos Simples,"Levofloxacino Hemiidratado, Levofloxacino Hemi-Hidratado",Janssen-Cilag Farmaceutica Ltda
Tamiram,Similar,Antibioticos Sistemicos Simples,"Levofloxacino, Levofloxacino Hemiidratado",Eurofarma Laboratorios S.A.
Adiloz,Similar,Antibioticos Sistemicos Simples,Linezolida,Ems S/A
Lizbi®,Similar,Antibioticos Sistemicos Simples,Linezolida,Halex Istar Industria Farmaceutica Sa
Lynoz,Similar,Antibioticos Sistemicos Simples,Linezolida,Cristalia Produtos Quimicos Farmaceuticos Ltda.
Mepenox,Similar,Antibioticos Sistemicos Simples,Meropenem Tri-Hidratado,Instituto Biochimico Industria Farmaceutica Ltda
Androfloxin,Similar,Antibioticos Sistemicos Simples,Norfloxacino,Laboratorio Teuto Brasileiro S/A
Norf,Similar,Antibioticos Sistemicos Simples,Norfloxacino,Ems Sigma Pharma Ltda
Norxacin,Similar,Antibioticos Sistemicos Simples,Norfloxacino,Laboratorio Globo Sa
Urotrobel,Similar,Antibioticos Sistemicos Simples,Norfloxacino,Belfar Ltda
Floxina,Similar,Antinfecciosos Topicos Para Uso Oftalmico,Ofloxacino,Cazi Quimica Farmaceutica Industria E Comercio Ltda
Oxacilil,Similar,Penicilinas Penicilinase-Resistentes,Oxacilina Sodica,Newcom Farmaceutica Ltda.
Gentamicin,Similar,Antibioticos Sistemicos Simples,Sulfato De Gentamicina,Newcom Farmaceutica Ltda.
Nemicina,Similar,Antinfecciosos Topicos,Sulfato De Neomicina,Cellera Farmaceutica S.A.
Polixil B,Similar,Antibioticos Sistemicos Simples,Sulfato De Polimixina B,Viatris Farmaceutica Do Brasil Ltda
Poly B,Similar,Antibioticos Sistemicos Simples,Sulfato De Polimixina B,Blau Farmaceutica S.A.
Polycid,Similar,Antibioticos Sistemicos Simples,Sulfato De Polimixina B,Uniao Quimica Farmaceutica Nacional S/A
Spox,Similar,Antibioticos Sistemicos Simples,Sulfato De Polimixina B,Cristalia Produtos Quimicos Farmaceuticos Ltda.
Bactomax,Similar,Antibioticos Sistemicos Simples,Teicoplanina,Cristalia Produtos Quimicos Farmaceuticos Ltda.
Koplan,Similar,Antibioticos Sistemicos Simples,Teicoplanina,
Teiconin,Similar,Antibioticos Sistemicos Simples,Teicoplanina,Instituto Biochimico Industria Farmaceutica Ltda
Teicoston,Similar,Antibioticos Sistemicos Simples,Teicoplanina,Blau Farmaceutica S.A.
Teiplan,Similar,Antibioticos Sistemicos Simples,Teicoplanina,Uniao Quimica Farmaceutica Nacional S/A
Toplanina,Similar,Antibioticos Sistemicos Simples,Teicoplanina,Cipla Brasil Importadora E Distribuidora De Medicamentos Ltda
Dugar,Similar,Antibioticos Sistemicos Simples,Tigeciclina,Eurofarma Laboratorios S.A.
Hytge,Similar,Antibioticos Sistemicos Simples,Tigeciclina,Hypofarma - Instituto De Hypodermia E Farmacia Ltda
Kalyme,Similar,Antibioticos Sistemicos Simples,Tigeciclina,Ache Laboratorios Farmaceuticos S.A
Sengecil,Similar,Antibioticos Sistemicos Simples,Tigeciclina,Cristalia Produtos Quimicos Farmaceuticos Ltda.
Tagelynix,Similar,Antibioticos Sistemicos Simples,Tigeciclina,Accord Farmaceutica Ltda
Tyg,Similar,Antibioticos Sistemicos Simples,Tigeciclina,Uniao Quimica Farmaceutica Nacional S/A
Doclaxin,Similar,Antibioticos Sistemicos-Associacoes Medicamentosas,"Amoxicilina Sodica, Clavulanato De Potassio",Blau Farmaceutica S.A.
Aclaf,Similar,Antibioticos Sistemicos-Associacoes Medicamentosas,"Amoxicilina Tri-Hidratada, Clavulanato De Potassio",Laboratorio Farmaceutico Elofar Ltda
Amclavu,Similar,Antibioticos Sistemicos-Associacoes Medicamentosas,"Amoxicilina Tri-Hidratada, Clavulanato De Potassio",Uniao Quimica Farmaceutica Nacional S/A
Atak Clav,Similar,Antibioticos Sistemicos-Associacoes Medicamentosas,"Amoxicilina Tri-Hidratada, Clavulanato De Potassio",Eurofarma Laboratorios S.A.
Axemy Susp,Similar,Antibioticos Sistemicos-Associacoes Medicamentosas,"Amoxicilina Tri-Hidratada, Clavulanato De Potassio",Cosmed Industria De Cosmeticos E Medicamentos S.A.
Claverta Susp,Similar,Antibioticos Sistemicos-Associacoes Medicamentosas,"Amoxicilina Tri-Hidratada, Clavulanato De Potassio",Uniao Quimica Farmaceutica Nacional S/A
Claxam,Similar,Antibioticos Sistemicos-Associacoes Medicamentosas,"Amoxicilina Tri-Hidratada, Clavulanato De Potassio",Sandoz Do Brasil Industria Farmaceutica Ltda
Lanico,Similar,Antibioticos Sistemicos-Associacoes Medicamentosas,"Amoxicilina Tri-Hidratada, Clavulanato De Potassio",Supera Farma Laboratorios S.A
Policlavumoxil,Similar,Antibioticos Sistemicos-Associacoes Medicamentosas,"Amoxicilina Tri-Hidratada, Clavulanato De Potassio",Ems S/A
Sigma Clav,Similar,Antibioticos Sistemicos-Associacoes Medicamentosas,"Amoxicilina Tri-Hidratada, Clavulanato De Potassio",Ems Sigma Pharma Ltda
Sinot Clav,Similar,Antibioticos Sistemicos-Associacoes Medicamentosas,"Amoxicilina Tri-Hidratada, Clavulanato De Potassio",Eurofarma Laboratorios S.A.
Novamox,Similar,Antibioticos Sistemicos-Associacoes Medicamentosas,"Amoxicilina Trihidratada, Acido Clavulanico, Amoxicilina, Clavulanato De Potassio",Ache Laboratorios Farmaceuticos S.A
Axemy,Similar,Antibioticos Sistemicos-Associacoes Medicamentosas,"Amoxicilina Trihidratada, Clavulanato De Potassio",Cosmed Industria De Cosmeticos E Medicamentos S.A.
Lanico,Similar,Antibioticos Sistemicos-Associacoes Medicamentosas,"Amoxicilina, Amoxicilina Tri-Hidratada, Clavulanato De Potassio",Supera Farma Laboratorios S.A
Policlavumoxil,Similar,Antibioticos Sistemicos-Associacoes Medicamentosas,"Amoxicilina, Clavulanato De Potassio",Ems S/A
Policlavumoxil Bd,Similar,Antibioticos Sistemicos-Associacoes Medicamentosas,"Amoxicilina, Clavulanato De Potassio",Ems S/A
Sigma-Clav Bd,Similar,Antibioticos Sistemicos-Associacoes Medicamentosas,"Amoxicilina, Clavulanato De Potassio",Ems Sigma Pharma Ltda
Ampctan,Similar,Antibioticos Sistemicos-Associacoes Medicamentosas,"Ampicilina Sodica, Sulbactam Sodico",Blau Farmaceutica S.A.
Imicil,Similar,Antibioticos Sistemicos-Associacoes Medicamentosas,"Imipenem Monoidratado, Cilastatina Sodica",Uniao Quimica Farmaceutica Nacional S/A
Tiepem,Similar,Antibioticos Sistemicos-Associacoes Medicamentosas,"Imipenem Monoidratado, Cilastatina Sodica",Instituto Biochimico Industria Farmaceutica Ltda
Penexil,Similar,Antibioticos Sistemicos-Associacoes Medicamentosas,"Imipenem, Cilastatina",Quimica Haller Ltda
Bacina,Similar,Antinfecciosos Topicos-Associacoes Medicamentosas,"Sulfato De Neomicina, Bacitracina Zincica",Belfar Ltda
Tioxin,Similar,Antibioticos Sistemicos-Associacoes Medicamentosas,"Ticarcilina Dissodica, Clavulanato De Potassio",Newcom Farmaceutica Ltda.
Xafac,Similar,Antitrombotico,Rivaroxabana,Apsen Farmaceutica S/A
Roteas,Similar,Anticoagulantes,Tosilato De Edoxabana Monoidratado,Daiichi Sankyo Brasil Farmaceutica Ltda
Marfarin,Similar,Anticoagulantes,Varfarina Sodica,Laboratorio Teuto Brasileiro S/A
Artemidis 35,Similar,Estrogenos Assocs  A Outros Farmacos Exclusive Androgenos,"Acetato De Ciproterona, Etinilestradiol",Ems Sigma Pharma Ltda
Jaque,Similar,Estrogenos Assocs  A Outros Farmacos Exclusive Androgenos,"Acetato De Ciproterona, Etinilestradiol",Ems S/A
Leila,Similar,Estrogenos Assocs  A Outros Farmacos Exclusive Androgenos,"Acetato De Ciproterona, Etinilestradiol",Dkt Do Brasil Produtos De Uso Pessoal Ltda
Repopil 35,Similar,Estrogenos Assocs  A Outros Farmacos Exclusive Androgenos,"Acetato De Ciproterona, Etinilestradiol",Legrand Pharma Industria Farmaceutica Ltda
Amora,Similar,Anticoncepcionais,"Acetato De Clormadinona, Etinilestradiol",Eurofarma Laboratorios S.A.
Amora 20,Similar,Anticoncepcionais,"Acetato De Clormadinona, Etinilestradiol",Eurofarma Laboratorios S.A.
Beladiol,Similar,Anticoncepcionais,"Acetato De Clormadinona, Etinilestradiol",Ems S/A
Beziany,Similar,Anticoncepcionais,"Acetato De Clormadinona, Etinilestradiol",Multilab Industria E Comercio De Produtos Farmaceuticos Ltda
Cherry,Similar,Anticoncepcionais,"Acetato De Clormadinona, Etinilestradiol",Farmoquimica S/A
Crys,Similar,Anticoncepcionais,"Acetato De Clormadinona, Etinilestradiol",Cifarma Cientifica Farmaceutica Ltda
Emily,Similar,Anticoncepcionais,"Acetato De Clormadinona, Etinilestradiol",Germed Farmaceutica Ltda
Liberfem,Similar,Anticoncepcionais,"Acetato De Clormadinona, Etinilestradiol",Adium S.A.
Lolita,Similar,Anticoncepcionais,"Acetato De Clormadinona, Etinilestradiol",Legrand Pharma Industria Farmaceutica Ltda
Lyndaveluno,Similar,Anticoncepcionais,"Acetato De Medroxiprogesterona, Cipionato De Estradiol",Hemafarma Com E Ind Farmaceutica Ltda
Naomi,Similar,Anticoncepcionais,"Acetato De Medroxiprogesterona, Cipionato De Estradiol",Hemafarma Com E Ind Farmaceutica Ltda
Iziz,Similar,Anticoncepcionais,"Acetato De Nomegestrol, Estradiol Hemi-Hidratado",Libbs Farmaceutica Ltda
Perlumes,Similar,Estrogenos Assocs  A Outros Farmacos Exclusive Androgenos,"Algestona Acetofenida, Enantato De Estradiol",Legrand Pharma Industria Farmaceutica Ltda
Preg-Less,Similar,Estrogenos Assocs  A Outros Farmacos Exclusive Androgenos,"Algestona Acetofenida, Enantato De Estradiol",Ems Sigma Pharma Ltda
Careli,Similar,Anticoncepcionais,Desogestrel,Ems S/A
Deyse,Similar,Anticoncepcionais,Desogestrel,Multilab Industria E Comercio De Produtos Farmaceuticos Ltda
Mamades,Similar,Anticoncepcionais,Desogestrel,Eurofarma Laboratorios S.A.
Maysa,Similar,Anticoncepcionais,Desogestrel,Legrand Pharma Industria Farmaceutica Ltda
Melik,Similar,Anticoncepcionais,Desogestrel,Ache Laboratorios Farmaceuticos S.A
Miwa,Similar,Anticoncepcionais,Desogestrel,Cifarma Cientifica Farmaceutica Ltda
Mylla,Similar,Anticoncepcionais,Desogestrel,Cosmed Industria De Cosmeticos E Medicamentos S.A.
Mylus,Similar,Anticoncepcionais,Desogestrel,Uniao Quimica Farmaceutica Nacional S/A
Nactali,Similar,Anticoncepcionais,Desogestrel,Libbs Farmaceutica Ltda
Onua,Similar,Anticoncepcionais,Desogestrel,Farmoquimica S/A
Perola,Similar,Anticoncepcionais,Desogestrel,Organon Farmaceutica Ltda.
Rubia,Similar,Anticoncepcionais,Desogestrel,Ache Laboratorios Farmaceuticos S.A
Dioless,Similar,Anticoncepcionais,"Desogestrel, Etinilestradiol",Supera Farma Laboratorios S.A
Femina,Similar,Anticoncepcionais,"Desogestrel, Etinilestradiol",Ache Laboratorios Farmaceuticos S.A
Malu,Similar,Anticoncepcionais,"Desogestrel, Etinilestradiol",Ems Sigma Pharma Ltda
Minian,Similar,Anticoncepcionais,"Desogestrel, Etinilestradiol",Libbs Farmaceutica Ltda
Primera 20,Similar,Anticoncepcionais,"Desogestrel, Etinilestradiol",Eurofarma Laboratorios S.A.
Primera 30,Similar,Anticoncepcionais,"Desogestrel, Etinilestradiol",Eurofarma Laboratorios S.A.
Dalyne,Similar,Anticoncepcionais,"Drospirenona, Etinilestradiol",Ems Sigma Pharma Ltda
Diva 20,Similar,Anticoncepcionais,"Drospirenona, Etinilestradiol",Cristalia Produtos Quimicos Farmaceuticos Ltda.
Diva 30,Similar,Anticoncepcionais,"Drospirenona, Etinilestradiol",Cristalia Produtos Quimicos Farmaceuticos Ltda.
Elani Ciclo,Similar,Anticoncepcionais,"Drospirenona, Etinilestradiol",Libbs Farmaceutica Ltda
Elo,Similar,Anticoncepcionais,"Drospirenona, Etinilestradiol",Ems S/A
Feminique 20,Similar,Anticoncepcionais,"Drospirenona, Etinilestradiol",Ache Laboratorios Farmaceuticos S.A
Feminique 30,Similar,Anticoncepcionais,"Drospirenona, Etinilestradiol",Ache Laboratorios Farmaceuticos S.A
Feminique Conti,Similar,Anticoncepcionais,"Drospirenona, Etinilestradiol",Ache Laboratorios Farmaceuticos S.A
Fucsia Fem,Similar,Anticoncepcionais,"Drospirenona, Etinilestradiol",Multilab Industria E Comercio De Produtos Farmaceuticos Ltda
Fucsia Minus,Similar,Anticoncepcionais,"Drospirenona, Etinilestradiol",Multilab Industria E Comercio De Produtos Farmaceuticos Ltda
Ingrid,Similar,Anticoncepcionais,"Drospirenona, Etinilestradiol",Ems S/A
Iumi,Similar,Anticoncepcionais,"Drospirenona, Etinilestradiol",Libbs Farmaceutica Ltda
Lyllas,Similar,Anticoncepcionais,"Drospirenona, Etinilestradiol",Sandoz Do Brasil Industria Farmaceutica Ltda
Megy,Similar,Anticoncepcionais,"Drospirenona, Etinilestradiol",Legrand Pharma Industria Farmaceutica Ltda
Molieri,Similar,Anticoncepcionais,"Drospirenona, Etinilestradiol",Eurofarma Laboratorios S.A.
Niki,Similar,Anticoncepcionais,"Drospirenona, Etinilestradiol",Ems Sigma Pharma Ltda
Vincy,Similar,Anticoncepcionais,"Drospirenona, Etinilestradiol",Althaia S.A. Industria Farmaceutica
Yang 30,Similar,Anticoncepcionais,"Drospirenona, Etinilestradiol",Althaia S.A. Industria Farmaceutica
Ylana,Similar,Anticoncepcionais,"Drospirenona, Etinilestradiol",Cifarma Cientifica Farmaceutica Ltda
Allestra,Similar,Anticoncepcionais,"Etinilestradiol, Gestodeno",Ache Laboratorios Farmaceuticos S.A
Allestra Conti,Similar,Anticoncepcionais,"Etinilestradiol, Gestodeno",Ache Laboratorios Farmaceuticos S.A
Siblima,Similar,Anticoncepcionais,"Etinilestradiol, Gestodeno",Libbs Farmaceutica Ltda
Tamisa 15,Similar,Anticoncepcionais,"Etinilestradiol, Gestodeno",Eurofarma Laboratorios S.A.
Tantin,Similar,Anticoncepcionais,"Etinilestradiol, Gestodeno",Biolab Sanus Farmaceutica Ltda
Gestrelan,Similar,Anticoncepcionais,"Etinilestradiol, Levonorgestrel Micronizado, Levonorgestrel",Biolab Sanus Farmaceutica Ltda
Inserzi,Similar,Anticoncepcionais,Etonogestrel,Organon Farmaceutica Ltda.
Adoless,Similar,Anticoncepcionais,"Gestodeno, Etinilestradiol",Farmoquimica S/A
Diminut,Similar,Anticoncepcionais,"Gestodeno, Etinilestradiol",Libbs Farmaceutica Ltda
Fertnon,Similar,Anticoncepcionais,"Gestodeno, Etinilestradiol",Cifarma Cientifica Farmaceutica Ltda
Ginesse,Similar,Anticoncepcionais,"Gestodeno, Etinilestradiol",Farmoquimica S/A
Micropil,Similar,Anticoncepcionais,"Gestodeno, Etinilestradiol",Ems Sigma Pharma Ltda
Previane,Similar,Anticoncepcionais,"Gestodeno, Etinilestradiol",Legrand Pharma Industria Farmaceutica Ltda
Tamisa,Similar,Anticoncepcionais,"Gestodeno, Etinilestradiol",Eurofarma Laboratorios S.A.
Anulov,Similar,Anticoncepcionais,Levonorgestrel,Cifarma Cientifica Farmaceutica Ltda
Diad,Similar,Anticoncepcionais,Levonorgestrel,Cimed Industria S.A
Hora H,Similar,Anticoncepcionais,Levonorgestrel,Ache Laboratorios Farmaceuticos S.A
Neodia,Similar,Anticoncepcionais,Levonorgestrel,Brainfarma Industria Quimica E Farmaceutica S.A
Pilem,Similar,Anticoncepcionais,Levonorgestrel,Uniao Quimica Farmaceutica Nacional S/A
Poslov,Similar,Anticoncepcionais,Levonorgestrel,Cifarma Cientifica Farmaceutica Ltda
Postinor Uno,Similar,Anticoncepcionais,Levonorgestrel,"Gedeon Richter Do Brasil Importadora, Exportadora E Distribuido"
Saya Control,Similar,Anticoncepcionais,Levonorgestrel,Dkt Do Brasil Produtos De Uso Pessoal Ltda
Ciclo 21,Similar,Anticoncepcionais,"Levonorgestrel, Etinilestradiol",Uniao Quimica Farmaceutica Nacional S/A
Clic,Similar,Anticoncepcionais,"Levonorgestrel, Etinilestradiol",Arese Pharma Ltda.
Linofeme,Similar,Anticoncepcionais,"Levonorgestrel, Etinilestradiol",Cifarma Cientifica Farmaceutica Ltda
Nociclin,Similar,Anticoncepcionais,"Levonorgestrel, Etinilestradiol",Ems S/A
Norestin,Similar,Anticoncepcionais,Noretisterona,Biolab Sanus Farmaceutica Ltda
Tambella,Similar,Anticoncepcionais,"Valerato De Estradiol, Dienogeste",Bayer S.A.
Tegretard,Similar,Anticonvulsivantes,Carbamazepina,Cristalia Produtos Quimicos Farmaceuticos Ltda.
Tegrezin,Similar,Anticonvulsivantes,Carbamazepina,Cazi Quimica Farmaceutica Industria E Comercio Ltda
Uni-Carbamaz,Similar,Anticonvulsivantes,Carbamazepina,Uniao Quimica Farmaceutica Nacional S/A
Azenpi,Similar,Anticonvulsivantes,Clonazepam,Pharlab Industria Farmaceutica S.A.
Clopam,Similar,Anticonvulsivantes,Clonazepam,Cristalia Produtos Quimicos Farmaceuticos Ltda.
Epileptil,Similar,Anticonvulsivantes,Clonazepam,Laboratorio Teuto Brasileiro S/A
Zaplam,Similar,Anticonvulsivantes,Clonazepam,Cristalia Produtos Quimicos Farmaceuticos Ltda.
Zilepam,Similar,Anticonvulsivantes,Clonazepam,Geolab Industria Farmaceutica S/A
Divalcon,Similar,Anticonvulsivantes,Divalproato De Sodio,Abbott Laboratorios Do Brasil Ltda
Diwali,Similar,Anticonvulsivantes,Divalproato De Sodio,Sun Farmaceutica Do Brasil Ltda
Diztabex,Similar,Anticonvulsivantes,Divalproato De Sodio,Multilab Industria E Comercio De Produtos Farmaceuticos Ltda
Duepoli  Er,Similar,Anticonvulsivantes,Divalproato De Sodio,Apsen Farmaceutica S/A
Gaba Er,Similar,Anticonvulsivantes,Divalproato De Sodio,Eurofarma Laboratorios S.A.
Leps Er,Similar,Anticonvulsivantes,Divalproato De Sodio,Torrent Do Brasil Ltda
Zeugma Xr,Similar,Anticonvulsivantes,Divalproato De Sodio,Prati Donaduzzi & Cia Ltda
Zyvalprex,Similar,Anticonvulsivantes,"Divalproato De Sodio, Acido Citrico",Zydus Nikkho Farmaceutica Ltda
Etoxin,Similar,Anticonvulsivantes,Etossuximida,Apsen Farmaceutica S/A
Dantalin,Similar,Anticonvulsivantes,Fenitoina,Cazi Quimica Farmaceutica Industria E Comercio Ltda
Fenital Oral,Similar,Anticonvulsivantes,Fenitoina,Cristalia Produtos Quimicos Farmaceuticos Ltda.
Funed - Fenitoina,Similar,Anticonvulsivantes,Fenitoina,Fundacao Ezequiel Dias - Funed
Furp - Fenitoina,Similar,Anticonvulsivantes,Fenitoina,Fundacao Para O Remedio Popular - Furp
Fenital,Similar,Anticonvulsivantes,"Fenitoina, Fenitoina Sodica",Cristalia Produtos Quimicos Farmaceuticos Ltda.
Carbital,Similar,Anticonvulsivantes,"Fenobarbital, Fenobarbital Sodico",Laboratorio Teuto Brasileiro S/A
Fenocris,Similar,Anticonvulsivantes,"Fenobarbital, Fenobarbital Sodico",Cristalia Produtos Quimicos Farmaceuticos Ltda.
Furp-Fenobarbital,Similar,Anticonvulsivantes,"Fenobarbital, Fenobarbital Sodico",Fundacao Para O Remedio Popular - Furp
Empak,Similar,Anticonvulsivantes,Gabapentina,Biolab Sanus Farmaceutica Ltda
Gabaneurin,Similar,Anticonvulsivantes,Gabapentina,Ems Sigma Pharma Ltda
Gapem,Similar,Anticonvulsivantes,Gabapentina,Prati Donaduzzi & Cia Ltda
Neurocontrol,Similar,Anticonvulsivantes,Gabapentina,Laboratorio Teuto Brasileiro S/A
Zigaba,Similar,Anticonvulsivantes,Gabapentina,Uniao Quimica Farmaceutica Nacional S/A
Hetlaco,Similar,Anticonvulsivantes,Lacosamida,Camber Farmaceutica Ltda
Koriva,Similar,Anticonvulsivantes,Lacosamida,Camber Farmaceutica Ltda
Lacopar,Similar,Anticonvulsivantes,Lacosamida,Laboratorio Teuto Brasileiro S/A
Lacotem,Similar,Anticonvulsivantes,Lacosamida,Adium S.A.
Lacyd,Similar,Anticonvulsivantes,Lacosamida,Zydus Nikkho Farmaceutica Ltda
Lakos,Similar,Anticonvulsivantes,Lacosamida,Libbs Farmaceutica Ltda
Lapsu,Similar,Anticonvulsivantes,Lacosamida,Camber Farmaceutica Ltda
Osamy,Similar,Anticonvulsivantes,Lacosamida,Ache Laboratorios Farmaceuticos S.A
Seizla,Similar,Anticonvulsivantes,Lacosamida,Torrent Do Brasil Ltda
Exafob,Similar,Anticonvulsivantes,Lamotrigina,Geolab Industria Farmaceutica S/A
Forlut,Similar,Anticonvulsivantes,Lamotrigina,Biolab Sanus Farmaceutica Ltda
Lamez,Similar,Anticonvulsivantes,Lamotrigina,Accord Farmaceutica Ltda
Lamitor Cd,Similar,Anticonvulsivantes,Lamotrigina,Torrent Do Brasil Ltda
Lamosyn,Similar,Anticonvulsivantes,Lamotrigina,Sun Farmaceutica Do Brasil Ltda
Lamosyn Cd,Similar,Anticonvulsivantes,Lamotrigina,Sun Farmaceutica Do Brasil Ltda
Leptico,Similar,Anticonvulsivantes,Lamotrigina,Eurofarma Laboratorios S.A.
Nepil,Similar,Anticonvulsivantes,Lamotrigina,Zydus Nikkho Farmaceutica Ltda
Neural,Similar,Anticonvulsivantes,Lamotrigina,Cristalia Produtos Quimicos Farmaceuticos Ltda.
Antara,Similar,Anticonvulsivantes,Levetiracetam,Eurofarma Laboratorios S.A.
Antara Xr,Similar,Anticonvulsivantes,Levetiracetam,Eurofarma Laboratorios S.A.
Etira,Similar,Anticonvulsivantes,Levetiracetam,Ache Laboratorios Farmaceuticos S.A
Frontlev,Similar,Anticonvulsivantes,Levetiracetam,Ache Laboratorios Farmaceuticos S.A
Iludral,Similar,Anticonvulsivantes,Levetiracetam,Adium S.A.
Lecza Xr,Similar,Anticonvulsivantes,Levetiracetam,Apsen Farmaceutica S/A
Spark,Similar,Anticonvulsivantes,Levetiracetam,Eurofarma Laboratorios S.A.
Spark Xr,Similar,Anticonvulsivantes,Levetiracetam,Eurofarma Laboratorios S.A.
Tam,Similar,Anticonvulsivantes,Levetiracetam,Supera Farma Laboratorios S.A
Tam Xr,Similar,Anticonvulsivantes,Levetiracetam,Supera Farma Laboratorios S.A
Veepi,Similar,Anticonvulsivantes,Levetiracetam,Torrent Do Brasil Ltda
Vetypa,Similar,Anticonvulsivantes,Levetiracetam,Laboratorio Teuto Brasileiro S/A
Oleptal,Similar,Anticonvulsivantes,Oxcarbazepina,Torrent Do Brasil Ltda
Oxcarb,Similar,Anticonvulsivantes,Oxcarbazepina,Uniao Quimica Farmaceutica Nacional S/A
Alond,Similar,Anticonvulsivantes,Pregabalina,Viatris Farmaceutica Do Brasil Ltda
Apice,Similar,Anticonvulsivantes,Pregabalina,Supera Farma Laboratorios S.A
Comov,Similar,Anticonvulsivantes,Pregabalina,Uniao Quimica Farmaceutica Nacional S/A
Dorene,Similar,Anticonvulsivantes,Pregabalina,Ache Laboratorios Farmaceuticos S.A
Gabalgin,Similar,Anticonvulsivantes,Pregabalina,Multilab Industria E Comercio De Produtos Farmaceuticos Ltda
Gabasolva,Similar,Anticonvulsivantes,Pregabalina,Medquimica Industria Farmaceutica Ltda.
Glya,Similar,Anticonvulsivantes,Pregabalina,Cristalia Produtos Quimicos Farmaceuticos Ltda.
Infoc,Similar,Anticonvulsivantes,Pregabalina,Ache Laboratorios Farmaceuticos S.A
Insit,Similar,Anticonvulsivantes,Pregabalina,Apsen Farmaceutica S/A
Konduz,Similar,Anticonvulsivantes,Pregabalina,Ems S/A
Limiar,Similar,Anticonvulsivantes,Pregabalina,Eurofarma Laboratorios S.A.
Lycerah,Similar,Anticonvulsivantes,Pregabalina,Prati Donaduzzi & Cia Ltda
Lyripati,Similar,Anticonvulsivantes,Pregabalina,Laboratorio Teuto Brasileiro S/A
Lysugi,Similar,Anticonvulsivantes,Pregabalina,Dr. Reddys Farmaceutica Do Brasil Ltda
Mobale,Similar,Anticonvulsivantes,Pregabalina,Eurofarma Laboratorios S.A.
Neugaba,Similar,Anticonvulsivantes,Pregabalina,Sun Farmaceutica Do Brasil Ltda
Prebictal,Similar,Anticonvulsivantes,Pregabalina,Adium S.A.
Prefiss,Similar,Anticonvulsivantes,Pregabalina,Farmoquimica S/A
Pregalpha,Similar,Anticonvulsivantes,Pregabalina,Torrent Do Brasil Ltda
Prelavid,Similar,Anticonvulsivantes,Pregabalina,Cosmed Industria De Cosmeticos E Medicamentos S.A.
Proleptol,Similar,Anticonvulsivantes,Pregabalina,Sanofi Medley Farmaceutica Ltda.
Tagdor,Similar,Anticonvulsivantes,Pregabalina,Biolab Sanus Farmaceutica Ltda
Zeropin,Similar,Anticonvulsivantes,Pregabalina,Abbott Laboratorios Do Brasil Ltda
Amato,Similar,Anticonvulsivantes,Topiramato,Eurofarma Laboratorios S.A.
Arasid,Similar,Anticonvulsivantes,Topiramato,Accord Farmaceutica Ltda
Egide,Similar,Anticonvulsivantes,Topiramato,Libbs Farmaceutica Ltda
Ritop,Similar,Anticonvulsivantes,Topiramato,Zydus Nikkho Farmaceutica Ltda
Tempora,Similar,Anticonvulsivantes,Topiramato,Cristalia Produtos Quimicos Farmaceuticos Ltda.
Vidmax,Similar,Anticonvulsivantes,Topiramato,Ache Laboratorios Farmaceuticos S.A
Lavie,Similar,Anticonvulsivantes,Valproato De Sodio,Prati Donaduzzi & Cia Ltda
Epilenil,Similar,Anticonvulsivantes,"Valproato De Sodio, Acido Valproico",Biolab Sanus Farmaceutica Ltda
Propark,Similar,Anticonvulsivantes E Antiparkinsonianos,"Cloridrato De Biperideno, Lactato De Biperideno Port 344/98 L C 1",Uniao Quimica Farmaceutica Nacional S/A
Agoxom,Similar,Antidepressivos,Agomelatina,Laboratorios Servier Do Brasil Ltda
Elencos,Similar,Antidepressivos,Agomelatina,Teva Farmaceutica Ltda.
Villexom,Similar,Antidepressivos,Agomelatina,Laboratorios Servier Do Brasil Ltda
Citta,Similar,Antidepressivos,Bromidrato De Citalopram,Eurofarma Laboratorios S.A.
Denyl,Similar,Antidepressivos,Bromidrato De Citalopram,Cristalia Produtos Quimicos Farmaceuticos Ltda.
Nypram,Similar,Antidepressivos,Bromidrato De Citalopram,Prati Donaduzzi & Cia Ltda
Procimax,Similar,Antidepressivos,Bromidrato De Citalopram,Libbs Farmaceutica Ltda
Evortia,Similar,Antidepressivos,Bromidrato De Vortioxetina,Cosmed Industria De Cosmeticos E Medicamentos S.A.
Vod,Similar,Antidepressivos,Bromidrato De Vortioxetina,Eurofarma Laboratorios S.A.
Voextor,Similar,Antidepressivos,Bromidrato De Vortioxetina,Libbs Farmaceutica Ltda
Vognus,Similar,Antidepressivos,Bromidrato De Vortioxetina,Ems S/A
Vorpro,Similar,Antidepressivos,Bromidrato De Vortioxetina,Germed Farmaceutica Ltda
Vorsync,Similar,Antidepressivos,Bromidrato De Vortioxetina,Althaia S.A. Industria Farmaceutica
Vorxe,Similar,Antidepressivos,Bromidrato De Vortioxetina,Supera Farma Laboratorios S.A
Vurtuoso,Similar,Antidepressivos,Bromidrato De Vortioxetina,Lundbeck Brasil Ltda
Bilyt,Similar,Antidepressivos,Carbonato De Litio,Biolab Sanus Farmaceutica Ltda
Bipolit,Similar,Antidepressivos,Carbonato De Litio,Hipolabor Farmaceutica Ltda
Carlit,Similar,Antidepressivos,Carbonato De Litio,Supera Farma Laboratorios S.A
Literata,Similar,Antidepressivos,Carbonato De Litio,Cristalia Produtos Quimicos Farmaceuticos Ltda.
Maxapran,Similar,Antidepressivos,Citalopram,Ache Laboratorios Farmaceuticos S.A
Alcytam,Similar,Antidepressivos,"Citalopram, Bromidrato De Citalopram",Torrent Do Brasil Ltda
Amytril,Similar,Antidepressivos,Cloridrato De Amitriptilina,Cristalia Produtos Quimicos Farmaceuticos Ltda.
Mitrip,Similar,Antidepressivos,Cloridrato De Amitriptilina,Myralis Industria Farmaceutica Ltda
Limbitrol,Similar,Antidepressivos,"Cloridrato De Amitriptilina, Clordiazepoxido",Medquimica Industria Farmaceutica Ltda.
Alpes,Similar,Antidepressivos,Cloridrato De Bupropiona,Supera Farma Laboratorios S.A
Alpes Xl,Similar,Antidepressivos,Cloridrato De Bupropiona,Supera Farma Laboratorios S.A
Bup,Similar,Antidepressivos,Cloridrato De Bupropiona,Eurofarma Laboratorios S.A.
Bup Xl,Similar,Antidepressivos,Cloridrato De Bupropiona,Eurofarma Laboratorios S.A.
Bupium Xl,Similar,Antidepressivos,Cloridrato De Bupropiona,Ems Sigma Pharma Ltda
Buprexis Xl,Similar,Antidepressivos,Cloridrato De Bupropiona,Ache Laboratorios Farmaceuticos S.A
Deradop Xl,Similar,Antidepressivos,Cloridrato De Bupropiona,Multilab Industria E Comercio De Produtos Farmaceuticos Ltda
Eutymia Xl,Similar,Antidepressivos,Cloridrato De Bupropiona,Germed Farmaceutica Ltda
Zetron,Similar,Antidepressivos,Cloridrato De Bupropiona,Libbs Farmaceutica Ltda
Clo,Similar,Antidepressivos,Cloridrato De Clomipramina,Ems Sigma Pharma Ltda
Cymbi,Similar,Antidepressivos,Cloridrato De Duloxetina,Ems Sigma Pharma Ltda
Dep,Similar,Antidepressivos,Cloridrato De Duloxetina,Eurofarma Laboratorios S.A.
Deprasil,Similar,Antidepressivos,Cloridrato De Duloxetina,Dr. Reddys Farmaceutica Do Brasil Ltda
Dual,Similar,Antidepressivos,Cloridrato De Duloxetina,Ache Laboratorios Farmaceuticos S.A
Duatlo,Similar,Antidepressivos,Cloridrato De Duloxetina,Supera Farma Laboratorios S.A
Dullo,Similar,Antidepressivos,Cloridrato De Duloxetina,Sun Farmaceutica Do Brasil Ltda
Duxxen,Similar,Antidepressivos,Cloridrato De Duloxetina,Cosmed Industria De Cosmeticos E Medicamentos S.A.
Leduo,Similar,Antidepressivos,Cloridrato De Duloxetina,Uniao Quimica Farmaceutica Nacional S/A
Mydulo,Similar,Antidepressivos,Cloridrato De Duloxetina,Germed Farmaceutica Ltda
Neulox,Similar,Antidepressivos,Cloridrato De Duloxetina,Ems S/A
Sozz,Similar,Antidepressivos,Cloridrato De Duloxetina,Biolab Sanus Farmaceutica Ltda
Sympta,Similar,Antidepressivos,Cloridrato De Duloxetina,Eurofarma Laboratorios S.A.
Velija,Similar,Antidepressivos,Cloridrato De Duloxetina,Libbs Farmaceutica Ltda
Fluoxetin,Similar,Antidepressivos,Cloridrato De Fluoxetina,Cristalia Produtos Quimicos Farmaceuticos Ltda.
Fluxene,Similar,Antidepressivos,Cloridrato De Fluoxetina,Eurofarma Laboratorios S.A.
Prozen,Similar,Antidepressivos,Cloridrato De Fluoxetina,Laboratorio Teuto Brasileiro S/A
Verotina,Similar,Antidepressivos,Cloridrato De Fluoxetina,Libbs Farmaceutica Ltda
Zyfloxin,Similar,Antidepressivos,Cloridrato De Fluoxetina,Zydus Nikkho Farmaceutica Ltda
Imipra,Similar,Antidepressivos,Cloridrato De Imipramina,Cristalia Produtos Quimicos Farmaceuticos Ltda.
Nortry,Similar,Antidepressivos,Cloridrato De Nortriptilina,Laboratorio Teuto Brasileiro S/A
Cebrilin,Similar,Antidepressivos,Cloridrato De Paroxetina,Libbs Farmaceutica Ltda
Parox,Similar,Antidepressivos,Cloridrato De Paroxetina,Laboratorio Teuto Brasileiro S/A
Pondera,Similar,Antidepressivos,Cloridrato De Paroxetina,Eurofarma Laboratorios S.A.
Roxetin,Similar,Antidepressivos,Cloridrato De Paroxetina,Cristalia Produtos Quimicos Farmaceuticos Ltda.
Sincro,Similar,Antidepressivos,Cloridrato De Paroxetina,Eurofarma Laboratorios S.A.
Paxtrat,Similar,Antidepressivos,Cloridrato De Paroxetina Hemi-Hidratado,Uniao Quimica Farmaceutica Nacional S/A
Pondera Xr,Similar,Antidepressivos,Cloridrato De Paroxetina Hemi-Hidratado,Eurofarma Laboratorios S.A.
Roxetin Xr,Similar,Antidepressivos,Cloridrato De Paroxetina Hemi-Hidratado,Cristalia Produtos Quimicos Farmaceuticos Ltda.
Sincro Xr,Similar,Antidepressivos,Cloridrato De Paroxetina Hemi-Hidratado,Eurofarma Laboratorios S.A.
Zyparox,Similar,Antidepressivos,Cloridrato De Paroxetina Hemi-Hidratado,Zydus Nikkho Farmaceutica Ltda
Afetus,Similar,Antidepressivos,Cloridrato De Sertralina,Eurofarma Laboratorios S.A.
Assert,Similar,Antidepressivos,Cloridrato De Sertralina,Eurofarma Laboratorios S.A.
Dieloft,Similar,Antidepressivos,Cloridrato De Sertralina,Ache Laboratorios Farmaceuticos S.A
Ralzin,Similar,Antidepressivos,Cloridrato De Sertralina,Prati Donaduzzi & Cia Ltda
Recapser,Similar,Antidepressivos,Cloridrato De Sertralina,Belfar Ltda
Serenata,Similar,Antidepressivos,Cloridrato De Sertralina,Torrent Do Brasil Ltda
Tolrest,Similar,Antidepressivos,Cloridrato De Sertralina,Ache Laboratorios Farmaceuticos S.A
Trasolin,Similar,Antidepressivos,Cloridrato De Sertralina,Geolab Industria Farmaceutica S/A
Zysertin,Similar,Antidepressivos,Cloridrato De Sertralina,Zydus Nikkho Farmaceutica Ltda
Azod,Similar,Antidepressivos,Cloridrato De Trazodona,Supera Farma Laboratorios S.A
Donaren,Similar,Antidepressivos,Cloridrato De Trazodona,Apsen Farmaceutica S/A
Donaren® Lp,Similar,Antidepressivos,Cloridrato De Trazodona,Apsen Farmaceutica S/A
Loredon,Similar,Antidepressivos,Cloridrato De Trazodona,Torrent Do Brasil Ltda
Lumbra,Similar,Antidepressivos,Cloridrato De Trazodona,Ems S/A
Motraz,Similar,Antidepressivos,Cloridrato De Trazodona,Eurofarma Laboratorios S.A.
Raz Xr,Similar,Antidepressivos,Cloridrato De Trazodona,Ache Laboratorios Farmaceuticos S.A
Sonic,Similar,Antidepressivos,Cloridrato De Trazodona,Eurofarma Laboratorios S.A.
Tradep,Similar,Antidepressivos,Cloridrato De Trazodona,Multilab Industria E Comercio De Produtos Farmaceuticos Ltda
Alenthus Xr,Similar,Antidepressivos,Cloridrato De Venlafaxina,Ache Laboratorios Farmaceuticos S.A
Altven,Similar,Antidepressivos,Cloridrato De Venlafaxina,Viatris Farmaceutica Do Brasil Ltda
Venf Xr,Similar,Antidepressivos,Cloridrato De Venlafaxina,Laboratorio Teuto Brasileiro S/A
Venforin,Similar,Antidepressivos,Cloridrato De Venlafaxina,Ems Sigma Pharma Ltda
Venlaxin Xr,Similar,Antidepressivos,Cloridrato De Venlafaxina,Eurofarma Laboratorios S.A.
Venlift Od,Similar,Antidepressivos,Cloridrato De Venlafaxina,Torrent Do Brasil Ltda
Vensate Lp,Similar,Antidepressivos,Cloridrato De Venlafaxina,Cristalia Produtos Quimicos Farmaceuticos Ltda.
Aymee,Similar,Antidepressivos,Cloridrato De Vilazodona,Libbs Farmaceutica Ltda
Afluv,Similar,Antidepressivos,Maleato De Fluvoxamina,Eurofarma Laboratorios S.A.
Fluvique,Similar,Antidepressivos,Maleato De Fluvoxamina,Supera Farma Laboratorios S.A
Revoc,Similar,Antidepressivos,Maleato De Fluvoxamina,Abbott Laboratorios Do Brasil Ltda
Semtri,Similar,Antidepressivos,Maleato De Fluvoxamina,Biolab Sanus Farmaceutica Ltda
Catarse Odt,Similar,Antidepressivos,Mirtazapina,Farmoquimica S/A
Menelat,Similar,Antidepressivos,Mirtazapina,Torrent Do Brasil Ltda
Menelat Odt,Similar,Antidepressivos,Mirtazapina,Torrent Do Brasil Ltda
Myrtz Odt,Similar,Antidepressivos,Mirtazapina,Laboratorio Teuto Brasileiro S/A
Myzapy,Similar,Antidepressivos,Mirtazapina,Laboratorio Teuto Brasileiro S/A
Razapina,Similar,Antidepressivos,Mirtazapina,Sandoz Do Brasil Industria Farmaceutica Ltda
Zapsy,Similar,Antidepressivos,Mirtazapina,Prati Donaduzzi & Cia Ltda
Deciprax,Similar,Antidepressivos,Oxalato De Escitalopram,Cosmed Industria De Cosmeticos E Medicamentos S.A.
Esc,Similar,Antidepressivos,Oxalato De Escitalopram,Eurofarma Laboratorios S.A.
Escena,Similar,Antidepressivos,Oxalato De Escitalopram,Cristalia Produtos Quimicos Farmaceuticos Ltda.
Escilex,Similar,Antidepressivos,Oxalato De Escitalopram,Ems Sigma Pharma Ltda
Escip,Similar,Antidepressivos,Oxalato De Escitalopram,Geolab Industria Farmaceutica S/A
Espran,Similar,Antidepressivos,Oxalato De Escitalopram,Torrent Do Brasil Ltda
Eudok,Similar,Antidepressivos,Oxalato De Escitalopram,Uniao Quimica Farmaceutica Nacional S/A
Exodus,Similar,Antidepressivos,Oxalato De Escitalopram,Ache Laboratorios Farmaceuticos S.A
Felissa,Similar,Antidepressivos,Oxalato De Escitalopram,Sun Farmaceutica Do Brasil Ltda
Fusor,Similar,Antidepressivos,Oxalato De Escitalopram,Ache Laboratorios Farmaceuticos S.A
Lexaprass,Similar,Antidepressivos,Oxalato De Escitalopram,Laboratorio Teuto Brasileiro S/A
Mind,Similar,Antidepressivos,Oxalato De Escitalopram,Biolab Sanus Farmaceutica Ltda
Oxalato De Escitalopram,Similar,Antidepressivos,Oxalato De Escitalopram,Cristalia Produtos Quimicos Farmaceuticos Ltda.
Reconter,Similar,Antidepressivos,Oxalato De Escitalopram,Libbs Farmaceutica Ltda
Sytoc,Similar,Antidepressivos,Oxalato De Escitalopram,Pharlab Industria Farmaceutica S.A.
Unitram,Similar,Antidepressivos,Oxalato De Escitalopram,Farmoquimica S/A
Afax,Similar,Antidepressivos,Succinato De Desvenlafaxina Monoidratado,Prati Donaduzzi & Cia Ltda
Andes,Similar,Antidepressivos,Succinato De Desvenlafaxina Monoidratado,Supera Farma Laboratorios S.A
Aviv,Similar,Antidepressivos,Succinato De Desvenlafaxina Monoidratado,Cosmed Industria De Cosmeticos E Medicamentos S.A.
Delagran,Similar,Antidepressivos,Succinato De Desvenlafaxina Monoidratado,Legrand Pharma Industria Farmaceutica Ltda
Deller,Similar,Antidepressivos,Succinato De Desvenlafaxina Monoidratado,Ache Laboratorios Farmaceuticos S.A
Desdiff,Similar,Antidepressivos,Succinato De Desvenlafaxina Monoidratado,Diffucap - Chemobras Quimica E Farmaceutica Ltda
Desduo,Similar,Antidepressivos,Succinato De Desvenlafaxina Monoidratado,Torrent Do Brasil Ltda
Desenvo,Similar,Antidepressivos,Succinato De Desvenlafaxina Monoidratado,Ache Laboratorios Farmaceuticos S.A
Destyc,Similar,Antidepressivos,Succinato De Desvenlafaxina Monoidratado,Sanusphar Pesquisa E Desenvovimento Ltda
Desve,Similar,Antidepressivos,Succinato De Desvenlafaxina Monoidratado,Eurofarma Laboratorios S.A.
Desventag,Similar,Antidepressivos,Succinato De Desvenlafaxina Monoidratado,Ache Laboratorios Farmaceuticos S.A
Elifore,Similar,Antidepressivos,Succinato De Desvenlafaxina Monoidratado,Pfizer Brasil Ltda
Imense,Similar,Antidepressivos,Succinato De Desvenlafaxina Monoidratado,Ems S/A
Rytmise,Similar,Antidepressivos,Succinato De Desvenlafaxina Monoidratado,Germed Farmaceutica Ltda
Vellana,Similar,Antidepressivos,Succinato De Desvenlafaxina Monoidratado,Cristalia Produtos Quimicos Farmaceuticos Ltda.
Vendexla,Similar,Antidepressivos,Succinato De Desvenlafaxina Monoidratado,Eurofarma Laboratorios S.A.
Venlapress,Similar,Antidepressivos,Succinato De Desvenlafaxina Monoidratado,Multilab Industria E Comercio De Produtos Farmaceuticos Ltda
Vyxara,Similar,Antidepressivos,Succinato De Desvenlafaxina Monoidratado,Pharlab Industria Farmaceutica S.A.
Zodel,Similar,Antidepressivos,Succinato De Desvenlafaxina Monoidratado,Sanofi Medley Farmaceutica Ltda.
Parnate,Similar,Antidepressivos,Sulfato De Tranilcipromina,Glaxosmithkline Brasil Ltda
Aglucose,Similar,Antidiabeticos,Acarbose,Ems Sigma Pharma Ltda
Libette,Similar,Antidiabeticos,Benzoato De Alogliptina,Eurofarma Laboratorios S.A.
Diglixx,Similar,Antidiabeticos,Cloridrato De Metformina,Laboratorio Globo Sa
Formyn,Similar,Antidiabeticos,Cloridrato De Metformina,Multilab Industria E Comercio De Produtos Farmaceuticos Ltda
Funed Metformina,Similar,Antidiabeticos,Cloridrato De Metformina,Fundacao Ezequiel Dias - Funed
Glicefor,Similar,Antidiabeticos,Cloridrato De Metformina,Geolab Industria Farmaceutica S/A
Glicomet,Similar,Antidiabeticos,Cloridrato De Metformina,Vitamedic Industria Farmaceutica Ltda
Lfm – Metformina,Similar,Antidiabeticos,Cloridrato De Metformina,Laboratorio Farmaceutico Da Marinha
Metta Sr,Similar,Antidiabeticos,Cloridrato De Metformina,Torrent Do Brasil Ltda
Mytfor Lp,Similar,Antidiabeticos,Cloridrato De Metformina,Accord Farmaceutica Ltda
Teutoformin,Similar,Antidiabeticos,Cloridrato De Metformina,Laboratorio Teuto Brasileiro S/A
Aglitil,Similar,Antidiabeticos,Cloridrato De Pioglitazona,Multilab Industria E Comercio De Produtos Farmaceuticos Ltda
Diaglits,Similar,Antidiabeticos,Cloridrato De Pioglitazona,Laboratorio Globo Sa
Doble,Similar,Antidiabeticos,Cloridrato De Pioglitazona,Biolab Sanus Farmaceutica Ltda
Pioglit,Similar,Antidiabeticos,Cloridrato De Pioglitazona,Torrent Do Brasil Ltda
Piomi,Similar,Antidiabeticos,Cloridrato De Pioglitazona,Myralis Industria Farmaceutica Ltda
Piotaz,Similar,Antidiabeticos,Cloridrato De Pioglitazona,Germed Farmaceutica Ltda
Stanglit,Similar,Antidiabeticos,Cloridrato De Pioglitazona,Libbs Farmaceutica Ltda
Dapana,Similar,Antidiabeticos,Dapagliflozina,Supera Farma Laboratorios S.A
Dapazorg,Similar,Antidiabeticos,Dapagliflozina,Camber Farmaceutica Ltda
Dapflow,Similar,Antidiabeticos,Dapagliflozina,Ems S/A
Dapliza,Similar,Antidiabeticos,Dapagliflozina,Eurofarma Laboratorios S.A.
Daplys,Similar,Antidiabeticos,Dapagliflozina,Germed Farmaceutica Ltda
Glif,Similar,Antidiabeticos,Dapagliflozina,Eurofarma Laboratorios S.A.
Vidap,Similar,Antidiabeticos,Dapagliflozina,Ache Laboratorios Farmaceuticos S.A
Dapagle,Similar,Antidiabeticos,Dapagliflozina Propanodiol Monoidratado,Legrand Pharma Industria Farmaceutica Ltda
Edistride,Similar,Antidiabeticos,Dapagliflozina Propanodiol Monoidratado,Astrazeneca Do Brasil Ltda
Juglint,Similar,Antidiabeticos,Dapagliflozina Propanodiol Monoidratado,Ems S/A
Ebymect Xr,Similar,Antidiabeticos,"Dapagliflozina Propanodiol Monoidratado, Cloridrato De Metformina",Astrazeneca Do Brasil Ltda
Ardecto,Similar,Antidiabeticos,"Dapagliflozina Propanodiol Monoidratado, Saxagliptina Monoidratada",Astrazeneca Do Brasil Ltda
Empaflo,Similar,Antidiabeticos,Empagliflozina,Germed Farmaceutica Ltda
Glempa,Similar,Antidiabeticos,Empagliflozina,Ems S/A
Gluzera,Similar,Antidiabeticos,Empagliflozina,Medquimica Industria Farmaceutica Ltda.
Sitar,Similar,Antidiabeticos,Fosfato De Sitagliptina,Sun Farmaceutica Do Brasil Ltda
Nimegon Met,Similar,Antidiabeticos,"Fosfato De Sitagliptina Monoidratado, Cloridrato De Metformina",Merck Sharp & Dohme Farmaceutica Ltda.
Sitglu Met,Similar,Antidiabeticos,"Fosfato De Sitagliptina Monoidratado, Cloridrato De Metformina",Germed Farmaceutica Ltda
Gifuz,Similar,Antidiabeticos,"Fosfato De Sitagliptina, Cloridrato De Metformina",Camber Farmaceutica Ltda
Glifhoz,Similar,Antidiabeticos,"Fosfato De Sitagliptina, Cloridrato De Metformina",Camber Farmaceutica Ltda
Siteh Met,Similar,Antidiabeticos,"Fosfato De Sitagliptina, Cloridrato De Metformina",Torrent Do Brasil Ltda
Siteh Met Lp,Similar,Antidiabeticos,"Fosfato De Sitagliptina, Cloridrato De Metformina",Torrent Do Brasil Ltda
Furp-Glibenclamida,Similar,Antidiabeticos,Glibenclamida,Fundacao Para O Remedio Popular - Furp
Glibeneck,Similar,Antidiabeticos,Glibenclamida,1Farma Industria Farmaceutica Ltda
Glionil,Similar,Antidiabeticos,Glibenclamida,Brainfarma Industria Quimica E Farmaceutica S.A
Azukon Mr,Similar,Antidiabeticos,"Glicazida, Gliclazida",Torrent Do Brasil Ltda
Beteglid,Similar,Antidiabeticos,Gliclazida,Multilab Industria E Comercio De Produtos Farmaceuticos Ltda
Cimadilic,Similar,Antidiabeticos,Gliclazida,Cimed Industria S.A
Clazi Xr,Similar,Antidiabeticos,Gliclazida,Germed Farmaceutica Ltda
Diatarcom Mr,Similar,Antidiabeticos,Gliclazida,Laboratorios Servier Do Brasil Ltda
Dicazid Mr,Similar,Antidiabeticos,Gliclazida,Pharlab Industria Farmaceutica S.A.
Betes,Similar,Antidiabeticos,Glimepirida,Eurofarma Laboratorios S.A.
Glimepil,Similar,Antidiabeticos,Glimepirida,Farmoquimica S/A
Glucagen,Similar,Antidiabeticos,Glucagon,Novo Nordisk Farmaceutica Do Brasil Ltda
Glinape,Similar,Antidiabeticos,Linagliptina,Legrand Pharma Industria Farmaceutica Ltda
Glink,Similar,Antidiabeticos,Linagliptina,Libbs Farmaceutica Ltda
Glunac,Similar,Antidiabeticos,Linagliptina,Germed Farmaceutica Ltda
Linadib,Similar,Antidiabeticos,Linagliptina,Ems S/A
Glink Met,Similar,Antidiabeticos,"Linagliptina, Cloridrato De Metformina",Libbs Farmaceutica Ltda
Glunac Duo,Similar,Antidiabeticos,"Linagliptina, Cloridrato De Metformina",Germed Farmaceutica Ltda
Linadib Duo,Similar,Antidiabeticos,"Linagliptina, Cloridrato De Metformina",Ems S/A
Diavitality,Similar,Antidiabeticos,Vildagliptina,Hemafarma Com E Ind Farmaceutica Ltda
Digluss,Similar,Antidiabeticos,Vildagliptina,Laboratorio Globo Sa
Gavidi,Similar,Antidiabeticos,Vildagliptina,Cosmed Industria De Cosmeticos E Medicamentos S.A.
Glytco,Similar,Antidiabeticos,Vildagliptina,Natcofarma Do Brasil Ltda
Luniera,Similar,Antidiabeticos,Vildagliptina,Biotec Biologica Industria Farmaceutica Ltda.
Mahan,Similar,Antidiabeticos,Vildagliptina,Sun Farmaceutica Do Brasil Ltda
Vilgli,Similar,Antidiabeticos,Vildagliptina,Torrent Do Brasil Ltda
Viz Met,Similar,Antidiabeticos,"Vildagliptina, Cloridrato De Metformina",Torrent Do Brasil Ltda
Diasec,Similar,Antidiarreicos Adsorventes E Antifiseticos,Cloridrato De Loperamida,Sandoz Do Brasil Industria Farmaceutica Ltda
Intestin,Similar,Antidiarreicos Adsorventes E Antifiseticos,Cloridrato De Loperamida,Laboratorio Globo Sa
Kaosec,Similar,Antidiarreicos Adsorventes E Antifiseticos,Cloridrato De Loperamida,Pharmascience Industria Farmaceutica S.A
Magnostase,Similar,Antidiarreicos Adsorventes E Antifiseticos,Cloridrato De Loperamida,Brainfarma Industria Quimica E Farmaceutica S.A
Avide,Similar,Antidiarreicos Simples Sem Acao Antimicrobiana,Racecadotrila,Ache Laboratorios Farmaceuticos S.A
Folinac,Similar,Antimetabolicos Antagonistas Do Acido Folico,Folinato De Calcio,Hipolabor Farmaceutica Ltda
Balorti,Similar,Antiemeticos E Antinauseantes,Bromoprida,Prati Donaduzzi & Cia Ltda
Bromogex,Similar,Antiemeticos E Antinauseantes,Bromoprida,Wasser Farma Ltda
Bromoprida,Similar,Antiemeticos E Antinauseantes,Bromoprida,Nativita Ind. Com. Ltda.
Digesigma,Similar,Antiemeticos E Antinauseantes,Bromoprida,Ems Sigma Pharma Ltda
Digesigma Gotas,Similar,Antiemeticos E Antinauseantes,Bromoprida,Multilab Industria E Comercio De Produtos Farmaceuticos Ltda
Digesol,Similar,Antiemeticos E Antinauseantes,Bromoprida,Unither Industria Farmaceutica Ltda.
Digestil,Similar,Antiemeticos E Antinauseantes,Bromoprida,Laboratorio Teuto Brasileiro S/A
Digevita,Similar,Antiemeticos E Antinauseantes,Bromoprida,Nativita Ind. Com. Ltda.
Fagico,Similar,Antiemeticos E Antinauseantes,Bromoprida,Eurofarma Laboratorios S.A.
Movinau,Similar,Antiemeticos E Antinauseantes,Bromoprida,Natulab Laboratorio S.A
Ansentron,Similar,Antiemeticos E Antinauseantes,Cloridrato  De Ondansetrona Di-Hidratado,Ache Laboratorios Farmaceuticos S.A
Enavo Odt,Similar,Antiemeticos E Antinauseantes,Cloridrato  De Ondansetrona Di-Hidratado,Ems S/A
Enjovix Flash,Similar,Antiemeticos E Antinauseantes,Cloridrato  De Ondansetrona Di-Hidratado,Althaia S.A. Industria Farmaceutica
Naudan Odt,Similar,Antiemeticos E Antinauseantes,Cloridrato  De Ondansetrona Di-Hidratado,Ems S/A
Nautex,Similar,Antiemeticos E Antinauseantes,Cloridrato  De Ondansetrona Di-Hidratado,Ache Laboratorios Farmaceuticos S.A
Onadyv,Similar,Antiemeticos E Antinauseantes,Cloridrato  De Ondansetrona Di-Hidratado,Pharlab Industria Farmaceutica S.A.
Ondaalive,Similar,Antiemeticos E Antinauseantes,Cloridrato  De Ondansetrona Di-Hidratado,Laboratorio Globo Sa
Ondanmed,Similar,Antiemeticos E Antinauseantes,Cloridrato  De Ondansetrona Di-Hidratado,Cimed Industria S.A
Ondavon,Similar,Antiemeticos E Antinauseantes,Cloridrato  De Ondansetrona Di-Hidratado,Brainfarma Industria Quimica E Farmaceutica S.A
Ondrau,Similar,Antiemeticos E Antinauseantes,Cloridrato  De Ondansetrona Di-Hidratado,Geolab Industria Farmaceutica S/A
Ondset Inj,Similar,Antiemeticos E Antinauseantes,Cloridrato  De Ondansetrona Di-Hidratado,Uniao Quimica Farmaceutica Nacional S/A
Ondset Odt,Similar,Antiemeticos E Antinauseantes,Cloridrato  De Ondansetrona Di-Hidratado,Uniao Quimica Farmaceutica Nacional S/A
Ontrax,Similar,Antiemeticos E Antinauseantes,Cloridrato  De Ondansetrona Di-Hidratado,Blau Farmaceutica S.A.
Volig,Similar,Antiemeticos E Antinauseantes,Cloridrato  De Ondansetrona Di-Hidratado,Legrand Pharma Industria Farmaceutica Ltda
Vonau Solucao Oral,Similar,Antiemeticos E Antinauseantes,Cloridrato  De Ondansetrona Di-Hidratado,Biolab Sanus Farmaceutica Ltda
Vonset,Similar,Antiemeticos E Antinauseantes,Cloridrato  De Ondansetrona Di-Hidratado,Uniao Quimica Farmaceutica Nacional S/A
Jofix,Similar,Antiemeticos E Antinauseantes,"Cloridrato  De Ondansetrona Di-Hidratado, Cloridrato De Ondansetrona",Arese Pharma Ltda.
Listo,Similar,Antiemeticos E Antinauseantes,"Cloridrato  De Ondansetrona Di-Hidratado, Cloridrato De Ondansetrona",Biolab Sanus Farmaceutica Ltda
Nausedron,Similar,Antiemeticos E Antinauseantes,"Cloridrato  De Ondansetrona Di-Hidratado, Cloridrato De Ondansetrona",Cristalia Produtos Quimicos Farmaceuticos Ltda.
Ontrax,Similar,Antiemeticos E Antinauseantes,"Cloridrato  De Ondansetrona Di-Hidratado, Cloridrato De Ondansetrona",Blau Farmaceutica S.A.
Mezyac,Similar,Antiemeticos E Antinauseantes,"Cloridrato De Meclizina, Dicloridrato De Meclozina Monoidratado",Apsen Farmaceutica S/A
Aristopramida,Similar,Antiemeticos E Antinauseantes,Cloridrato De Metoclopramida,Blau Farmaceutica S.A.
Metoclosantisa,Similar,Antiemeticos E Antinauseantes,Cloridrato De Metoclopramida,Santisa Laboratorio Farmaceutico S/A
Furp - Metoclopramida,Similar,Antiemeticos E Antinauseantes,Cloridrato De Metoclopramida Monoidratado,Fundacao Para O Remedio Popular - Furp
Hyposil,Similar,Antiemeticos E Antinauseantes,Cloridrato De Metoclopramida Monoidratado,Hypofarma - Instituto De Hypodermia E Farmacia Ltda
Metrofarma,Similar,Antiemeticos E Antinauseantes,Cloridrato De Metoclopramida Monoidratado,Farmace Industria Quimico-Farmaceutica Cearense Ltda
Noprosil,Similar,Antiemeticos E Antinauseantes,Cloridrato De Metoclopramida Monoidratado,Halex Istar Industria Farmaceutica Sa
Plabel,Similar,Antiemeticos E Antinauseantes,Cloridrato De Metoclopramida Monoidratado,Belfar Ltda
Plagex,Similar,Antiemeticos E Antinauseantes,Cloridrato De Metoclopramida Monoidratado,Laboratorio Teuto Brasileiro S/A
Plavom,Similar,Antiemeticos E Antinauseantes,Cloridrato De Metoclopramida Monoidratado,Cimed Industria S.A
Voumedi,Similar,Antiemeticos E Antinauseantes,Cloridrato De Metoclopramida Monoidratado,Vitamedic Industria Farmaceutica Ltda
Vomistop,Similar,Antiemeticos E Antinauseantes,"Cloridrato De Metoclopramida Monoidratado, Cloridrato De Piridoxina",Medquimica Industria Farmaceutica Ltda.
Lorah,Similar,Antiemeticos E Antinauseantes,Cloridrato De Palonosetrona,Ache Laboratorios Farmaceuticos S.A
Palocyt,Similar,Antiemeticos E Antinauseantes,Cloridrato De Palonosetrona,Accord Farmaceutica Ltda
Nausilon B6,Similar,Antiemeticos E Antinauseantes,"Cloridrato De Piridoxina, Dimenidrinato",Cifarma Cientifica Farmaceutica Ltda
Dramavit,Similar,Antiemeticos E Antinauseantes,Dimenidrinato,Brainfarma Industria Quimica E Farmaceutica S.A
Nausicalm Capsula Mole,Similar,Antiemeticos E Antinauseantes,Dimenidrinato,Uniao Quimica Farmaceutica Nacional S/A
Dimenidrin,Similar,Antiemeticos E Antinauseantes,"Dimenidrinato, Cloridrato De Piridoxina",Vitamedic Industria Farmaceutica Ltda
Dramavit B6,Similar,Antiemeticos E Antinauseantes,"Dimenidrinato, Cloridrato De Piridoxina",Brainfarma Industria Quimica E Farmaceutica S.A
Drivom B6,Similar,Antiemeticos E Antinauseantes,"Dimenidrinato, Cloridrato De Piridoxina",Vitamedic Industria Farmaceutica Ltda
Nausicalm B6,Similar,Antiemeticos E Antinauseantes,"Dimenidrinato, Cloridrato De Piridoxina",Uniao Quimica Farmaceutica Nacional S/A
Domperix,Similar,Antiemeticos E Antinauseantes,Domperidona,Eurofarma Laboratorios S.A.
Dompgran,Similar,Antiemeticos E Antinauseantes,Domperidona,Legrand Pharma Industria Farmaceutica Ltda
Dompliv,Similar,Antiemeticos E Antinauseantes,Domperidona,Ems S/A
Molidon,Similar,Antiemeticos E Antinauseantes,Domperidona,Ems Sigma Pharma Ltda
Motiridona,Similar,Antiemeticos E Antinauseantes,Domperidona,Germed Farmaceutica Ltda
Peridal,Similar,Antiemeticos E Antinauseantes,Domperidona,Cosmed Industria De Cosmeticos E Medicamentos S.A.
Perigite,Similar,Antiemeticos E Antinauseantes,Domperidona,Belfar Ltda
Droperdal,Similar,Antiemeticos E Antinauseantes,Droperidol,Cristalia Produtos Quimicos Farmaceuticos Ltda.
Enek,Similar,Antiemeticos E Antinauseantes,Fosaprepitanto Dimeglumina,Laboratorio Quimico Farmaceutico Bergamo Ltda
Fopitant,Similar,Antiemeticos E Antinauseantes,Fosaprepitanto Dimeglumina,Camber Farmaceutica Ltda
Foza,Similar,Antiemeticos E Antinauseantes,Fosaprepitanto Dimeglumina,Accord Farmaceutica Ltda
Novosil,Similar,Antiemeticos E Antinauseantes,Metoclopramida,Hipolabor Farmaceutica Ltda
Valpi,Similar,Anticonvulsivantes,Divalproato De Sodio,Ache Laboratorios Farmaceuticos S.A
Dorspan,Similar,Antiespasmodicos,"Brometo De N-Butilescopolamina, Butilbrometo De Escopolamina, Dipirona",Ems S/A
Hiospan Composto,Similar,Antiespasmodicos,"Brometo De N-Butilescopolamina, Dipirona, Dipirona Monoidratada",Laboratorio Teuto Brasileiro S/A
Siilif,Similar,Antiespasmodicos,Brometo De Pinaverio,Takeda Pharma Ltda.
Furp-Hioscina,Similar,Antiespasmodicos E Anticolinergicos Gastrintestinais,Butilbrometo De Escopolamina,Fundacao Para O Remedio Popular - Furp
Escopen Composto,Similar,Antiespasmodicos,"Butilbrometo De Escopolamina, Dipirona, Dipirona Monoidratada",Pharlab Industria Farmaceutica S.A.
Hypocina Composta,Similar,Antiespasmodicos,"Butilbrometo De Escopolamina, Dipirona, Dipirona Monoidratada",Hypofarma - Instituto De Hypodermia E Farmacia Ltda
Rubenti,Similar,Antiespasmodicos,Cloridrato De Mebeverina,Abbott Laboratorios Do Brasil Ltda
Dry,Similar,Antiespasmodicos,Cloridrato De Oxibutinina,Cristalia Produtos Quimicos Farmaceuticos Ltda.
Nourin,Similar,Antiespasmodicos,Cloridrato De Oxibutinina,Supera Farma Laboratorios S.A
Hypoverin,Similar,Antiespasmodicos,Cloridrato De Papaverina,Hypofarma - Instituto De Hypodermia E Farmacia Ltda
Belspan,Similar,Antiespasmodicos,"Dipirona, Butil Brometo De Escopolamina, Butilbrometo De Escopolamina",Belfar Ltda
Irritratil,Similar,Antiespasmodicos,Maleato De Trimebutina,Ache Laboratorios Farmaceuticos S.A
Modulatri,Similar,Antiespasmodicos,Maleato De Trimebutina,Legrand Pharma Industria Farmaceutica Ltda
Tribugestex,Similar,Antiespasmodicos,Maleato De Trimebutina,Multilab Industria E Comercio De Produtos Farmaceuticos Ltda
Trimeb,Similar,Antiespasmodicos,Maleato De Trimebutina,Eurofarma Laboratorios S.A.
Trimexium,Similar,Antiespasmodicos,Maleato De Trimebutina,Ems S/A
Colipan,Similar,Antiespasmodicos E Anticolinergicos Gastrintestinais,Butil Brometo De Escopolamina,Greenpharma Quimica E Farmaceutica Ltda
Buscopan Pediatrico,Similar,Antiespasmodicos E Anticolinergicos Gastrintestinais,Butilbrometo De Escopolamina,Cosmed Industria De Cosmeticos E Medicamentos S.A.
Homatropin,Similar,Antiespasmodicos E Anticolinergicos Gastrintestinais,Metilbrometo De Homatropina,Cazi Quimica Farmaceutica Industria E Comercio Ltda
Atropion,Similar,Midriaticos,Sulfato De Atropina,Blau Farmaceutica S.A.
Pasmodex,Similar,Midriaticos,Sulfato De Atropina,Halex Istar Industria Farmaceutica Sa
Atrofarma,Similar,Antiespasmodicos E Anticolinergicos Gastrintestinais,Sulfato De Atropina Monoidratado,Farmace Industria Quimico-Farmaceutica Cearense Ltda
Hytropin,Similar,Midriaticos,Sulfato De Atropina,Hypofarma - Instituto De Hypodermia E Farmacia Ltda
Buscopan Composto,Similar,Antiespasmodicos E Anticolinergicos-Assoc  Medicamentosas,"Butilbrometo De Escopolamina, Dipirona Monoidratada",Cosmed Industria De Cosmeticos E Medicamentos S.A.
Buscoplex Composto,Similar,Antiespasmodicos E Anticolinergicos-Assoc  Medicamentosas,"Butilbrometo De Escopolamina, Dipirona Monoidratada",Natulab Laboratorio S.A
Buscoveran Composto,Similar,Antiespasmodicos E Anticolinergicos-Assoc  Medicamentosas,"Butilbrometo De Escopolamina, Dipirona Monoidratada",Uniao Quimica Farmaceutica Nacional S/A
Colihelp,Similar,Antiespasmodicos E Anticolinergicos-Assoc  Medicamentosas,"Butilbrometo De Escopolamina, Dipirona Monoidratada",Brainfarma Industria Quimica E Farmaceutica S.A
Dipbe Col,Similar,Antiespasmodicos E Anticolinergicos-Assoc  Medicamentosas,"Butilbrometo De Escopolamina, Dipirona Monoidratada",Kymberg Farmaceutica Do Brasil Ltda
Dorspan Composto,Similar,Antiespasmodicos E Anticolinergicos-Assoc  Medicamentosas,"Butilbrometo De Escopolamina, Dipirona Monoidratada",Ems S/A
Espasmopan Composto,Similar,Antiespasmodicos E Anticolinergicos-Assoc  Medicamentosas,"Butilbrometo De Escopolamina, Dipirona Monoidratada",Uniao Quimica Farmaceutica Nacional S/A
Lisador Colica,Similar,Antiespasmodicos E Anticolinergicos-Assoc  Medicamentosas,"Butilbrometo De Escopolamina, Dipirona Monoidratada",Cosmed Industria De Cosmeticos E Medicamentos S.A.
Mirador Colica,Similar,Antiespasmodicos E Anticolinergicos-Assoc  Medicamentosas,"Butilbrometo De Escopolamina, Dipirona Monoidratada",Brainfarma Industria Quimica E Farmaceutica S.A
Mirador Colica Gts,Similar,Antiespasmodicos E Anticolinergicos-Assoc  Medicamentosas,"Butilbrometo De Escopolamina, Dipirona Monoidratada",Brainfarma Industria Quimica E Farmaceutica S.A
Neocopan Composto,Similar,Antiespasmodicos E Anticolinergicos-Assoc  Medicamentosas,"Butilbrometo De Escopolamina, Dipirona Monoidratada",Uniao Quimica Farmaceutica Nacional S/A
Buscopan Duo,Similar,Antiespasmodicos E Anticolinergicos-Assoc  Medicamentosas,"Butilbrometo De Escopolamina, Paracetamol",Cosmed Industria De Cosmeticos E Medicamentos S.A.
Femcolyc,Similar,Antiespasmodicos E Anticolinergicos-Assoc  Medicamentosas,"Butilbrometo De Escopolamina, Paracetamol",Cosmed Industria De Cosmeticos E Medicamentos S.A.
Hioariston,Similar,Antiespasmodicos E Anticolinergicos-Assoc  Medicamentosas,"Dipirona Monoidratada, Butilbrometo De Escopolamina",Blau Farmaceutica S.A.
Tropinal,Similar,Antiespasmodicos E Anticolinergicos-Assoc  Medicamentosas,"Dipirona, Metilbrometo De Homatropina, Brometo De N-Butilescopolamina, Bromidrato De Hiosciamina",Ems Sigma Pharma Ltda
Espaslit Duo,Similar,Antiespasmodicos E Anticolinergicos-Assoc  Medicamentosas,"Paracetamol, Butilbrometo De Escopolamina",Geolab Industria Farmaceutica S/A
Santropina,Similar,Midriaticos,Sulfato De Atropina,Santisa Laboratorio Farmaceutico S/A
Hemoblock,Similar,Antifibrinoliticos,Acido Tranexamico,Ems Sigma Pharma Ltda
Ryvka,Similar,Antifibrinoliticos,Acido Tranexamico,Blau Farmaceutica S.A.
Traneger,Similar,Antifibrinoliticos,Acido Tranexamico,Germed Farmaceutica Ltda
Trexacont,Similar,Antifibrinoliticos,Acido Tranexamico,Legrand Pharma Industria Farmaceutica Ltda
Bimagan,Similar,Antiglaucomatosos,Bimatoprosta,Geolab Industria Farmaceutica S/A
Bimaprost,Similar,Antiglaucomatosos,Bimatoprosta,Ems S/A
Glamigan,Similar,Antiglaucomatosos,Bimatoprosta,Germed Farmaceutica Ltda
Glaucur,Similar,Antiglaucomatosos,Bimatoprosta,Legrand Pharma Industria Farmaceutica Ltda
Ocubin,Similar,Antiglaucomatosos,Bimatoprosta,Ems Sigma Pharma Ltda
Visan,Similar,Antiglaucomatosos,Bimatoprosta,Cristalia Produtos Quimicos Farmaceuticos Ltda.
Duoglau,Similar,Antiglaucomatosos,"Bimatoprosta, Maleato De Timolol",Uniao Quimica Farmaceutica Nacional S/A
Glamigan Mt,Similar,Antiglaucomatosos,"Bimatoprosta, Maleato De Timolol",Germed Farmaceutica Ltda
Visan Mt,Similar,Antiglaucomatosos,"Bimatoprosta, Maleato De Timolol",Cristalia Produtos Quimicos Farmaceuticos Ltda.
Presmin,Similar,Antiglaucomatosos,Cloridrato De Betaxolol,Cristalia Produtos Quimicos Farmaceuticos Ltda.
Visoptic,Similar,Antiglaucomatosos,Cloridrato De Betaxolol,Geolab Industria Farmaceutica S/A
Andrum,Similar,Antiglaucomatosos,Cloridrato De Dorzolamida,Ache Laboratorios Farmaceuticos S.A
Dorzal,Similar,Antiglaucomatosos,Cloridrato De Dorzolamida,Legrand Pharma Industria Farmaceutica Ltda
Dorzoptan,Similar,Antiglaucomatosos,Cloridrato De Dorzolamida,Geolab Industria Farmaceutica S/A
Ocupress,Similar,Antiglaucomatosos,Cloridrato De Dorzolamida,Uniao Quimica Farmaceutica Nacional S/A
Zonidra,Similar,Antiglaucomatosos,Cloridrato De Dorzolamida,Cristalia Produtos Quimicos Farmaceuticos Ltda.
Dorzal Mt,Similar,Antiglaucomatosos,"Cloridrato De Dorzolamida, Maleato De Timolol",Legrand Pharma Industria Farmaceutica Ltda
Dorzivis,Similar,Antiglaucomatosos,"Cloridrato De Dorzolamida, Maleato De Timolol",Cosmed Industria De Cosmeticos E Medicamentos S.A.
Dorzoptan Mt,Similar,Antiglaucomatosos,"Cloridrato De Dorzolamida, Maleato De Timolol",Geolab Industria Farmaceutica S/A
Drusolol,Similar,Antiglaucomatosos,"Cloridrato De Dorzolamida, Maleato De Timolol",Uniao Quimica Farmaceutica Nacional S/A
Drusolol Lc,Similar,Antiglaucomatosos,"Cloridrato De Dorzolamida, Maleato De Timolol",Uniao Quimica Farmaceutica Nacional S/A
Glalfital,Similar,Antiglaucomatosos,"Cloridrato De Dorzolamida, Maleato De Timolol",Laboratorio Teuto Brasileiro S/A
Novasopt,Similar,Antiglaucomatosos,"Cloridrato De Dorzolamida, Maleato De Timolol",Multilab Industria E Comercio De Produtos Farmaceuticos Ltda
Oz,Similar,Antiglaucomatosos,"Cloridrato De Dorzolamida, Maleato De Timolol",Sun Farmaceutica Do Brasil Ltda
B-Tablock,Similar,Antiglaucomatosos,Cloridrato De Levobunolol,Cristalia Produtos Quimicos Farmaceuticos Ltda.
Latonan,Similar,Antiglaucomatosos,"Latanoprosta, Maleato De Timolol",Ems S/A
Tilumus,Similar,Antiglaucomatosos,"Latanoprosta, Maleato De Timolol",Sun Farmaceutica Do Brasil Ltda
Tivecom,Similar,Antiglaucomatosos,"Latanoprosta, Maleato De Timolol",Ache Laboratorios Farmaceuticos S.A
Droptim,Similar,Antiglaucomatosos,Maleato De Timolol,Legrand Pharma Industria Farmaceutica Ltda
Glaucotrat,Similar,Antiglaucomatosos,Maleato De Timolol,Uniao Quimica Farmaceutica Nacional S/A
Tenoftal,Similar,Antiglaucomatosos,Maleato De Timolol,Laboratorio Teuto Brasileiro S/A
Timoneo,Similar,Antiglaucomatosos,Maleato De Timolol,Brainfarma Industria Quimica E Farmaceutica S.A
Alphabrin,Similar,Antiglaucomatosos,Tartarato De Brimonidina,Geolab Industria Farmaceutica S/A
Bimony,Similar,Antiglaucomatosos,Tartarato De Brimonidina,Laboratorio Teuto Brasileiro S/A
Glaub,Similar,Antiglaucomatosos,Tartarato De Brimonidina,Uniao Quimica Farmaceutica Nacional S/A
Britens,Similar,Antiglaucomatosos,"Tartarato De Brimonidina, Maleato De Timolol",Uniao Quimica Farmaceutica Nacional S/A
Britens Lc,Similar,Antiglaucomatosos,"Tartarato De Brimonidina, Maleato De Timolol",Uniao Quimica Farmaceutica Nacional S/A
Brixag,Similar,Antiglaucomatosos,"Tartarato De Brimonidina, Maleato De Timolol",Legrand Pharma Industria Farmaceutica Ltda
Combtol,Similar,Antiglaucomatosos,"Tartarato De Brimonidina, Maleato De Timolol",Ache Laboratorios Farmaceuticos S.A
Tinodin,Similar,Antiglaucomatosos,"Tartarato De Brimonidina, Maleato De Timolol",Cosmed Industria De Cosmeticos E Medicamentos S.A.
Travamed,Similar,Antiglaucomatosos,Travoprosta,Germed Farmaceutica Ltda
Travamed Bak Free,Similar,Antiglaucomatosos,Travoprosta,Germed Farmaceutica Ltda
Travoptic,Similar,Antiglaucomatosos,Travoprosta,Geolab Industria Farmaceutica S/A
Travamed Mt,Similar,Antiglaucomatosos,"Travoprosta, Maleato De Timolol",Germed Farmaceutica Ltda
Zilaricina,Similar,Antigotosos,Benzbromarona,Brasterapica Pharmaceutica Ltda.
Cixin,Similar,Antinflamatorios Antireumaticos,Colchicina,Geolab Industria Farmaceutica S/A
Algie,Similar,Antinflamatorios Antireumaticos,Cetoprofeno,Eurofarma Laboratorios S.A.
Bicerto,Similar,Antinflamatorios Antireumaticos,Cetoprofeno,Eurofarma Laboratorios S.A.
Ceftfenpro Lp,Similar,Antinflamatorios Antireumaticos,Cetoprofeno,Germed Farmaceutica Ltda
Cetofenid,Similar,Antinflamatorios Antireumaticos,Cetoprofeno,
Fenbip,Similar,Antinflamatorios Antireumaticos,Cetoprofeno,Multilab Industria E Comercio De Produtos Farmaceuticos Ltda
Flamador,Similar,Antinflamatorios Antireumaticos,Cetoprofeno,
Prodygo,Similar,Antinflamatorios Antireumaticos,Cetoprofeno,Laboratorio Gross S. A.
Rhalunid,Similar,Antinflamatorios Antireumaticos,Cetoprofeno,Ems S/A
Triploa,Similar,Antinflamatorios Antireumaticos,Cetoprofeno,Supera Farma Laboratorios S.A
Diclac,Similar,Antinflamatorios,Diclofenaco Sodico,Sandoz Do Brasil Industria Farmaceutica Ltda
Alivetore,Similar,Antinflamatorios Antireumaticos,Etoricoxibe,Abbott Laboratorios Do Brasil Ltda
Xumer,Similar,Antinflamatorios Antireumaticos,Etoricoxibe,Adium S.A.
Ateroma,Similar,Antilipemicos,Atorvastatina Calcica,Supera Farma Laboratorios S.A
Atorless,Similar,Antilipemicos,Atorvastatina Calcica,Germed Farmaceutica Ltda
Lipistat,Similar,Antilipemicos,Atorvastatina Calcica,Ems Sigma Pharma Ltda
Lipitor,Similar,Antilipemicos,Atorvastatina Calcica,Viatris Farmaceutica Do Brasil Ltda
Lipthal,Similar,Antilipemicos,Atorvastatina Calcica,Laboratorio Teuto Brasileiro S/A
Torvilip,Similar,Antilipemicos,Atorvastatina Calcica,Multilab Industria E Comercio De Produtos Farmaceuticos Ltda
Vast,Similar,Antilipemicos,Atorvastatina Calcica,Eurofarma Laboratorios S.A.
Vaztmed,Similar,Antilipemicos,Atorvastatina Calcica,Cimed Industria S.A
Cibrato,Similar,Antilipemicos,Ciprofibrato,Cosmed Industria De Cosmeticos E Medicamentos S.A.
Cipide,Similar,Antilipemicos,Ciprofibrato,Ache Laboratorios Farmaceuticos S.A
Cipoflou,Similar,Antilipemicos,Ciprofibrato,Cimed Industria S.A
Ciprolip,Similar,Antilipemicos,Ciprofibrato,Uci - Farma Industria Farmaceutica Ltda
Lipfite,Similar,Antilipemicos,Ciprofibrato,Laboratorio Globo Sa
Lipless,Similar,Antilipemicos,Ciprofibrato,Biolab Sanus Farmaceutica Ltda
Lipneo,Similar,Antilipemicos,Ciprofibrato,Brainfarma Industria Quimica E Farmaceutica S.A
Ravuma,Similar,Antilipemicos,Ciprofibrato,Ache Laboratorios Farmaceuticos S.A
Coledue,Similar,Antilipemicos,Ezetimiba,Cosmed Industria De Cosmeticos E Medicamentos S.A.
Posicor,Similar,Antilipemicos,Ezetimiba,Biolab Sanus Farmaceutica Ltda
Zeterina,Similar,Antilipemicos,Ezetimiba,Althaia S.A. Industria Farmaceutica
Coledue S,Similar,Antilipemicos,"Ezetimiba, Sinvastatina",Cosmed Industria De Cosmeticos E Medicamentos S.A.
Emibazet Sinv,Similar,Antilipemicos,"Ezetimiba, Sinvastatina",Multilab Industria E Comercio De Produtos Farmaceuticos Ltda
Posicor Sin,Similar,Antilipemicos,"Ezetimiba, Sinvastatina",Biolab Sanus Farmaceutica Ltda
Sinvascor Eze,Similar,Antilipemicos,"Ezetimiba, Sinvastatina",Laboratorios Baldacci Ltda
Sinvatrox Eze,Similar,Antilipemicos,"Ezetimiba, Sinvastatina",Legrand Pharma Industria Farmaceutica Ltda
Sinzetab,Similar,Antilipemicos,"Ezetimiba, Sinvastatina",Multilab Industria E Comercio De Produtos Farmaceuticos Ltda
Fenobraty,Similar,Antilipemicos,Fenofibrato,Legrand Pharma Industria Farmaceutica Ltda
Lanpexio,Similar,Antilipemicos,Fenofibrato,Abbott Laboratorios Do Brasil Ltda
Lipanon,Similar,Antilipemicos,Fenofibrato,Cosmed Industria De Cosmeticos E Medicamentos S.A.
Riduzi,Similar,Antilipemicos,Fenofibrato,Torrent Do Brasil Ltda
Solomia,Similar,Antilipemicos,Fenofibrato,Cimed Industria S.A
Ebatz,Similar,Antilipemicos,Pitavastatina Calcica,Libbs Farmaceutica Ltda
Lester,Similar,Antilipemicos,Pitavastatina Calcica,Supera Farma Laboratorios S.A
Pivast,Similar,Antilipemicos,Pitavastatina Calcica,Eurofarma Laboratorios S.A.
Colemono,Similar,Antilipemicos,Rosuvastatina Calcica,Cosmed Industria De Cosmeticos E Medicamentos S.A.
Creslip,Similar,Antilipemicos,Rosuvastatina Calcica,Althaia S.A. Industria Farmaceutica
Plenance,Similar,Antilipemicos,Rosuvastatina Calcica,Libbs Farmaceutica Ltda
Rosa®,Similar,Antilipemicos,Rosuvastatina Calcica,Farmoquimica S/A
Rosucor,Similar,Antilipemicos,Rosuvastatina Calcica,Torrent Do Brasil Ltda
Rosulib,Similar,Antilipemicos,Rosuvastatina Calcica,Sandoz Do Brasil Industria Farmaceutica Ltda
Rosuneo,Similar,Antilipemicos,Rosuvastatina Calcica,Brainfarma Industria Quimica E Farmaceutica S.A
Rosustatin,Similar,Antilipemicos,Rosuvastatina Calcica,Multilab Industria E Comercio De Produtos Farmaceuticos Ltda
Rox,Similar,Antilipemicos,Rosuvastatina Calcica,Eurofarma Laboratorios S.A.
Rozubine,Similar,Antilipemicos,Rosuvastatina Calcica,Geolab Industria Farmaceutica S/A
Runner,Similar,Antilipemicos,Rosuvastatina Calcica,Ache Laboratorios Farmaceuticos S.A
Rusovas,Similar,Antilipemicos,Rosuvastatina Calcica,Ems Sigma Pharma Ltda
Ruva,Similar,Antilipemicos,Rosuvastatina Calcica,Eurofarma Laboratorios S.A.
Ruvascor,Similar,Antilipemicos,Rosuvastatina Calcica,Legrand Pharma Industria Farmaceutica Ltda
Sancol,Similar,Antilipemicos,Rosuvastatina Calcica,Ache Laboratorios Farmaceuticos S.A
Trezor,Similar,Antilipemicos,Rosuvastatina Calcica,Ache Laboratorios Farmaceuticos S.A
Zinpass,Similar,Antilipemicos,Rosuvastatina Calcica,Sanofi Medley Farmaceutica Ltda.
Runner Eze,Similar,Antilipemicos,"Rosuvastatina Calcica, Ezetimiba",Ache Laboratorios Farmaceuticos S.A
Clinfar,Similar,Antilipemicos,Sinvastatina,Merck S/A
Lipistatina,Similar,Antilipemicos,Sinvastatina,Multilab Industria E Comercio De Produtos Farmaceuticos Ltda
Menocol,Similar,Antilipemicos,Sinvastatina,Multilab Industria E Comercio De Produtos Farmaceuticos Ltda
Simlip,Similar,Antilipemicos,Sinvastatina,Laboratorio Globo Sa
Sinvalip,Similar,Antilipemicos,Sinvastatina,Ems S/A
Sinvascor,Similar,Antilipemicos,Sinvastatina,Laboratorios Baldacci Ltda
Sinvasmax,Similar,Antilipemicos,Sinvastatina,Laboratorio Globo Sa
Sinvastacor,Similar,Antilipemicos,Sinvastatina,Sandoz Do Brasil Industria Farmaceutica Ltda
Sinvastamed,Similar,Antilipemicos,Sinvastatina,Cimed Industria S.A
Sinvax,Similar,Antilipemicos,Sinvastatina,Geolab Industria Farmaceutica S/A
Unak,Similar,Antilipemicos,Sinvastatina,Diffucap - Chemobras Quimica E Farmaceutica Ltda
Vaslip,Similar,Antilipemicos,"Sinvastatina, Celulose Microcristalina",Biolab Sanus Farmaceutica Ltda
Lfm-Mefloquina,Similar,Antimalaricos,Cloridrato De Mefloquina,Laboratorio Farmaceutico Da Marinha
Lqfex - Cloroquina,Similar,Antimalaricos,"Dicloridrato De Cloroquina, Difosfato De Cloroquina",Laboratorio Quimico Farmaceutico Do Exercito
Cloroquina Difosfato,Similar,Antimalaricos,Difosfato De Cloroquina,Fundacao Oswaldo Cruz
Quinacris,Similar,Antimalaricos,"Difosfato De Cloroquina, Dicloridrato De Cloroquina",Cristalia Produtos Quimicos Farmaceuticos Ltda.
Lqfex - Mefloquina,Similar,Antimalaricos,Mefloquina,Laboratorio Quimico Farmaceutico Do Exercito
Papilup,Similar,Antimalaricos,Sulfato De Hidroxicloroquina,Germed Farmaceutica Ltda
Reumaki,Similar,Antimalaricos,Sulfato De Hidroxicloroquina,Eurofarma Laboratorios S.A.
Reuplaq,Similar,Antimalaricos,Sulfato De Hidroxicloroquina,Eurofarma Laboratorios S.A.
Reuquinol,Similar,Antimalaricos,Sulfato De Hidroxicloroquina,Apsen Farmaceutica S/A
Azilys,Similar,Antimetabolicos Analogos Da Pirimidina,Azacitidina,Ache Laboratorios Farmaceuticos S.A
Azla,Similar,Antimetabolicos Analogos Da Pirimidina,Azacitidina,Laboratorio Quimico Farmaceutico Bergamo Ltda
Azmid,Similar,Antimetabolicos Analogos Da Pirimidina,Azacitidina,Blau Farmaceutica S.A.
Kadiz,Similar,Antimetabolicos Analogos Da Pirimidina,Azacitidina,Eurofarma Laboratorios S.A.
Xpreza,Similar,Antimetabolicos Analogos Da Pirimidina,Azacitidina,Natcofarma Do Brasil Ltda
Citarax,Similar,Antimetabolicos Analogos Da Pirimidina,Citarabina,Blau Farmaceutica S.A.
Cytos,Similar,Antimetabolicos Analogos Da Pirimidina,Citarabina,Accord Farmaceutica Ltda
Fauldcita,Similar,Antimetabolicos Analogos Da Pirimidina,Citarabina,Libbs Farmaceutica Ltda
Fauldfluor,Similar,Outros Antineoplasicos,Fluoruracila,Libbs Farmaceutica Ltda
Furp-Azatioprina,Similar,Antimetabolicos Analogos Da Purina,Azatioprina,Fundacao Para O Remedio Popular - Furp
Fludalibbs,Similar,Antineoplasico,Fosfato De Fludarabina,Libbs Farmaceutica Ltda
Fauldleuco,Similar,Antimetabolicos Antagonistas Do Acido Folico,Folinato De Calcio,Libbs Farmaceutica Ltda
Fauldmetro,Similar,Antimetabolicos Antagonistas Do Acido Folico,Metotrexato,Libbs Farmaceutica Ltda
Mexy,Similar,Antimetabolicos Antagonistas Do Acido Folico,Metotrexato,Eurofarma Laboratorios S.A.
Tecnomet,Similar,Antimetabolicos Antagonistas Do Acido Folico,Metotrexato,Adium S.A.
Mestinon,Similar,Antimiastenicos E Descurarizantes,Brometo De Piridostigmina,Cellera Farmaceutica S.A.
Neosthy,Similar,Antimiastenicos E Descurarizantes,Metilsulfato De Neostigmina,Blau Farmaceutica S.A.
Normastig,Similar,Antimiastenicos E Descurarizantes,Metilsulfato De Neostigmina,Uniao Quimica Farmaceutica Nacional S/A
Novasutin,Similar,Antimicotico,"Anfotericina B, Cloridrato De Tetraciclina",Blau Farmaceutica S.A.
Cetomicoss,Similar,Antimicotico,Cetoconazol,Laboratorio Globo Sa
Cetoneo,Similar,Antimicotico,Cetoconazol,Brainfarma Industria Quimica E Farmaceutica S.A
Izonax,Similar,Antimicotico,Cetoconazol,Pharlab Industria Farmaceutica S.A.
Lozan,Similar,Antimicotico,Cetoconazol,Laboratorio Teuto Brasileiro S/A
Funtyl,Similar,Antimicotico,Cloridrato De Terbinafina,Cristalia Produtos Quimicos Farmaceuticos Ltda.
Lakesiapes,Similar,Antimicotico,Cloridrato De Terbinafina,Airela Industria Farmaceutica Ltda.
Micosil,Similar,Antimicotico,Cloridrato De Terbinafina,Laboratorio Teuto Brasileiro S/A
Ternasil,Similar,Antimicotico,Cloridrato De Terbinafina,Laboratorio Teuto Brasileiro S/A
Dermobene,Similar,Antiinfecciosos E Antissepticos Ginecologicos Excluindo Associacoes Com Corticosteroides,Clotrimazol,Legrand Pharma Industria Farmaceutica Ltda
Dermotrizol,Similar,Antiinfecciosos E Antissepticos Ginecologicos Excluindo Associacoes Com Corticosteroides,Clotrimazol,Belfar Ltda
Flucazol,Similar,Antimicoticos Sistemicos,Fluconazol,Cristalia Produtos Quimicos Farmaceuticos Ltda.
Flucol,Similar,Antimicoticos Sistemicos,Fluconazol,Belfar Ltda
Flucomed,Similar,Antimicoticos Sistemicos,Fluconazol,Cimed Industria S.A
Fluconeo,Similar,Antimicoticos Sistemicos,Fluconazol,Brainfarma Industria Quimica E Farmaceutica S.A
Fueblo,Similar,Antimicoticos Sistemicos,Fluconazol,Prati Donaduzzi & Cia Ltda
Hiconazol,Similar,Antimicoticos Sistemicos,Fluconazol,Halex Istar Industria Farmaceutica Sa
Zelix,Similar,Antimicoticos Sistemicos,Fluconazol,Arese Pharma Ltda.
Funok,Similar,Antimicoticos Sistemicos,Itraconazol,Multilab Industria E Comercio De Produtos Farmaceuticos Ltda
Itralex,Similar,Antimicoticos Sistemicos,Itraconazol,Ems S/A
Itraspor,Similar,Antimicoticos Sistemicos,Itraconazol,Ems Sigma Pharma Ltda
Albistin,Similar,Antimicotico,Nistatina,Cazi Quimica Farmaceutica Industria E Comercio Ltda
Canditrat,Similar,Antimicotico,Nistatina,Laboratorio Teuto Brasileiro S/A
Micostalab,Similar,Antimicotico,Nistatina,Multilab Industria E Comercio De Produtos Farmaceuticos Ltda
Neo Mistatin,Similar,Antimicotico,Nistatina,Brainfarma Industria Quimica E Farmaceutica S.A
Nidazolin,Similar,Antimicotico,Nistatina,Uniao Quimica Farmaceutica Nacional S/A
Nistamax,Similar,Antimicotico,Nistatina,Natulab Laboratorio S.A
Nistrazin,Similar,Antimicotico,Nistatina,Geolab Industria Farmaceutica S/A
Pratiderm,Similar,Emolientes E Protetores Da Pele E Mucosas,"Nistatina, Oxido De Zinco",Prati Donaduzzi & Cia Ltda
Gynoplus,Similar,Produtos Ginecologicos Antinfecciosos Topicos Simples,Nitrato De Isoconazol,Gallia Industria Farmaceutica Ltda
Gino-Colon,Similar,Produtos Ginecologicos Antiinfecciosos Topicos Associacao Medicamentosa,"Tinidazol, Nitrato De Miconazol",Geolab Industria Farmaceutica S/A
Velenaxol,Similar,Antimicoticos Sistemicos,Voriconazol,Sandoz Do Brasil Industria Farmaceutica Ltda
Vori Inj,Similar,Antimicoticos Sistemicos,Voriconazol,Cristalia Produtos Quimicos Farmaceuticos Ltda.
Zior,Similar,Antimicotico,Cloridrato De Terbinafina,Ache Laboratorios Farmaceuticos S.A
Andriodermol,Similar,Antimicoticos Para Uso Topico,"Acido Undecilenico, Propionato De Calcio, Undecilenato De Sodio, Hexilresorcinol, Acido Propionico, Propionato De Sodio, Undecilenato De Zinco",Uniao Quimica Farmaceutica Nacional S/A
Cetonat,Similar,Antimicotico,Cetoconazol,Nativita Ind. Com. Ltda.
Cetocort,Similar,Glicocorticoides Topicos - Associacao Medicamentosa,"Cetoconazol, Dipropionato De Betametasona",Laboratorio Teuto Brasileiro S/A
Fungicort,Similar,Glicocorticoides Topicos - Associacao Medicamentosa,"Cetoconazol, Dipropionato De Betametasona",Cifarma Cientifica Farmaceutica Ltda
Cbequim,Similar,Glicocorticoides Topicos - Associacao Medicamentosa,"Cetoconazol, Dipropionato De Betametasona, Sulfato De Neomicina",Multilab Industria E Comercio De Produtos Farmaceuticos Ltda
Emscort,Similar,Glicocorticoides Topicos - Associacao Medicamentosa,"Cetoconazol, Dipropionato De Betametasona, Sulfato De Neomicina",Ems S/A
Knortex,Similar,Glicocorticoides Topicos - Associacao Medicamentosa,"Cetoconazol, Dipropionato De Betametasona, Sulfato De Neomicina",Multilab Industria E Comercio De Produtos Farmaceuticos Ltda
Oncileg Cort,Similar,Glicocorticoides Topicos - Associacao Medicamentosa,"Cetoconazol, Dipropionato De Betametasona, Sulfato De Neomicina",Legrand Pharma Industria Farmaceutica Ltda
Fungirox,Similar,Antimicoticos Para Uso Topico,Ciclopirox,Uci - Farma Industria Farmaceutica Ltda
Fungirox,Similar,Antimicoticos Para Uso Topico,Ciclopirox Olamina,Uci - Farma Industria Farmaceutica Ltda
Mupirox,Similar,Antimicoticos Para Uso Topico,Ciclopirox Olamina,Ems S/A
Lakesiamedical,Similar,Antimicoticos Para Uso Topico,"Ciclopirox, Ciclopirox Olamina",Theraskin Farmaceutica Ltda.
Micolamina,Similar,Antimicoticos Para Uso Topico,"Ciclopirox, Ciclopirox Olamina",Theraskin Farmaceutica Ltda.
Dermoceryl,Similar,Antimicoticos Para Uso Topico,Cloridrato De Amorolfina,Ems S/A
Onicoryl,Similar,Antimicoticos Para Uso Topico,Cloridrato De Amorolfina,Germed Farmaceutica Ltda
Unha Sana,Similar,Antimicoticos Para Uso Topico,Cloridrato De Amorolfina,Kley Hertz Farmaceutica S.A
Abc,Similar,Antiinfecciosos E Antissepticos Ginecologicos Excluindo Associacoes Com Corticosteroides,Clotrimazol,Kley Hertz Farmaceutica S.A
Clomazol,Similar,Antiinfecciosos E Antissepticos Ginecologicos Excluindo Associacoes Com Corticosteroides,Clotrimazol,Cifarma Cientifica Farmaceutica Ltda
Clotren,Similar,Antiinfecciosos E Antissepticos Ginecologicos Excluindo Associacoes Com Corticosteroides,Clotrimazol,Laboratorio Teuto Brasileiro S/A
Clotrigel,Similar,Antiinfecciosos E Antissepticos Ginecologicos Excluindo Associacoes Com Corticosteroides,Clotrimazol,Glenmark Farmaceutica Ltda
Clotrimix,Similar,Antiinfecciosos E Antissepticos Ginecologicos Excluindo Associacoes Com Corticosteroides,Clotrimazol,Farmoquimica S/A
Fems,Similar,Antiinfecciosos E Antissepticos Ginecologicos Excluindo Associacoes Com Corticosteroides,Clotrimazol,Ems S/A
Fungisten,Similar,Antiinfecciosos E Antissepticos Ginecologicos Excluindo Associacoes Com Corticosteroides,Clotrimazol,Laboratorio Globo Sa
Lomecan,Similar,Antiinfecciosos E Antissepticos Ginecologicos Excluindo Associacoes Com Corticosteroides,Clotrimazol,Glenmark Farmaceutica Ltda
Nqzin Baby,Similar,Emolientes E Protetores Da Pele E Mucosas,"Nistatina, Oxido De Zinco",Multilab Industria E Comercio De Produtos Farmaceuticos Ltda
Pomaglos Tratamento,Similar,Emolientes E Protetores Da Pele E Mucosas,"Nistatina, Oxido De Zinco",Ems S/A
Alivbaby,Similar,Emolientes E Protetores Da Pele E Mucosas,"Nistatina, Oxido De Zinco",Cazi Quimica Farmaceutica Industria E Comercio Ltda
Ginna,Similar,Antimicoticos Para Uso Topico,Nitrato De Fenticonazol,Eurofarma Laboratorios S.A.
Vagicand,Similar,Antimicoticos Para Uso Topico,Nitrato De Fenticonazol,Supera Farma Laboratorios S.A
Oxipelle,Similar,Antimicoticos Para Uso Topico,Nitrato De Oxiconazol,Medquimica Industria Farmaceutica Ltda.
Dermovagin,Similar,Produtos Ginecologicos Antiinfecciosos Topicos Associacao Medicamentosa,"Tinidazol, Nitrato De Miconazol",Laboratorio Teuto Brasileiro S/A
Tionazen,Similar,Antimicoticos Para Uso Topico,Tioconazol,Cazi Quimica Farmaceutica Industria E Comercio Ltda
Cetomed,Similar,Antimicotico,Cetoconazol,Cimed Industria S.A
Zolmicol,Similar,Antimicotico,Cetoconazol,Geolab Industria Farmaceutica S/A
Flucanil,Similar,Antimicoticos Sistemicos,Fluconazol,Geolab Industria Farmaceutica S/A
Flucolcid,Similar,Antimicoticos Sistemicos,Fluconazol,Laboratorio Globo Sa
Fluconid,Similar,Antimicoticos Sistemicos,Fluconazol,Vitamedic Industria Farmaceutica Ltda
Flucovil,Similar,Antimicoticos Sistemicos,Fluconazol,Medquimica Industria Farmaceutica Ltda.
Pronazol,Similar,Antimicoticos Sistemicos,Fluconazol,Diffucap - Chemobras Quimica E Farmaceutica Ltda
Traxonol,Similar,Antimicoticos Sistemicos,Itraconazol,Geolab Industria Farmaceutica S/A
Veac,Similar,Antimicoticos Sistemicos,Voriconazol,Eurofarma Laboratorios S.A.
Vori,Similar,Antimicoticos Sistemicos,Voriconazol,Cristalia Produtos Quimicos Farmaceuticos Ltda.
Vzom,Similar,Antimicoticos Sistemicos,Voriconazol,Camber Farmaceutica Ltda
Balefio,Similar,Outros Antineoplasicos,Acetato De Abiraterona,Dr. Reddys Farmaceutica Do Brasil Ltda
Matiz,Similar,Outros Antineoplasicos,Acetato De Abiraterona,Eurofarma Laboratorios S.A.
Femigestrol,Similar,Antineoplasico,Acetato De Megestrol,Laboratorio Quimico Farmaceutico Bergamo Ltda
Zolibbs,Similar,Supressores Da Reabsorcao Ossea,Acido Zoledronico Monoidratado,Libbs Farmaceutica Ltda
Anastrolibbs,Similar,Antineoplasico,Anastrozol,Libbs Farmaceutica Ltda
Anya,Similar,Antineoplasico,Anastrozol,Sun Farmaceutica Do Brasil Ltda
Arazabi,Similar,Antineoplasico,Anastrozol,Ems S/A
Arothazy,Similar,Antineoplasico,Anastrozol,Blau Farmaceutica S.A.
Cermaz,Similar,Antineoplasico,Anastrozol,Cristalia Produtos Quimicos Farmaceuticos Ltda.
Hanaz,Similar,Antineoplasico,Anastrozol,Camber Farmaceutica Ltda
Winduza,Similar,Antimetabolicos Analogos Da Pirimidina,Azacitidina,Dr. Reddys Farmaceutica Do Brasil Ltda
Bycal,Similar,Antineoplasico,Bicalutamida,Accord Farmaceutica Ltda
Bortecip,Similar,Antineoplasicos Citotoxicos,Bortezomibe,Cipla Brasil Importadora E Distribuidora De Medicamentos Ltda
Caab,Similar,Antineoplasico,Cabazitaxel,Accord Farmaceutica Ltda
Proazitax,Similar,Antineoplasico,Cabazitaxel,Eurofarma Laboratorios S.A.
Citoplatina,Similar,Antineoplasico,Carboplatina,Cipla Brasil Importadora E Distribuidora De Medicamentos Ltda
Evocarb,Similar,Antineoplasico,Carboplatina,Farmarin Industria E Comercio Ltda
Fauldcarbo,Similar,Antineoplasico,Carboplatina,Libbs Farmaceutica Ltda
Tevacarbo,Similar,Antineoplasico,Carboplatina,Teva Farmaceutica Ltda.
Zyxomib,Similar,Outros Agentes Antineoplasicos,Carfilzomibe,Natcofarma Do Brasil Ltda
Genuxal,Similar,Antineoplasico,Ciclofosfamida Monoidratada,Baxter Hospitalar Ltda
C-Platin,Similar,Antineoplasico,Cisplatina,Blau Farmaceutica S.A.
Myllcis,Similar,Antineoplasico,Cisplatina,Viatris Farmaceutica Do Brasil Ltda
Tacfen,Similar,Antineoplasico,Citrato De Tamoxifeno,Ems S/A
Tamoxin,Similar,Antineoplasico,Citrato De Tamoxifeno,Eurofarma Laboratorios S.A.
Taxofen,Similar,Antineoplasico,Citrato De Tamoxifeno,Blau Farmaceutica S.A.
Evoclass,Similar,Antineoplasico,Cloridrato De Daunorrubicina,Farmarin Industria E Comercio Ltda
Docks,Similar,Antibioticos Antineoplasicos,Cloridrato De Doxorrubicina,Accord Farmaceutica Ltda
Oncodox,Similar,Antibioticos Antineoplasicos,Cloridrato De Doxorrubicina,Cipla Brasil Importadora E Distribuidora De Medicamentos Ltda
Erlok,Similar,Antineoplasico,Cloridrato De Erlotinibe,Camber Farmaceutica Ltda
Rocab,Similar,Antineoplasico,Cloridrato De Erlotinibe,Ems S/A
Temblar,Similar,Antineoplasico,Cloridrato De Erlotinibe,Ache Laboratorios Farmaceuticos S.A
Evozar,Similar,Antineoplasico,Cloridrato De Gencitabina,Farmarin Industria E Comercio Ltda
Gcib,Similar,Antineoplasico,Cloridrato De Gencitabina,Cristalia Produtos Quimicos Farmaceuticos Ltda.
Gencix,Similar,Antineoplasico,Cloridrato De Gencitabina,Laboratorio Quimico Farmaceutico Bergamo Ltda
Genlibbs,Similar,Antineoplasico,Cloridrato De Gencitabina,Libbs Farmaceutica Ltda
Mylzar,Similar,Antineoplasico,Cloridrato De Gencitabina,Viatris Farmaceutica Do Brasil Ltda
Zybina,Similar,Antineoplasico,Cloridrato De Gencitabina,Zydus Nikkho Farmaceutica Ltda
Camptrix,Similar,Antineoplasico,Cloridrato De Irinotecano Triidratado,Laboratorio Quimico Farmaceutico Bergamo Ltda
Cloritecan,Similar,Antineoplasico,Cloridrato De Irinotecano Triidratado,Accord Farmaceutica Ltda
Evoterin,Similar,Antineoplasico,Cloridrato De Irinotecano Triidratado,Farmarin Industria E Comercio Ltda
Iro,Similar,Antineoplasico,Cloridrato De Irinotecano Triidratado,Cristalia Produtos Quimicos Farmaceuticos Ltda.
Proto-Itecan,Similar,Antineoplasico,Cloridrato De Irinotecano Triidratado,Antibioticos Do Brasil Ltda
Trebyxan,Similar,Antineoplasico,Cloridrato De Irinotecano Triidratado,Laboratorio Quimico Farmaceutico Bergamo Ltda
Evomixan,Similar,Antineoplasico,Cloridrato De Mitoxantrona,Farmarin Industria E Comercio Ltda
Pazovant,Similar,Antineoplasico,Cloridrato De Pazopanibe,Sun Farmaceutica Do Brasil Ltda
Renyb,Similar,Antineoplasico,Cloridrato De Pazopanibe,Eurofarma Laboratorios S.A.
Evotecan,Similar,Antineoplasico,Cloridrato De Topotecana,Farmarin Industria E Comercio Ltda
Topotacx,Similar,Antineoplasico,Cloridrato De Topotecana,Accord Farmaceutica Ltda
Evodazin,Similar,Antineoplasico,Dacarbazina,Farmarin Industria E Comercio Ltda
Ladizac,Similar,Antineoplasico,Dasatinibe,Dr. Reddys Farmaceutica Do Brasil Ltda
Dasnar,Similar,Antineoplasico,Dasatinibe Monoidratado,Torrent Do Brasil Ltda
Dazanyn,Similar,Antineoplasico,Dasatinibe Monoidratado,Accord Farmaceutica Ltda
Zevuxa,Similar,Antineoplasico,Dasatinibe Monoidratado,Ems S/A
Redtibin,Similar,Antineoplasicos Citotoxicos,Decitabina,Dr. Reddys Farmaceutica Do Brasil Ltda
Dohet,Similar,Antineoplasico,Docetaxel Tri-Hidratado,Camber Farmaceutica Ltda
Taxxonex,Similar,Antineoplasico,Docetaxel Tri-Hidratado,Blau Farmaceutica S.A.
Docelibbs,Similar,Agentes Antineoplasicos,Docetaxel Triidratado,Libbs Farmaceutica Ltda
Enlutoza,Similar,Antineoplasico,Enzalutamida,Dr. Reddys Farmaceutica Do Brasil Ltda
Nindev,Similar,Antineoplasico,Enzalutamida,Accord Farmaceutica Ltda
Zayon,Similar,Antineoplasico,Enzalutamida,Libbs Farmaceutica Ltda
Nidhi,Similar,Antineoplasico,Esilato De Nintedanibe,Sun Farmaceutica Do Brasil Ltda
Nindaxef,Similar,Antineoplasico,Esilato De Nintedanibe,Accord Farmaceutica Ltda
Oksana,Similar,Antineoplasico,Esilato De Nintedanibe,Ranbaxy Farmaceutica Ltda
Eposido,Similar,Antineoplasico,Etoposideo,Blau Farmaceutica S.A.
Evoposdo,Similar,Antineoplasico,Etoposido,Farmarin Industria E Comercio Ltda
Torhanz,Similar,Agente Imunosupressor,Everolimo,Dr. Reddys Farmaceutica Do Brasil Ltda
Emah,Similar,Antineoplasico,Exemestano,Sun Farmaceutica Do Brasil Ltda
Teflut,Similar,Antineoplasico,Flutamida,Blau Farmaceutica S.A.
Evoflubina,Similar,Antineoplasico,Fosfato De Fludarabina,Farmarin Industria E Comercio Ltda
Bryst,Similar,Antineoplasico,Fulvestranto,Laboratorio Quimico Farmaceutico Bergamo Ltda
Fulvafit,Similar,Antineoplasico,Fulvestranto,Eugia Pharma Industria Farmaceutica Ltda
Fuvex,Similar,Antineoplasico,Fulvestranto,Blau Farmaceutica S.A.
Poemmy,Similar,Antineoplasico,Fulvestranto,Libbs Farmaceutica Ltda
Rezimorp,Similar,Antineoplasico,Fulvestranto,Cipla Brasil Importadora E Distribuidora De Medicamentos Ltda
Seletiv,Similar,Antineoplasico,Fulvestranto,Eurofarma Laboratorios S.A.
Gefib,Similar,Antineoplasico,Gefitinibe,Camber Farmaceutica Ltda
Pulge,Similar,Antineoplasico,Gefitinibe,Natcofarma Do Brasil Ltda
Timb,Similar,Antineoplasico,Gefitinibe,Eurofarma Laboratorios S.A.
Tepev,Similar,Agentes Antineoplasicos,Hidroxiureia,Ems S/A
Evolox,Similar,Antineoplasico,Ifosfamida,Farmarin Industria E Comercio Ltda
Holoxane,Similar,Antineoplasico,Ifosfamida,Baxter Hospitalar Ltda
Lifos,Similar,Antineoplasico,Ifosfamida,Blau Farmaceutica S.A.
Ivevi,Similar,Antineoplasico,Letrozol,Cosmed Industria De Cosmeticos E Medicamentos S.A.
Lefemi,Similar,Antineoplasico,Letrozol,Ems S/A
Lemol,Similar,Antineoplasico,Letrozol,Zydus Nikkho Farmaceutica Ltda
Lethozy,Similar,Antineoplasico,Letrozol,Blau Farmaceutica S.A.
Mahila,Similar,Antineoplasico,Letrozol,Eugia Pharma Industria Farmaceutica Ltda
Sabine,Similar,Antineoplasico,Letrozol,Ache Laboratorios Farmaceuticos S.A
Sarra,Similar,Antineoplasico,Malato De Sunitinibe,Sun Farmaceutica Do Brasil Ltda
Xunib,Similar,Antineoplasico,Malato De Sunitinibe,Natcofarma Do Brasil Ltda
Beizom,Similar,Antineoplasico,Mesilato De Imatinibe,Sandoz Do Brasil Industria Farmaceutica Ltda
Glimatin,Similar,Antineoplasico,Mesilato De Imatinibe,Ems S/A
Imvecs,Similar,Antineoplasico,Mesilato De Imatinibe,Blau Farmaceutica S.A.
Leuvec,Similar,Antineoplasico,Mesilato De Imatinibe,Cristalia Produtos Quimicos Farmaceuticos Ltda.
Pluto,Similar,Antineoplasico,Mesilato De Imatinibe,Sun Farmaceutica Do Brasil Ltda
Saumya,Similar,Agentes Antineoplasicos E Imunomoduladores,Mesilato De Lenvatinibe,Sun Farmaceutica Do Brasil Ltda
Hytas,Similar,Antimetabolicos Antagonistas Do Acido Folico,Metotrexato,Accord Farmaceutica Ltda
Collectro,Similar,Citostaticos Alquilantes,Oxaliplatina,
Evotaxel,Similar,Agentes Antineoplasicos,Paclitaxel,Farmarin Industria E Comercio Ltda
Myltol,Similar,Agentes Antineoplasicos,Paclitaxel,Viatris Farmaceutica Do Brasil Ltda
Ontax,Similar,Agentes Antineoplasicos,Paclitaxel,Libbs Farmaceutica Ltda
Paclimeiz,Similar,Agentes Antineoplasicos,Paclitaxel,Gador Do Brasil - Comercio De Produtos Farmaceuticos Ltda
Pantium,Similar,Agentes Antineoplasicos,Paclitaxel,Accord Farmaceutica Ltda
Pokli,Similar,Agentes Antineoplasicos,Paclitaxel,Camber Farmaceutica Ltda
Taxilan,Similar,Agentes Antineoplasicos,Paclitaxel,Laboratorio Quimico Farmaceutico Bergamo Ltda
Toxxel,Similar,Agentes Antineoplasicos,Paclitaxel,Blau Farmaceutica S.A.
Agatha,Similar,Antineoplasico,Palbociclibe,Pfizer Brasil Ltda
Sedecib,Similar,Antineoplasico,Palbociclibe,Cipla Brasil Importadora E Distribuidora De Medicamentos Ltda
Pamidrom,Similar,Antineoplasico,Pamidronato Dissodico,Cristalia Produtos Quimicos Farmaceuticos Ltda.
Eroxym,Similar,Antineoplasico,Pemetrexede Dissodico,Eurofarma Laboratorios S.A.
Atred,Similar,Antineoplasico,Pemetrexede Dissodico Hemipentaidratado,Libbs Farmaceutica Ltda
Hopem,Similar,Antineoplasico,Pemetrexede Dissodico Hemipentaidratado,Camber Farmaceutica Ltda
Mesotem,Similar,Antineoplasico,Pemetrexede Dissodico Hemipentaidratado,Cristalia Produtos Quimicos Farmaceuticos Ltda.
Plexeden,Similar,Antineoplasico,Pemetrexede Dissodico Heptaidratado,Laboratorio Quimico Farmaceutico Bergamo Ltda
Sukhi,Similar,Antineoplasico,Pemetrexede Dissodico Heptaidratado,Sun Farmaceutica Do Brasil Ltda
Pemeglenn,Similar,Antineoplasico,"Pemetrexede Dissodico, Pemetrexede Dissodico Hemipentaidratado",Glenmark Farmaceutica Ltda
Pemtryx,Similar,Antineoplasico,"Pemetrexede, Pemetrexede Dissodico",Accord Farmaceutica Ltda
Vinatin,Similar,Antineoplasico,Sulfato De Vimblastina,Cipla Brasil Importadora E Distribuidora De Medicamentos Ltda
Dabaz,Similar,Alcaloide Da Vinca,Sulfato De Vincristina,Accord Farmaceutica Ltda
Sofanyr,Similar,Antineoplasico,Tosilato De Sorafenibe,Accord Farmaceutica Ltda
Norelbin,Similar,Antineoplasico,Vinorelbina,Eurofarma Laboratorios S.A.
Bormhy,Similar,Antineoplasicos Citotoxicos,Bortezomibe,Brainfarma Industria Quimica E Farmaceutica S.A
Bormib,Similar,Antineoplasicos Citotoxicos,Bortezomibe,Cristalia Produtos Quimicos Farmaceuticos Ltda.
Bortyz,Similar,Antineoplasicos Citotoxicos,Bortezomibe,Accord Farmaceutica Ltda
Bozemyb,Similar,Antineoplasicos Citotoxicos,Bortezomibe,Blau Farmaceutica S.A.
Bozored,Similar,Antineoplasicos Citotoxicos,Bortezomibe,Dr. Reddys Farmaceutica Do Brasil Ltda
Elome,Similar,Antineoplasicos Citotoxicos,Bortezomibe,Eurofarma Laboratorios S.A.
Mibo,Similar,Antineoplasicos Citotoxicos,Bortezomibe,Camber Farmaceutica Ltda
Mielocade,Similar,Antineoplasicos Citotoxicos,Bortezomibe,Laboratorio Quimico Farmaceutico Bergamo Ltda
Tovar,Similar,Antineoplasicos Citotoxicos,Bortezomibe,Ache Laboratorios Farmaceuticos S.A
Verazo,Similar,Antineoplasicos Citotoxicos,Bortezomibe,Libbs Farmaceutica Ltda
Zomi,Similar,Antineoplasicos Citotoxicos,Bortezomibe,Sun Farmaceutica Do Brasil Ltda
Cabazred,Similar,Antineoplasico,Cabazitaxel,Dr. Reddys Farmaceutica Do Brasil Ltda
B -Platin,Similar,Antineoplasico,Carboplatina,Blau Farmaceutica S.A.
Hetrocar,Similar,Antineoplasico,Carboplatina,Camber Farmaceutica Ltda
Karbo,Similar,Antineoplasico,Carboplatina,Eurofarma Laboratorios S.A.
Fauldcispla,Similar,Antineoplasico,Cisplatina,Libbs Farmaceutica Ltda
Benalq,Similar,Antineoplasicos Citotoxicos,Cloridrato De Bendamustina,Teva Farmaceutica Ltda.
Bendy,Similar,Antineoplasicos Citotoxicos,Cloridrato De Bendamustina,Natcofarma Do Brasil Ltda
Evomid,Similar,Antineoplasicos Citotoxicos,Cloridrato De Idarrubicina,Farmarin Industria E Comercio Ltda
Altryxen,Similar,Antineoplasicos Citotoxicos,Decitabina,Eurofarma Laboratorios S.A.
Dechimia,Similar,Antineoplasicos Citotoxicos,Decitabina,Cipla Brasil Importadora E Distribuidora De Medicamentos Ltda
Deci,Similar,Antineoplasicos Citotoxicos,Decitabina,Sun Farmaceutica Do Brasil Ltda
Oncobine,Similar,Antineoplasicos Citotoxicos,Ditartarato De Vinorelbina,Cipla Brasil Importadora E Distribuidora De Medicamentos Ltda
Koksara,Similar,Antineoplasico,Docetaxel Tri-Hidratado,Laboratorio Quimico Farmaceutico Bergamo Ltda
Mtx,Similar,Antimetabolicos Antagonistas Do Acido Folico,Metotrexato,Blau Farmaceutica S.A.
Tevametho,Similar,Antimetabolicos Antagonistas Do Acido Folico,Metotrexato,Teva Farmaceutica Ltda.
Cinaleo,Similar,Antibioticos Antineoplasicos,Sulfato De Bleomicina,Cipla Brasil Importadora E Distribuidora De Medicamentos Ltda
Fauldvincri,Similar,Alcaloide Da Vinca,Sulfato De Vincristina,Libbs Farmaceutica Ltda
Evotabina,Similar,Antineoplasicos Citotoxicos,Tartarato De Vinorelbina,Farmarin Industria E Comercio Ltda
Amplatil,Similar,Penicilina De Amplo Espectro,Ampicilina Sodica,Newcom Farmaceutica Ltda.
Mefex,Similar,Cefalosporinas,Axetilcefuroxima,Ache Laboratorios Farmaceuticos S.A
Ciprofar,Similar,Antinfecciosos Topicos Para Uso Oftalmico,Cloridrato De Ciprofloxacino Monoidratado,Laboratorio Farmaceutico Elofar Ltda
Metronack,Similar,"Amebicidas, Giardicidas E Tricomonicidas",Metronidazol,Laboratorios B. Braun S/A
Bactroneo,Similar,Antinfecciosos Topicos,Mupirocina,Brainfarma Industria Quimica E Farmaceutica S.A
Neomicon,Similar,Antinfecciosos,Neomicina,Cifarma Cientifica Farmaceutica Ltda
Tratmic,Similar,Antinfecciosos,Neomicina,Cifarma Cientifica Farmaceutica Ltda
Lfm - Ofloxacino,Similar,Antinfecciosos Topicos Para Uso Oftalmico,Ofloxacino,Laboratorio Farmaceutico Da Marinha
Desaftaliv,Similar,Antinfecciosos E Antissepticos Topicos Para Orofaringe,"Cloreto De Cetilpiridinio, Benzocaina",Kley Hertz Farmaceutica S.A
Resfegarganta,Similar,Antinfecciosos E Antissepticos Topicos Para Orofaringe,"Cloreto De Cetilpiridinio, Benzocaina",Kley Hertz Farmaceutica S.A
Sanilin,Similar,Antinfecciosos E Antissepticos Topicos Para Orofaringe,"Cloreto De Cetilpiridinio, Benzocaina",Kley Hertz Farmaceutica S.A
Gargojuice,Similar,Antinfecciosos E Antissepticos Topicos Para Orofaringe,"Cloreto De Cetilpiridinio, Cloridrato De Benzidamina",Belfar Ltda
Bacrocin,Similar,Antinfecciosos Topicos,Mupirocina,Medquimica Industria Farmaceutica Ltda.
Dermoban,Similar,Antinfecciosos Topicos,Mupirocina,Cazi Quimica Farmaceutica Industria E Comercio Ltda
Caziderm,Similar,Antinfecciosos Topicos,Nitrofurazona,Cazi Quimica Farmaceutica Industria E Comercio Ltda
Queimalive,Similar,Antinfecciosos Topicos,"Sulfacetamida Sodica, Trietanolamina",Cifarma Cientifica Farmaceutica Ltda
Silglos,Similar,Outros Produtos Com Acao Na Pele E Mucosas,Sulfadiazina De Prata,Uniao Quimica Farmaceutica Nacional S/A
Katrizan,Similar,Antinfecciosos Topicos,"Sulfato De Neomicina, Bacitracina",Vitamedic Industria Farmaceutica Ltda
Epicitrin,Similar,Antinfecciosos Topicos-Associacoes Medicamentosas,"Sulfato De Neomicina, Bacitracina Zincica",Brainfarma Industria Quimica E Farmaceutica S.A
Ferid,Similar,Antinfecciosos Topicos-Associacoes Medicamentosas,"Sulfato De Neomicina, Bacitracina Zincica",Uniao Quimica Farmaceutica Nacional S/A
Nebactrina,Similar,Antinfecciosos Topicos-Associacoes Medicamentosas,"Sulfato De Neomicina, Bacitracina Zincica",Pharlab Industria Farmaceutica S.A.
Bialu,Similar,Antibioticos Sistemicos Simples,Cloridrato De Ciprofloxacino,Legrand Pharma Industria Farmaceutica Ltda
Maxiflox,Similar,Antibioticos Sistemicos Simples,Cloridrato De Ciprofloxacino,Cristalia Produtos Quimicos Farmaceuticos Ltda.
Maxiflox D,Similar,Antinfecciosos Topicos Para Uso Oftalmico,"Cloridrato De Ciprofloxacino , Dexametasona",Cristalia Produtos Quimicos Farmaceuticos Ltda.
Bialudex,Similar,Antinfecciosos Topicos Para Uso Oftalmico,"Cloridrato De Ciprofloxacino Monoidratado, Dexametasona",Legrand Pharma Industria Farmaceutica Ltda
Biancort,Similar,Antinfecciosos Topicos Para Uso Oftalmico,"Cloridrato De Ciprofloxacino Monoidratado, Dexametasona",Germed Farmaceutica Ltda
Ciprixin Dexa,Similar,Antinfecciosos Topicos Para Uso Oftalmico,"Cloridrato De Ciprofloxacino Monoidratado, Dexametasona",Geolab Industria Farmaceutica S/A
Dexafloten,Similar,Antinfecciosos Topicos Para Uso Oftalmico,"Cloridrato De Ciprofloxacino Monoidratado, Dexametasona",Ems S/A
Duodex,Similar,Antinfecciosos Topicos Para Uso Oftalmico,"Cloridrato De Ciprofloxacino Monoidratado, Dexametasona",Geolab Industria Farmaceutica S/A
Proflox D,Similar,Antinfecciosos Topicos Para Uso Oftalmico,"Cloridrato De Ciprofloxacino Monoidratado, Dexametasona",Ems Sigma Pharma Ltda
Zanty,Similar,Antinfecciosos Topicos Para Uso Oftalmico,Cloridrato De Moxifloxacino Monoidratado,Uniao Quimica Farmaceutica Nacional S/A
Cinatrex,Similar,Antinfecciosos Topicos Para Uso Oftalmico,Cloridrato De Tetraciclina,Cifarma Cientifica Farmaceutica Ltda
Ofite Plus,Similar,Antinfecciosos Topicos Para Uso Oftalmico,Cloridrato De Tetraciclina,Cifarma Cientifica Farmaceutica Ltda
Maxinom,Similar,Antinfecciosos Topicos-Associacoes Medicamentosas,"Dexametasona, Sulfato De Neomicina, Sulfato De Polimixina B",Uniao Quimica Farmaceutica Nacional S/A
Orbiflox,Similar,Antinfecciosos Topicos Para Uso Oftalmico,Gatifloxacino,Geolab Industria Farmaceutica S/A
Nostil,Similar,Antinfecciosos Topicos Para Uso Oftalmico,Ofloxacino,Cristalia Produtos Quimicos Farmaceuticos Ltda.
Ofloxalis,Similar,Antinfecciosos Topicos Para Uso Oftalmico,Ofloxacino,Legrand Pharma Industria Farmaceutica Ltda
Antibrex,Similar,Aminoglicosideos,Tobramicina,Germed Farmaceutica Ltda
Tobracular,Similar,Aminoglicosideos,Tobramicina,Legrand Pharma Industria Farmaceutica Ltda
Tobralirio,Similar,Aminoglicosideos,Tobramicina,Ems Sigma Pharma Ltda
Tobralox,Similar,Aminoglicosideos,Tobramicina,Ems S/A
Zobilar,Similar,Aminoglicosideos,Tobramicina,Geolab Industria Farmaceutica S/A
Lomicina,Similar,Antinfecciosos Topicos,Sulfato De Neomicina,Laboratorios Osorio De Moraes Ltda
Oncileg,Similar,Antinfecciosos Topicos-Associacoes Medicamentosas,"Acetonida De Triancinolona, Sulfato De Neomicina, Gramicidina, Nistatina",Legrand Pharma Industria Farmaceutica Ltda
Neocetheo,Similar,Antinfecciosos Topicos-Associacoes Medicamentosas,"Bacitracina Zincica, Sulfato De Neomicina, Metilparabeno",Theodoro F Sobral & Cia Ltda
Conacort,Similar,Glicocorticoides Topicos - Associacao Medicamentosa,"Cetoconazol, Dipropionato De Betametasona",Geolab Industria Farmaceutica S/A
Cetocort-N,Similar,Glicocorticoides Topicos - Associacao Medicamentosa,"Cetoconazol, Dipropionato De Betametasona, Sulfato De Neomicina",
Cimecort,Similar,Glicocorticoides Topicos - Associacao Medicamentosa,"Cetoconazol, Dipropionato De Betametasona, Sulfato De Neomicina",Cimed Industria S.A
Tricortid,Similar,Glicocorticoides Topicos - Associacao Medicamentosa,"Cetoconazol, Dipropionato De Betametasona, Sulfato De Neomicina",Pharlab Industria Farmaceutica S.A.
Cetobeta,Similar,Antinfecciosos Topicos-Associacoes Medicamentosas,"Cetoconazol, Sulfato De Neomicina, Dipropionato De Betametasona",Cellera Farmaceutica S.A.
Otociriax,Similar,Antinfecciosos Topicos-Associacoes Medicamentosas,"Ciprofloxacino, Cloridrato De Ciprofloxacino Monoidratado, Hidrocortisona Micronizada",Farmoquimica S/A
Cylocort,Similar,Antinfecciosos Topicos-Associacoes Medicamentosas,"Cloridrato De Ciprofloxacino , Cloridrato De Ciprofloxacino Monoidratado, Dexametasona",Uniao Quimica Farmaceutica Nacional S/A
Cilodex,Similar,Antinfecciosos Topicos Para Uso Oftalmico,"Cloridrato De Ciprofloxacino Monoidratado, Dexametasona",Novartis Biociencias S.A
Facoba®,Similar,Antinfecciosos Topicos-Associacoes Medicamentosas,"Cloridrato De Moxifloxacino, Fosfato Dissodico De Dexametasona",Legrand Pharma Industria Farmaceutica Ltda
Zanty Duo,Similar,Antinfecciosos Topicos-Associacoes Medicamentosas,"Cloridrato De Moxifloxacino, Fosfato Dissodico De Dexametasona",Uniao Quimica Farmaceutica Nacional S/A
Maxiview,Similar,Antinfecciosos Topicos-Associacoes Medicamentosas,"Dexametasona, Sulfato De Neomicina, Sulfato De Polimixina B",Geolab Industria Farmaceutica S/A
Triview,Similar,Antinfecciosos Topicos-Associacoes Medicamentosas,"Dexametasona, Sulfato De Neomicina, Sulfato De Polimixina B",Geolab Industria Farmaceutica S/A
Trok-G,Similar,Glicocorticoides Topicos - Associacao Medicamentosa,"Dipropionato De Betametasona, Sulfato De Gentamicina",Eurofarma Laboratorios S.A.
Drenison N,Similar,Antinfecciosos Topicos-Associacoes Medicamentosas,"Fludroxicortida, Fludoxicortida, Sulfato De Neomicina",Biolab Sanus Farmaceutica Ltda
Bacigen,Similar,Antinfecciosos Topicos-Associacoes Medicamentosas,"Neomicina, Bacitracina Zincica",Cazi Quimica Farmaceutica Industria E Comercio Ltda
Nebacimed,Similar,Antinfecciosos Topicos,"Sulfato De Neomicina, Bacitracina",Cimed Industria S.A
Bacinantrat,Similar,Antinfecciosos Topicos-Associacoes Medicamentosas,"Sulfato De Neomicina, Bacitracina Zincica",Laboratorio Globo Sa
Fericimed,Similar,Antinfecciosos Topicos-Associacoes Medicamentosas,"Sulfato De Neomicina, Bacitracina Zincica",Cimed Industria S.A
Furp - Neomicina + Bacitracina,Similar,Antinfecciosos Topicos-Associacoes Medicamentosas,"Sulfato De Neomicina, Bacitracina Zincica",Fundacao Para O Remedio Popular - Furp
Nebacetin,Similar,Antinfecciosos Topicos-Associacoes Medicamentosas,"Sulfato De Neomicina, Bacitracina Zincica",Cosmed Industria De Cosmeticos E Medicamentos S.A.
Nebaciderme,Similar,Antinfecciosos Topicos-Associacoes Medicamentosas,"Sulfato De Neomicina, Bacitracina Zincica",Multilab Industria E Comercio De Produtos Farmaceuticos Ltda
Neotricin,Similar,Antinfecciosos Topicos-Associacoes Medicamentosas,"Sulfato De Neomicina, Bacitracina Zincica",Legrand Pharma Industria Farmaceutica Ltda
Teutomicin,Similar,Antinfecciosos Topicos-Associacoes Medicamentosas,"Sulfato De Neomicina, Bacitracina Zincica",Laboratorio Teuto Brasileiro S/A
Amplogin,Similar,Prods  Ginecologicos Antinfecc  Topicos Assoc  Medicamentosas,"Tioconazol, Tinidazol",Gallia Industria Farmaceutica Ltda
Vulnagen,Similar,Prods  Ginecologicos Antinfecc  Topicos Assoc  Medicamentosas,"Tioconazol, Tinidazol",Brainfarma Industria Quimica E Farmaceutica S.A
Oncileg,Similar,Antinfecciosos Topicos-Associacoes Medicamentosas,"Triancinolona Acetonida, Sulfato De Neomicina, Gramicidina, Nistatina",Legrand Pharma Industria Farmaceutica Ltda
Clioqderm,Similar,Glicocorticoides Topicos - Associacao Medicamentosa,"Valerato De Betametasona, Sulfato De Gentamicina, Tolnaftato, Clioquinol",Geolab Industria Farmaceutica S/A
Dermatisan,Similar,Glicocorticoides Topicos - Associacao Medicamentosa,"Valerato De Betametasona, Sulfato De Gentamicina, Tolnaftato, Clioquinol",Ems S/A
Poliderms,Similar,Glicocorticoides Topicos - Associacao Medicamentosa,"Valerato De Betametasona, Sulfato De Gentamicina, Tolnaftato, Clioquinol",Uniao Quimica Farmaceutica Nacional S/A
Quatrin,Similar,Glicocorticoides Topicos - Associacao Medicamentosa,"Valerato De Betametasona, Sulfato De Gentamicina, Tolnaftato, Clioquinol",Uniao Quimica Farmaceutica Nacional S/A
Aceclo-Gran,Similar,Antinflamatorios,Aceclofenaco,Legrand Pharma Industria Farmaceutica Ltda
Aceflor,Similar,Antinflamatorios,Aceclofenaco,Multilab Industria E Comercio De Produtos Farmaceuticos Ltda
Dflax,Similar,Antinflamatorios,Aceclofenaco,Cimed Industria S.A
Flandy,Similar,Antinflamatorios,Aceclofenaco,Vitamedic Industria Farmaceutica Ltda
Ponsdril,Similar,Antinflamatorios Antireumaticos,Acido Mefenamico,Legrand Pharma Industria Farmaceutica Ltda
Mioflex A,Similar,Antinflamatorios,"Carisoprodol, Diclofenaco Sodico, Paracetamol, Cafeina",Cosmed Industria De Cosmeticos E Medicamentos S.A.
Torsilax,Similar,Antinflamatorios,"Carisoprodol, Diclofenaco Sodico, Paracetamol, Cafeina",Brainfarma Industria Quimica E Farmaceutica S.A
Cibex,Similar,Antinflamatorios,Celecoxibe,Supera Farma Laboratorios S.A
Coques,Similar,Antinflamatorios,Celecoxibe,Eurofarma Laboratorios S.A.
Coxizy,Similar,Antinflamatorios,Celecoxibe,Zydus Nikkho Farmaceutica Ltda
Dicoxibe,Similar,Antinflamatorios,Celecoxibe,Viatris Farmaceutica Do Brasil Ltda
Ducox,Similar,Antinflamatorios,Celecoxibe,Eurofarma Laboratorios S.A.
Foxis,Similar,Antinflamatorios,Celecoxibe,Ache Laboratorios Farmaceuticos S.A
Movydia,Similar,Antinflamatorios,Celecoxibe,Abbott Laboratorios Do Brasil Ltda
Parzo,Similar,Antinflamatorios,Celecoxibe,Ache Laboratorios Farmaceuticos S.A
Deocil,Similar,Antinflamatorios,Cetorolaco Trometamina,Diffucap - Chemobras Quimica E Farmaceutica Ltda
Vernara,Similar,Antinflamatorios,Cetorolaco Trometamina,Cellera Farmaceutica S.A.
Cetrolac,Similar,Antinflamatorios,"Cetorolaco Trometamina, Trometamol Cetorolaco",Uniao Quimica Farmaceutica Nacional S/A
Meva,Similar,Antinflamatorios,Clonixinato De Lisina,Legrand Pharma Industria Farmaceutica Ltda
Benzidrol,Similar,Antinflamatorios,Cloridrato De Benzidamina,Prati Donaduzzi & Cia Ltda
Ciflogex,Similar,Antinflamatorios,Cloridrato De Benzidamina,Cimed Industria S.A
Gargabem,Similar,Antinflamatorios,Cloridrato De Benzidamina,1Farma Industria Farmaceutica Ltda
Fenaflan D,Similar,Antinflamatorios,Diclofenaco De Potassio,Laboratorio Teuto Brasileiro S/A
Advipro,Similar,Antinflamatorios,Diclofenaco Dietilamonio,Pf Consumer Healthcare Brazil Importadora E Distribuidora De Me
Benevran Gel,Similar,Antinflamatorios,Diclofenaco Dietilamonio,Legrand Pharma Industria Farmaceutica Ltda
Bengpro,Similar,Antinflamatorios,Diclofenaco Dietilamonio,Ems S/A
Biofladex,Similar,Antinflamatorios,Diclofenaco Dietilamonio,Ems S/A
Calminex Diclo,Similar,Antinflamatorios,Diclofenaco Dietilamonio,Cosmed Industria De Cosmeticos E Medicamentos S.A.
Cataflexym,Similar,Antinflamatorios,Diclofenaco Dietilamonio,Cifarma Cientifica Farmaceutica Ltda
Dicloair,Similar,Antinflamatorios,Diclofenaco Dietilamonio,Legrand Pharma Industria Farmaceutica Ltda
Diclofan Gel,Similar,Antinflamatorios,Diclofenaco Dietilamonio,Theodoro F Sobral & Cia Ltda
Diflecbe,Similar,Antinflamatorios,Diclofenaco Dietilamonio,Kymberg Farmaceutica Do Brasil Ltda
Neocoflan,Similar,Antinflamatorios,Diclofenaco Dietilamonio,Brainfarma Industria Quimica E Farmaceutica S.A
Nevralpro,Similar,Antinflamatorios,Diclofenaco Dietilamonio,Cimed Industria S.A
Farmaflan,Similar,Antinflamatorios,"Diclofenaco Dietilamonio, Diclofenaco Potassico",Pharlab Industria Farmaceutica S.A.
Fenaflan,Similar,Antinflamatorios,"Diclofenaco Dietilamonio, Diclofenaco Potassico, Diclofenaco Resinato, Diclofenaco Acido, Amido",Laboratorio Teuto Brasileiro S/A
Fenaren,Similar,Antinflamatorios,"Diclofenaco Dietilamonio, Diclofenaco Sodico, Resinato De Diclofenaco",Uniao Quimica Farmaceutica Nacional S/A
Benevran,Similar,Antinflamatorios,Diclofenaco Potassico,Legrand Pharma Industria Farmaceutica Ltda
Flaxxil,Similar,Antinflamatorios,Diclofenaco Potassico,Cimed Industria S.A
Poltax,Similar,Antinflamatorios,Diclofenaco Potassico,Geolab Industria Farmaceutica S/A
Probenxil,Similar,Antinflamatorios,Diclofenaco Potassico,Cimed Industria S.A
Clofen K,Similar,Antinflamatorios,"Diclofenaco Potassico, Diclofenaco Resinato",1Farma Industria Farmaceutica Ltda
Fenaflan,Similar,Antinflamatorios,Diclofenaco Resinato,Laboratorio Teuto Brasileiro S/A
Belfaren,Similar,Antinflamatorios,Diclofenaco Sodico,Belfar Ltda
Biofenac,Similar,Antinflamatorios,"Diclofenaco, Diclofenaco Dietilamonio, Diclofenaco Resinato, Diclofenaco Sodico, Diclofenaco Acido",Ache Laboratorios Farmaceuticos S.A
Iquego-Ibuprofeno,Similar,Analgesicos Nao Narcoticos,Ibuprofeno,Industria Quimica Do Estado De Goias S/A - Iquego
Parartrin,Similar,Analgesicos Nao Narcoticos,Ibuprofeno,Cazi Quimica Farmaceutica Industria E Comercio Ltda
Oxotron,Similar,Antinflamatorios,Loxoprofeno Sodico,Ache Laboratorios Farmaceuticos S.A
Bioflac,Similar,Agentes Anti-Inflamatorios,Meloxicam,Cristalia Produtos Quimicos Farmaceuticos Ltda.
Diaden,Similar,Agentes Anti-Inflamatorios,Meloxicam,1Farma Industria Farmaceutica Ltda
Hilam,Similar,Agentes Anti-Inflamatorios,Meloxicam,Prati Donaduzzi & Cia Ltda
Melocox,Similar,Agentes Anti-Inflamatorios,Meloxicam,Eurofarma Laboratorios S.A.
Melovac,Similar,Agentes Anti-Inflamatorios,Meloxicam,Ems S/A
Meloxigran,Similar,Agentes Anti-Inflamatorios,Meloxicam,Legrand Pharma Industria Farmaceutica Ltda
Mevamox,Similar,Agentes Anti-Inflamatorios,Meloxicam,Laboratorio Teuto Brasileiro S/A
Movoxicam,Similar,Agentes Anti-Inflamatorios,Meloxicam,Cellera Farmaceutica S.A.
Naxotec,Similar,Antinflamatorios Antireumaticos,Naproxeno,Uniao Quimica Farmaceutica Nacional S/A
Globonaxx,Similar,Antinflamatorios,Naproxeno Sodico,Laboratorio Globo Sa
Naxtri,Similar,Antinflamatorios,Naproxeno Sodico,Ems S/A
Nexflen,Similar,Antinflamatorios,Naproxeno Sodico,Legrand Pharma Industria Farmaceutica Ltda
Nexoprax,Similar,Antinflamatorios,Naproxeno Sodico,Multilab Industria E Comercio De Produtos Farmaceuticos Ltda
Cimelide,Similar,Antinflamatorios,Nimesulida,Cimed Industria S.A
Dolmera,Similar,Antinflamatorios,Nimesulida,Cellera Farmaceutica S.A.
Inflalid,Similar,Antinflamatorios,Nimesulida,Legrand Pharma Industria Farmaceutica Ltda
Maxsulid 100,Similar,Antinflamatorios,Nimesulida,Cosmed Industria De Cosmeticos E Medicamentos S.A.
Neosulida,Similar,Antinflamatorios,Nimesulida,Brainfarma Industria Quimica E Farmaceutica S.A
Niflag,Similar,Antinflamatorios,Nimesulida,Multilab Industria E Comercio De Produtos Farmaceuticos Ltda
Nimelit,Similar,Antinflamatorios,Nimesulida,Vitamedic Industria Farmaceutica Ltda
Nimesilam,Similar,Antinflamatorios,Nimesulida,Ems Sigma Pharma Ltda
Nimesulix,Similar,Antinflamatorios,Nimesulida,Laboratorio Teuto Brasileiro S/A
Nisoflan,Similar,Antinflamatorios,Nimesulida,Geolab Industria Farmaceutica S/A
Nisufar,Similar,Antinflamatorios,Nimesulida,Laboratorio Farmaceutico Elofar Ltda
Nisulid Xr,Similar,Antinflamatorios,Nimesulida,Ache Laboratorios Farmaceuticos S.A
Nisvo,Similar,Antinflamatorios,Nimesulida,Prati Donaduzzi & Cia Ltda
Nizuil Gel,Similar,Antinflamatorios,Nimesulida,Multilab Industria E Comercio De Produtos Farmaceuticos Ltda
Optaflan,Similar,Antinflamatorios,Nimesulida,Gallia Industria Farmaceutica Ltda
Scaflogin,Similar,Antinflamatorios,Nimesulida,Laboratorio Globo Sa
Scaflogin Gotas,Similar,Antinflamatorios,Nimesulida,Laboratorio Globo Sa
Scalid,Similar,Antinflamatorios,Nimesulida,Uniao Quimica Farmaceutica Nacional S/A
Nib,Similar,Antinflamatorios,Nimesulida Betaciclodextrina,Eurofarma Laboratorios S.A.
Nimus Beta,Similar,Antinflamatorios,Nimesulida Betaciclodextrina,Eurofarma Laboratorios S.A.
Zulic,Similar,Antinflamatorios,Nimesulida Betaciclodextrina,Supera Farma Laboratorios S.A
Nidue,Similar,Antinflamatorios,"Nimesulida, Pantoprazol Sodico Sesqui-Hidratado",Germed Farmaceutica Ltda
Infralax,Similar,Antinflamatorios,"Paracetamol, Cafeina, Carisoprodol, Diclofenaco Sodico",Ems S/A
Torflay,Similar,Antinflamatorios,"Paracetamol, Cafeina, Carisoprodol, Diclofenaco Sodico",Legrand Pharma Industria Farmaceutica Ltda
Beserol,Similar,Antinflamatorios,"Paracetamol, Carisoprodol, Diclofenaco Sodico, Cafeina",Megalabs Farmaceutica S.A.
Tandriflan,Similar,Antinflamatorios,"Paracetamol, Carisoprodol, Diclofenaco Sodico, Cafeina",Uniao Quimica Farmaceutica Nacional S/A
Trilax,Similar,Antinflamatorios,"Paracetamol, Carisoprodol, Diclofenaco Sodico, Cafeina Anidra",Sandoz Do Brasil Industria Farmaceutica Ltda
Coxduo,Similar,Antinflamatorios,Parecoxibe Sodico,Teva Farmaceutica Ltda.
Pabexhy,Similar,Antinflamatorios,Parecoxibe Sodico,Brainfarma Industria Quimica E Farmaceutica S.A
Paxibe,Similar,Antinflamatorios,Parecoxibe Sodico,Eurofarma Laboratorios S.A.
Quoxad,Similar,Antinflamatorios,Parecoxibe Sodico,Sandoz Do Brasil Industria Farmaceutica Ltda
Farmoxicam,Similar,Antinflamatorios,Piroxicam,Pharlab Industria Farmaceutica S.A.
Azulfin,Similar,Antinflamatorios,Sulfassalazina,Apsen Farmaceutica S/A
Salazoprin,Similar,Antinflamatorios,Sulfassalazina,Cazi Quimica Farmaceutica Industria E Comercio Ltda
Teflan,Similar,Antinflamatorios Antireumaticos,Tenoxicam,Uniao Quimica Farmaceutica Nacional S/A
Tenoxil,Similar,Antinflamatorios Antireumaticos,Tenoxicam,Medquimica Industria Farmaceutica Ltda.
Cetrolac Sl,Similar,Antinflamatorios,Trometamol Cetorolaco,Uniao Quimica Farmaceutica Nacional S/A
Clilon,Similar,Antinflamatorios,Trometamol Cetorolaco,Ache Laboratorios Farmaceuticos S.A
Instanti Sl,Similar,Antinflamatorios,Trometamol Cetorolaco,Marjan Industria E Comercio Ltda
Kelac,Similar,Antinflamatorios,Trometamol Cetorolaco,Cosmed Industria De Cosmeticos E Medicamentos S.A.
Kethol,Similar,Antinflamatorios,Trometamol Cetorolaco,Germed Farmaceutica Ltda
Ketto,Similar,Antinflamatorios,Trometamol Cetorolaco,Eurofarma Laboratorios S.A.
Legrace,Similar,Antinflamatorios,Trometamol Cetorolaco,Legrand Pharma Industria Farmaceutica Ltda
Mytro,Similar,Antinflamatorios,Trometamol Cetorolaco,Myralis Industria Farmaceutica Ltda
Optilar,Similar,Antinflamatorios,Trometamol Cetorolaco,Geolab Industria Farmaceutica S/A
Softalm,Similar,Antinflamatorios,Trometamol Cetorolaco,Cosmed Industria De Cosmeticos E Medicamentos S.A.
Symdulor Sl,Similar,Antinflamatorios,Trometamol Cetorolaco,Adium S.A.
Terolac,Similar,Antinflamatorios,Trometamol Cetorolaco,Cristalia Produtos Quimicos Farmaceuticos Ltda.
Teroquatro,Similar,Antinflamatorios,Trometamol Cetorolaco,Cristalia Produtos Quimicos Farmaceuticos Ltda.
Toragesic,Similar,Antinflamatorios,Trometamol Cetorolaco,Ems Sigma Pharma Ltda
Toragesic Ofta,Similar,Antinflamatorios,Trometamol Cetorolaco,Ems Sigma Pharma Ltda
Tormiv Sl,Similar,Antinflamatorios,Trometamol Cetorolaco,Ache Laboratorios Farmaceuticos S.A
Torofast,Similar,Antinflamatorios,Trometamol Cetorolaco,Cifarma Cientifica Farmaceutica Ltda
Totti Sl,Similar,Antinflamatorios,Trometamol Cetorolaco,Ache Laboratorios Farmaceuticos S.A
Ultrox,Similar,Antinflamatorios,Trometamol Cetorolaco,Supera Farma Laboratorios S.A
Voric,Similar,Antinflamatorios,Trometamol Cetorolaco,Eurofarma Laboratorios S.A.
Zoty,Similar,Antinflamatorios,Trometamol Cetorolaco,Blau Farmaceutica S.A.
Fen,Similar,Antinflamatorios Antireumaticos,Acido Mefenamico,Eurofarma Laboratorios S.A.
Artrinid Iv,Similar,Antinflamatorios Antireumaticos,Cetoprofeno,Uniao Quimica Farmaceutica Nacional S/A
Cocichimil,Similar,Antinflamatorios Antireumaticos,Colchicina,Multilab Industria E Comercio De Produtos Farmaceuticos Ltda
Goltrite,Similar,Antinflamatorios Antireumaticos,Colchicina,Multilab Industria E Comercio De Produtos Farmaceuticos Ltda
Dorflan,Similar,Antinflamatorios,Diclofenaco Dietilamonio,Cazi Quimica Farmaceutica Industria E Comercio Ltda
Flaxxil,Similar,Antinflamatorios Antireumaticos,"Diclofenaco Dietilamonio, Diclofenaco Potassico, Diclofenaco Resinato",Cimed Industria S.A
Probenxil,Similar,Antinflamatorios Antireumaticos,"Diclofenaco Dietilamonio, Diclofenaco Potassico, Diclofenaco Resinato",Cimed Industria S.A
Diclofarma,Similar,Antinflamatorios,Diclofenaco Sodico,Farmace Industria Quimico-Farmaceutica Cearense Ltda
Dnaren,Similar,Antinflamatorios,Diclofenaco Sodico,Blau Farmaceutica S.A.
Furp - Diclofenaco,Similar,Antinflamatorios,Diclofenaco Sodico,Fundacao Para O Remedio Popular - Furp
Inlupe,Similar,Antinflamatorios,Diclofenaco Sodico,Newcom Farmaceutica Ltda.
Neotaren,Similar,Antinflamatorios,Diclofenaco Sodico,Brainfarma Industria Quimica E Farmaceutica S.A
Sodix,Similar,Antinflamatorios,Diclofenaco Sodico,Geolab Industria Farmaceutica S/A
Somaflex Ap,Similar,Antinflamatorios,Diclofenaco Sodico,Ems Sigma Pharma Ltda
Dore,Similar,Antinflamatorios Antireumaticos,Etodolaco,Eurofarma Laboratorios S.A.
Dueforzi,Similar,Antinflamatorios Antireumaticos,Etodolaco,Apsen Farmaceutica S/A
Etod,Similar,Antinflamatorios Antireumaticos,Etodolaco,Cristalia Produtos Quimicos Farmaceuticos Ltda.
Flanolaco,Similar,Antinflamatorios Antireumaticos,Etodolaco,Multilab Industria E Comercio De Produtos Farmaceuticos Ltda
Ipaglin,Similar,Antinflamatorios Antireumaticos,Etodolaco,Ems S/A
Ketalgi,Similar,Antinflamatorios Antireumaticos,Etodolaco,Supera Farma Laboratorios S.A
Larc,Similar,Antinflamatorios Antireumaticos,Etodolaco,Eurofarma Laboratorios S.A.
Todoc,Similar,Antinflamatorios Antireumaticos,Etodolaco,Legrand Pharma Industria Farmaceutica Ltda
Coxeto,Similar,Antinflamatorios Antireumaticos,Etoricoxibe,Germed Farmaceutica Ltda
Ecibe,Similar,Antinflamatorios Antireumaticos,Etoricoxibe,Cosmed Industria De Cosmeticos E Medicamentos S.A.
Ecoxe,Similar,Antinflamatorios Antireumaticos,Etoricoxibe,Cosmed Industria De Cosmeticos E Medicamentos S.A.
Etcob,Similar,Antinflamatorios Antireumaticos,Etoricoxibe,Diffucap - Chemobras Quimica E Farmaceutica Ltda
Etorben,Similar,Antinflamatorios Antireumaticos,Etoricoxibe,Ache Laboratorios Farmaceuticos S.A
Hetori,Similar,Antinflamatorios Antireumaticos,Etoricoxibe,Organon Farmaceutica Ltda.
Leraw,Similar,Antinflamatorios Antireumaticos,Etoricoxibe,Camber Farmaceutica Ltda
Lordozy,Similar,Antinflamatorios Antireumaticos,Etoricoxibe,Zydus Nikkho Farmaceutica Ltda
Sotto,Similar,Antinflamatorios Antireumaticos,Etoricoxibe,Cellera Farmaceutica S.A.
Terocoxi,Similar,Antinflamatorios Antireumaticos,Etoricoxibe,Cristalia Produtos Quimicos Farmaceuticos Ltda.
Torxis,Similar,Antinflamatorios Antireumaticos,Etoricoxibe,Ache Laboratorios Farmaceuticos S.A
Butacid,Similar,Antinflamatorios Antireumaticos,Fenilbutazona Calcica,Vitamedic Industria Farmaceutica Ltda
Sabivarnex,Similar,Antinflamatorios,Flurbiprofeno,Laboratorios Bago Do Brasil S/A
Algy-Flanderil,Similar,Analgesicos Nao Narcoticos,Ibuprofeno,Vitamedic Industria Farmaceutica Ltda
Algy-Flanderil Caps,Similar,Analgesicos Nao Narcoticos,Ibuprofeno,Vitamedic Industria Farmaceutica Ltda
Ibuglobo,Similar,Analgesicos Nao Narcoticos,Ibuprofeno,Laboratorio Globo Sa
Ibumedfem,Similar,Analgesicos Nao Narcoticos,Ibuprofeno,Cimed Industria S.A
Ibupril Caps,Similar,Analgesicos Nao Narcoticos,Ibuprofeno,Laboratorio Teuto Brasileiro S/A
Leflun,Similar,Antinflamatorios Antireumaticos,Leflunomida,Cristalia Produtos Quimicos Farmaceuticos Ltda.
Lfm-Leflunomida,Similar,Antinflamatorios Antireumaticos,Leflunomida,Laboratorio Farmaceutico Da Marinha
Reumian,Similar,Antinflamatorios Antireumaticos,Leflunomida,Ache Laboratorios Farmaceuticos S.A
Algilive,Similar,Antinflamatorios Antireumaticos,Lisinato De Cetoprofeno,Ache Laboratorios Farmaceuticos S.A
Artritec,Similar,Agentes Anti-Inflamatorios,Meloxicam,Pharlab Industria Farmaceutica S.A.
Loxam,Similar,Agentes Anti-Inflamatorios,Meloxicam,Brainfarma Industria Quimica E Farmaceutica S.A
Naprox,Similar,Antinflamatorios Antireumaticos,Naproxeno,Laboratorio Teuto Brasileiro S/A
Doriipro,Similar,Antinflamatorios,Naproxeno Sodico,Cosmed Industria De Cosmeticos E Medicamentos S.A.
Napronax,Similar,Antinflamatorios,Naproxeno Sodico,Brainfarma Industria Quimica E Farmaceutica S.A
Floxicam,Similar,Antinflamatorios,Piroxicam,Brainfarma Industria Quimica E Farmaceutica S.A
Tilonax,Similar,Antinflamatorios Antireumaticos,Tenoxicam,Cifarma Cientifica Farmaceutica Ltda
Tiloxineo,Similar,Antinflamatorios Antireumaticos,Tenoxicam,Brainfarma Industria Quimica E Farmaceutica S.A
Titenil,Similar,Antinflamatorios Antireumaticos,Tenoxicam,Geolab Industria Farmaceutica S/A
Cortisonal,Similar,Antinflamatorios E Antireumatios-Assocs  Medicamentosas,"Acetato De Hidrocortisona, Succinato Sodico De Hidrocortisona",Uniao Quimica Farmaceutica Nacional S/A
Dexaneurin,Similar,Antinflamatorios E Antireumatios-Assocs  Medicamentosas,"Cianocobalamina, Cloridrato De Piridoxina, Cloridrato De Tiamina, Cloridrato De Lidocaina, Fosfato Dissodico De Dexametasona",Uniao Quimica Farmaceutica Nacional S/A
Citobe-Dexa,Similar,Antinflamatorios E Antireumatios-Assocs  Medicamentosas,"Cloridrato De Tiamina, Cloridrato De Piridoxina, Cianocobalamina, Fosfato Dissodico De Dexametasona",Eurofarma Laboratorios S.A.
Dexalgen Nf,Similar,Antinflamatorios E Antireumatios-Assocs  Medicamentosas,"Cloridrato De Tiamina, Cloridrato De Piridoxina, Cianocobalamina, Fosfato Dissodico De Dexametasona",Eurofarma Laboratorios S.A.
Renovi B Plus,Similar,Antinflamatorios E Antireumatios-Assocs  Medicamentosas,"Cloridrato De Tiamina, Cloridrato De Piridoxina, Cianocobalamina, Fosfato Dissodico De Dexametasona",Supera Farma Laboratorios S.A
Flexalgin,Similar,Antinflamatorios,"Paracetamol, Carisoprodol, Diclofenaco Sodico, Cafeina",Geolab Industria Farmaceutica S/A
Helmizol,Similar,Antiparasitarios,"Benzoilmetronidazol, Metronidazol",Laboratorio Teuto Brasileiro S/A
Dietilcarbamazina Citrato,Similar,Antiparasitarios,Citrato De Dietilcarbamazina,Fundacao Oswaldo Cruz
Pyverm,Similar,Antiparasitarios,Embonato De Pirvinio,Cifarma Cientifica Farmaceutica Ltda
Ivecte,Similar,Outros Produtos Dermatologicos,Ivermectina,Vitamedic Industria Farmaceutica Ltda
Iverliv,Similar,Outros Produtos Dermatologicos,Ivermectina,Legrand Pharma Industria Farmaceutica Ltda
Iverneo,Similar,Outros Produtos Dermatologicos,Ivermectina,Brainfarma Industria Quimica E Farmaceutica S.A
Leverctin,Similar,Outros Produtos Dermatologicos,Ivermectina,Ems S/A
Nidazofarma,Similar,"Amebicidas, Giardicidas E Tricomonicidas",Metronidazol,Farmace Industria Quimico-Farmaceutica Cearense Ltda
Azox,Similar,Antiparasitarios,Nitazoxanida,Eurofarma Laboratorios S.A.
Irose,Similar,Antiparasitarios,Nitazoxanida,Althaia S.A. Industria Farmaceutica
Minti,Similar,Antiparasitarios,Nitazoxanida,Eurofarma Laboratorios S.A.
Naxxagran,Similar,Antiparasitarios,Nitazoxanida,Legrand Pharma Industria Farmaceutica Ltda
Nydda,Similar,Antiparasitarios,Nitazoxanida,Apsen Farmaceutica S/A
Rudite,Similar,Antiparasitarios,Nitazoxanida,Ems S/A
Trinida,Similar,Antiparasitarios,Nitazoxanida,Brainfarma Industria Quimica E Farmaceutica S.A
Zoxylab,Similar,Antiparasitarios,Nitazoxanida,Multilab Industria E Comercio De Produtos Farmaceuticos Ltda
Calt,Similar,Antitireoideanos,Cloridrato De Cinacalcete,Cristalia Produtos Quimicos Farmaceuticos Ltda.
Carbidol,Similar,Antiparkinsonianos,"Carbidopa Monoidratada, Levodopa",Laboratorio Teuto Brasileiro S/A
Duosync,Similar,Antiparkinsonianos,"Carbidopa, Levodopa",Zydus Nikkho Farmaceutica Ltda
Cinetol,Similar,Antiparkinsonianos,Cloridrato De Biperideno,Cristalia Produtos Quimicos Farmaceuticos Ltda.
Dicloridrato De Pramipexol,Similar,Antiparkinsonianos,Dicloridrato De Pramipexol,Ranbaxy Farmaceutica Ltda
Rocky,Similar,Antiparkinsonianos,Dicloridrato De Pramipexol,Sun Farmaceutica Do Brasil Ltda
Stabil,Similar,Antiparkinsonianos,Dicloridrato De Pramipexol,Ache Laboratorios Farmaceuticos S.A
Minergi,Similar,Antiparkinsonianos,Dicloridrato De Pramipexol Monoidratado,Supera Farma Laboratorios S.A
Pisa,Similar,Antiparkinsonianos,Dicloridrato De Pramipexol Monoidratado,Eurofarma Laboratorios S.A.
Quera,Similar,Antiparkinsonianos,Dicloridrato De Pramipexol Monoidratado,Cristalia Produtos Quimicos Farmaceuticos Ltda.
Quera Lp,Similar,Antiparkinsonianos,Dicloridrato De Pramipexol Monoidratado,Cristalia Produtos Quimicos Farmaceuticos Ltda.
Stabil Xr,Similar,Antiparkinsonianos,Dicloridrato De Pramipexol Monoidratado,Ache Laboratorios Farmaceuticos S.A
Entarkin,Similar,Antiparkinsonianos,Entacapona,Ems Sigma Pharma Ltda
Cinetol,Similar,Antiparkinsonianos,"Lactato De Biperideno, Cloridrato De Biperideno",Cristalia Produtos Quimicos Farmaceuticos Ltda.
Parkidopa,Similar,Antiparkinsonianos,"Levodopa, Carbidopa",Cristalia Produtos Quimicos Farmaceuticos Ltda.
Ekson,Similar,Antiparkinsonianos,"Levodopa, Cloridrato De Benserazida",Ache Laboratorios Farmaceuticos S.A
Lebens,Similar,Antiparkinsonianos,"Levodopa, Cloridrato De Benserazida",Germed Farmaceutica Ltda
Levrasida,Similar,Antiparkinsonianos,"Levodopa, Cloridrato De Benserazida",Multilab Industria E Comercio De Produtos Farmaceuticos Ltda
Alzyd,Similar,Antiparkinsonianos,Mesilato De Rasagilina,Zydus Nikkho Farmaceutica Ltda
Gilmov,Similar,Antiparkinsonianos,Mesilato De Rasagilina,Ache Laboratorios Farmaceuticos S.A
Razys,Similar,Antiparkinsonianos,Mesilato De Rasagilina,Teva Farmaceutica Ltda.
Aipri,Similar,Antipsicoticos,Aripiprazol,Cosmed Industria De Cosmeticos E Medicamentos S.A.
Aquarela,Similar,Antipsicoticos,Aripiprazol,Ache Laboratorios Farmaceuticos S.A
Aquarela Odt,Similar,Antipsicoticos,Aripiprazol,Ache Laboratorios Farmaceuticos S.A
Aristab Odt,Similar,Antipsicoticos,Aripiprazol,Ache Laboratorios Farmaceuticos S.A
Arpejo,Similar,Antipsicoticos,Aripiprazol,Ems S/A
Arpio,Similar,Antipsicoticos,Aripiprazol,Germed Farmaceutica Ltda
Biquiz,Similar,Antipsicoticos,Aripiprazol,Supera Farma Laboratorios S.A
Harip,Similar,Antipsicoticos,Aripiprazol,Prati Donaduzzi & Cia Ltda
Harip Odt,Similar,Antipsicoticos,Aripiprazol,Prati Donaduzzi & Cia Ltda
Hedd,Similar,Antipsicoticos,Aripiprazol,Farmoquimica S/A
Kavium,Similar,Antipsicoticos,Aripiprazol,Zydus Nikkho Farmaceutica Ltda
Sensaz,Similar,Antipsicoticos,Aripiprazol,Cristalia Produtos Quimicos Farmaceuticos Ltda.
Toarip,Similar,Antipsicoticos,Aripiprazol,Torrent Do Brasil Ltda
Lfm Ziprasidona,Similar,Neurolepticos,Cloridrato De Ziprasidona Monoidratado,Laboratorio Farmaceutico Da Marinha
Atip,Similar,Antipsicoticos,Hemifumarato De Quetiapina,Supera Farma Laboratorios S.A
Atip Xr,Similar,Antipsicoticos,Hemifumarato De Quetiapina,Supera Farma Laboratorios S.A
Kitapen,Similar,Antipsicoticos,Hemifumarato De Quetiapina,Biolab Sanus Farmaceutica Ltda
Mensyva,Similar,Antipsicoticos,Hemifumarato De Quetiapina,Ache Laboratorios Farmaceuticos S.A
Neotiapim,Similar,Antipsicoticos,Hemifumarato De Quetiapina,Sandoz Do Brasil Industria Farmaceutica Ltda
Quepsia Lp,Similar,Antipsicoticos,Hemifumarato De Quetiapina,Eurofarma Laboratorios S.A.
Quet,Similar,Antipsicoticos,Hemifumarato De Quetiapina,Eurofarma Laboratorios S.A.
Quet Xr,Similar,Antipsicoticos,Hemifumarato De Quetiapina,Eurofarma Laboratorios S.A.
Quetibux,Similar,Antipsicoticos,Hemifumarato De Quetiapina,Geolab Industria Farmaceutica S/A
Quetipin,Similar,Antipsicoticos,Hemifumarato De Quetiapina,Cristalia Produtos Quimicos Farmaceuticos Ltda.
Quetipin Lp,Similar,Antipsicoticos,Hemifumarato De Quetiapina,Cristalia Produtos Quimicos Farmaceuticos Ltda.
Quetros,Similar,Antipsicoticos,Hemifumarato De Quetiapina,Ache Laboratorios Farmaceuticos S.A
Tracox,Similar,Antipsicoticos,Hemifumarato De Quetiapina,Farmoquimica S/A
Axonium,Similar,Antipsicoticos,Olanzapina,Ache Laboratorios Farmaceuticos S.A
Crisapina,Similar,Antipsicoticos,Olanzapina,Cristalia Produtos Quimicos Farmaceuticos Ltda.
Olanexyn,Similar,Antipsicoticos,Olanzapina,Ache Laboratorios Farmaceuticos S.A
Olanzys,Similar,Antipsicoticos,Olanzapina,Biolab Sanus Farmaceutica Ltda
Onaz,Similar,Antipsicoticos,Olanzapina,Prati Donaduzzi & Cia Ltda
Zap,Similar,Antipsicoticos,Olanzapina,Eurofarma Laboratorios S.A.
Zesten,Similar,Antipsicoticos,Olanzapina,Farmoquimica S/A
Zopix,Similar,Antipsicoticos,Olanzapina,Ems S/A
Binav,Similar,Antiretroviral,"Entricitabina, Fumarato De Tenofovir Desoproxila",Blanver Farmoquimica E Farmaceutica S.A.
Darvyr,Similar,Antiretroviral,Propilenoglicolato De Darunavir,Cristalia Produtos Quimicos Farmaceuticos Ltda.
Laringex,Similar,Antisseptico,Cloreto De Cetilpiridinio,Cazi Quimica Farmaceutica Industria E Comercio Ltda
Antimais Septico,Similar,Antisseptico,"Cloridrato De Lidocaina Monoidratada , Cloreto De Benzetonio",Kley Hertz Farmaceutica S.A
Kuramed,Similar,Antisseptico,"Cloridrato De Lidocaina, Cloreto De Benzalconio",Cimed Industria S.A
Timeolate,Similar,Antisseptico,"Cloridrato De Lidocaina, Cloreto De Benzetonio",Laboratorio Tayuyna Ltda
Hebrin,Similar,Antisseptico,"Oleo Vegetal/Oleo Resina, Iodo, Acido Salicilico",Uniao Quimica Farmaceutica Nacional S/A
Cystex,Similar,Antissepticos Urinarios-Associacoes Medicamentosas,"Cloridrato De Acriflavina, Metenamina, Cloreto De Metiltioninio, Beladona Po",Ems S/A
Sepurin,Similar,Antissepticos Urinarios-Associacoes Medicamentosas,"Metenamina, Cloreto De Metiltioninio",Laboratorio Gross S. A.
Bupium,Similar,Antidepressivos,Cloridrato De Bupropiona,Ems Sigma Pharma Ltda
Noradop,Similar,Antidepressivos,Cloridrato De Bupropiona,Multilab Industria E Comercio De Produtos Farmaceuticos Ltda
Seth,Similar,Antidepressivos,Cloridrato De Bupropiona,Uniao Quimica Farmaceutica Nacional S/A
Missort,Similar,Antitireoideanos,Cloridrato De Cinacalcete,Ems S/A
Propilracil,Similar,Antitireoideanos,Propiltiouracila,Biolab Sanus Farmaceutica Ltda
Apics,Similar,Antitrombotico,Apixabana,Apsen Farmaceutica S/A
Apixneo,Similar,Antitrombotico,Apixabana,Brainfarma Industria Quimica E Farmaceutica S.A
Apixord,Similar,Antitrombotico,Apixabana,Accord Farmaceutica Ltda
Eknus,Similar,Antitrombotico,Apixabana,Viatris Farmaceutica Do Brasil Ltda
Harterya,Similar,Antitrombotico,Apixabana,Zydus Nikkho Farmaceutica Ltda
Ixabi,Similar,Antitrombotico,Apixabana,Torrent Do Brasil Ltda
Picbam,Similar,Antitrombotico,Apixabana,Cosmed Industria De Cosmeticos E Medicamentos S.A.
Pixar,Similar,Antitrombotico,Apixabana,Eurofarma Laboratorios S.A.
Vasogard,Similar,Antitrombotico,Cilostazol,Ache Laboratorios Farmaceuticos S.A
Dabgam,Similar,Antitrombotico,Mesilato De Etexilato De Dabigatrana,Cosmed Industria De Cosmeticos E Medicamentos S.A.
Acog,Similar,Antitrombotico,Rivaroxabana,Torrent Do Brasil Ltda
Faxxa,Similar,Antitrombotico,Rivaroxabana,Germed Farmaceutica Ltda
Lixxafor,Similar,Antitrombotico,Rivaroxabana,Libbs Farmaceutica Ltda
Lurope,Similar,Antitrombotico,Rivaroxabana,Ache Laboratorios Farmaceuticos S.A
Nublaxon,Similar,Antitrombotico,Rivaroxabana,Bayer S.A.
Rivneo,Similar,Antitrombotico,Rivaroxabana,Brainfarma Industria Quimica E Farmaceutica S.A
Rixantil,Similar,Antitrombotico,Rivaroxabana,Legrand Pharma Industria Farmaceutica Ltda
Ryri,Similar,Antitrombotico,Rivaroxabana,Camber Farmaceutica Ltda
Vynaxa,Similar,Antitrombotico,Rivaroxabana,Ems S/A
Xab,Similar,Antitrombotico,Rivaroxabana,Uniao Quimica Farmaceutica Nacional S/A
Endcoff,Similar,Antitussigenos-Associacoes Medicamentosas,"Cloridrato De Difenidramina, Cloreto De Amonio, Citrato De Sodio",Ems S/A
Neotoss,Similar,Antitussigenos Simples,Dropropizina,Brainfarma Industria Quimica E Farmaceutica S.A
Tosflu,Similar,Antitussigenos Simples,Dropropizina,Ems S/A
Clope,Similar,Antitussigenos,Fendizoato De Cloperastina,Ems S/A
Expecseccor,Similar,Antitussigenos,Fendizoato De Cloperastina,Legrand Pharma Industria Farmaceutica Ltda
Tilugen,Similar,Antitussigenos,Fendizoato De Cloperastina,Brainfarma Industria Quimica E Farmaceutica S.A
Atossion,Similar,Antitussigenos Simples,Dropropizina,Laboratorio Farmaceutico Elofar Ltda
Coftoss,Similar,Antitussigenos Simples,Dropropizina,Abbott Laboratorios Do Brasil Ltda
Ecos,Similar,Antitussigenos Simples,Dropropizina,Uniao Quimica Farmaceutica Nacional S/A
Flextoss,Similar,Antitussigenos Simples,Dropropizina,Laboratorio Teuto Brasileiro S/A
Gotas Binelli,Similar,Antitussigenos Simples,Dropropizina,Megalabs Farmaceutica S.A.
Notuss Tss,Similar,Antitussigenos Simples,Dropropizina,Ache Laboratorios Farmaceuticos S.A
Ziptuss,Similar,Antitussigenos Simples,Dropropizina,Ache Laboratorios Farmaceuticos S.A
Percof,Similar,Antitussigenos Simples,"Dropropizina, Levodropropizina",Eurofarma Laboratorios S.A.
Glyteol,Similar,Expectorantes,Guaifenesina,Kley Hertz Farmaceutica S.A
Antux,Similar,Antitussigenos Simples,Levodropropizina,Ache Laboratorios Farmaceuticos S.A
Xarope 44 E,Similar,Antitussigenos-Associacoes Medicamentosas,"Bromidrato De Dextrometorfano, Guaifenesina",Procter & Gamble Do Brasil Ltda.
Hytos Plus,Similar,Antitussigenos-Associacoes Medicamentosas,"Cloridrato De Clobutinol, Succinato De Doxilamina",Uniao Quimica Farmaceutica Nacional S/A
Label,Similar,Antiulcerosos,Cloridrato De Ranitidina,Ache Laboratorios Farmaceuticos S.A
Ultidin,Similar,Antiulcerosos,Cloridrato De Ranitidina,Geolab Industria Farmaceutica S/A
Esio,Similar,Antiulcerosos,Esomeprazol Magnesico,Eurofarma Laboratorios S.A.
Gaeso,Similar,Antiulcerosos,Esomeprazol Magnesico,Ache Laboratorios Farmaceuticos S.A
Esmog,Similar,Antiulcerosos,Esomeprazol Magnesico Tri-Hidratado,Ems S/A
Esogastro,Similar,Antiulcerosos,Esomeprazol Magnesico Tri-Hidratado,Ems S/A
Esomex,Similar,Antiulcerosos,Esomeprazol Magnesico Tri-Hidratado,Ems Sigma Pharma Ltda
Esop,Similar,Antiulcerosos,Esomeprazol Magnesico Tri-Hidratado,Multilab Industria E Comercio De Produtos Farmaceuticos Ltda
Mezolium,Similar,Antiulcerosos,Esomeprazol Magnesico Tri-Hidratado,Germed Farmaceutica Ltda
Nexprazin,Similar,Antiulcerosos,Esomeprazol Magnesico Tri-Hidratado,Legrand Pharma Industria Farmaceutica Ltda
Laflugi,Similar,Antiulcerosos,Lansoprazol,Multilab Industria E Comercio De Produtos Farmaceuticos Ltda
Lanz,Similar,Antiulcerosos,Lansoprazol,Ems Sigma Pharma Ltda
Lanzopept,Similar,Antiulcerosos,Lansoprazol,Geolab Industria Farmaceutica S/A
Elprazol,Similar,Antiulcerosos,Omeprazol,Pharlab Industria Farmaceutica S.A.
Eupept,Similar,Antiulcerosos,Omeprazol,Cifarma Cientifica Farmaceutica Ltda
Lozeprel,Similar,Antiulcerosos,Omeprazol,Multilab Industria E Comercio De Produtos Farmaceuticos Ltda
Neoprazol,Similar,Antiulcerosos,Omeprazol,Brainfarma Industria Quimica E Farmaceutica S.A
Neprazol,Similar,Antiulcerosos,Omeprazol,1Farma Industria Farmaceutica Ltda
Novoprazol,Similar,Antiulcerosos,Omeprazol,Laboratorio Globo Sa
Omenax,Similar,Antiulcerosos,Omeprazol,Geolab Industria Farmaceutica S/A
Omepramed,Similar,Antiulcerosos,Omeprazol,Cimed Industria S.A
Omoprel,Similar,Antiulcerosos,Omeprazol,Belfar Ltda
Teutozol,Similar,Antiulcerosos,Omeprazol,Laboratorio Teuto Brasileiro S/A
Estomadefens,Similar,Antiulcerosos,Omeprazol Microgranulados,Cosmed Industria De Cosmeticos E Medicamentos S.A.
Oprazon,Similar,Antiulcerosos,Omeprazol Sodico,Blau Farmaceutica S.A.
Tolza,Similar,Antiulcerosos,Pantoprazol,Laboratorio Teuto Brasileiro S/A
Prazy,Similar,Antiacidos E Antiulcerosos,Pantoprazol Sodico Sesqui-Hidratado,Legrand Pharma Industria Farmaceutica Ltda
Ptzol,Similar,Antiacidos E Antiulcerosos,Pantoprazol Sodico Sesqui-Hidratado,Cristalia Produtos Quimicos Farmaceuticos Ltda.
Pantopaz,Similar,Antiacidos E Antiulcerosos Simples,"Pantoprazol, Pantoprazol Sodico Sesqui-Hidratado",Sandoz Do Brasil Industria Farmaceutica Ltda
Ulceracid,Similar,Antiulcerosos,Cimetidina,Luper Industria Farmaceutica Ltda
Labirin,Similar,Antivertiginosos,"Betaistina, Cloridrato De Betaistina, Dicloridrato De Betaistina",Apsen Farmaceutica S/A
Betadine,Similar,Vasodilatadores,Dicloridrato De Betaistina,Ache Laboratorios Farmaceuticos S.A
Betina,Similar,Vasodilatadores,Dicloridrato De Betaistina,Eurofarma Laboratorios S.A.
Debet,Similar,Vasodilatadores,Dicloridrato De Betaistina,Supera Farma Laboratorios S.A
Labirin Xr,Similar,Vasodilatadores,Dicloridrato De Betaistina,Apsen Farmaceutica S/A
Vitalia,Similar,Vasodilatadores,Dicloridrato De Betaistina,Ache Laboratorios Farmaceuticos S.A
Zorvy,Similar,Antivirais,Aciclovir Sodico,Blau Farmaceutica S.A.
Acivirax,Similar,Antiviroticos,Aciclovir,Cifarma Cientifica Farmaceutica Ltda
Heclivir,Similar,Antiviroticos,Aciclovir,Brainfarma Industria Quimica E Farmaceutica S.A
Herpesil,Similar,Antiviroticos,Aciclovir,Sandoz Do Brasil Industria Farmaceutica Ltda
Hervirax,Similar,Antiviroticos,Aciclovir,Pharlab Industria Farmaceutica S.A.
Hpmix,Similar,Antiviroticos,Aciclovir,
Antivirax,Similar,Antiviroticos,"Aciclovir, Aciclovir Sodico",Ems S/A
Ezopen,Similar,Antiviroticos,"Aciclovir, Aciclovir Sodico",Laboratorio Teuto Brasileiro S/A
Uni-Vir,Similar,Antiviroticos,"Aciclovir, Aciclovir Sodico",Uniao Quimica Farmaceutica Nacional S/A
Denpryx,Similar,Antiviroticos (Inibe Replicacao Virotica),Cloridrato De Valaciclovir,Farmoquimica S/A
Herpstal,Similar,Antiviroticos (Inibe Replicacao Virotica),Cloridrato De Valaciclovir,Germed Farmaceutica Ltda
Krikor,Similar,Antiviroticos (Inibe Replicacao Virotica),Cloridrato De Valaciclovir,Cosmed Industria De Cosmeticos E Medicamentos S.A.
Fanclomax,Similar,Antiviroticos,Fanciclovir,Blau Farmaceutica S.A.
Penvir,Similar,Antiviroticos,Fanciclovir,Ems Sigma Pharma Ltda
Farmanguinhos Oseltamivir,Similar,Antiviroticos,Fosfato De Oseltamivir,Fundacao Oswaldo Cruz
Gripxia,Similar,Antiviroticos,Fosfato De Oseltamivir,Cristalia Produtos Quimicos Farmaceuticos Ltda.
Ganvirax,Similar,Antiviroticos,Ganciclovir,Blau Farmaceutica S.A.
Ganciclotrat,Similar,Antiviroticos,Ganciclovir Sodico,Uniao Quimica Farmaceutica Nacional S/A
Farmanguinhos -Lamivudina,Similar,Antiviroticos (Inibe Replicacao Virotica),Lamivudina,Fundacao Oswaldo Cruz
Furp-Lamivudina,Similar,Antiviroticos (Inibe Replicacao Virotica),Lamivudina,Fundacao Para O Remedio Popular - Furp
Far-Manguinhos-Lamivudina + Zidovudina,Similar,Antiviroticos,"Lamivudina, Zidovudina",Fundacao Oswaldo Cruz
Farmanguinhos - Nevirapina,Similar,Antiviroticos (Inibe Replicacao Virotica),Nevirapina,Fundacao Oswaldo Cruz
Ribavirin,Similar,Antiviroticos,Ribavirina,Blau Farmaceutica S.A.
Ribavirina,Similar,Antiviroticos,Ribavirina,Fundacao Oswaldo Cruz
Far-Manguinhos Zidovudina,Similar,Antiviroticos (Inibe Replicacao Virotica),Zidovudina,Fundacao Oswaldo Cruz
Furp-Lamivudina + Zidovudina,Similar,Antiviroticos (Inibe Replicacao Virotica),"Zidovudina, Lamivudina",Fundacao Para O Remedio Popular - Furp
Globoflu,Similar,Antiviroticos,Fosfato De Oseltamivir,Laboratorio Globo Sa
Oselflu,Similar,Antiviroticos,Fosfato De Oseltamivir,Natcofarma Do Brasil Ltda
Oselguard,Similar,Antiviroticos,Fosfato De Oseltamivir,Hemafarma Com E Ind Farmaceutica Ltda
Uniflu,Similar,Antiviroticos,Fosfato De Oseltamivir,Uniao Quimica Farmaceutica Nacional S/A
Aciclomed,Similar,Antiviroticos,Aciclovir,Cimed Industria S.A
Aciclor,Similar,Antiviroticos,Aciclovir,Kley Hertz Farmaceutica S.A
Fasys,Similar,Antiviroticos,Aciclovir,Geolab Industria Farmaceutica S/A
Ziclovir,Similar,Antiviroticos,Aciclovir,Vitamedic Industria Farmaceutica Ltda
Zorvy Creme,Similar,Antiviroticos,Aciclovir,Blau Farmaceutica S.A.
Zynvir,Similar,Antivirais,Aciclovir Sodico,Newcom Farmaceutica Ltda.
Valaski,Similar,Antiviroticos (Inibe Replicacao Virotica),Cloridrato De Valaciclovir,Supera Farma Laboratorios S.A
Vanlure,Similar,Antiviroticos (Inibe Replicacao Virotica),Cloridrato De Valaciclovir,Eurofarma Laboratorios S.A.
Vilaxy,Similar,Antiviroticos (Inibe Replicacao Virotica),Cloridrato De Valaciclovir,Eurofarma Laboratorios S.A.
Evir,Similar,Antiviroticos (Inibe Replicacao Virotica),"Efavirenz, Efavirenz (Port. 344/98 Lista C 4)",Cristalia Produtos Quimicos Farmaceuticos Ltda.
Iquego-Lamivudina,Similar,Antiviroticos (Inibe Replicacao Virotica),Lamivudina,Industria Quimica Do Estado De Goias S/A - Iquego
Lami,Similar,Antiviroticos (Inibe Replicacao Virotica),Lamivudina,Cristalia Produtos Quimicos Farmaceuticos Ltda.
Nevirax,Similar,Antiviroticos (Inibe Replicacao Virotica),Nevirapina,Fundacao Ezequiel Dias - Funed
Penvir Labia,Similar,Antiviroticos (Inibe Replicacao Virotica),Penciclovir,Ems Sigma Pharma Ltda
Svir,Similar,Antiviroticos (Inibe Replicacao Virotica),Saquinavir,Cristalia Produtos Quimicos Farmaceuticos Ltda.
Zidovir,Similar,Antiviroticos (Inibe Replicacao Virotica),Zidovudina,Cristalia Produtos Quimicos Farmaceuticos Ltda.
Lafepe -Zidovudina + Lamivudina,Similar,Antiviroticos (Inibe Replicacao Virotica),"Zidovudina, Lamivudina",Laboratorio Farmaceutico Do Estado De Pernambuco Governador Mig
Ablok,Similar,Betabloqueadores Simples,Atenolol,Biolab Sanus Farmaceutica Ltda
Angipress,Similar,Betabloqueadores Simples,Atenolol,Ache Laboratorios Farmaceuticos S.A
Ateneum,Similar,Betabloqueadores Simples,Atenolol,Brainfarma Industria Quimica E Farmaceutica S.A
Atenolab,Similar,Betabloqueadores Simples,Atenolol,Multilab Industria E Comercio De Produtos Farmaceuticos Ltda
Atepress,Similar,Betabloqueadores Simples,Atenolol,Laboratorio Teuto Brasileiro S/A
Cardilol,Similar,Anti-Hipertensivos,Carvedilol,Libbs Farmaceutica Ltda
Divelol,Similar,Anti-Hipertensivos,Carvedilol,Laboratorios Baldacci Ltda
Ictus,Similar,Anti-Hipertensivos,Carvedilol,Biolab Sanus Farmaceutica Ltda
Brevibloc,Similar,Betabloqueadores Simples,Cloridrato De Esmolol,Cristalia Produtos Quimicos Farmaceuticos Ltda.
Furp - Propranolol,Similar,Betabloqueadores Simples,Cloridrato De Propranolol,Fundacao Para O Remedio Popular - Furp
Iquego - Propanolol,Similar,Betabloqueadores Simples,Cloridrato De Propranolol,Industria Quimica Do Estado De Goias S/A - Iquego
Pranolal,Similar,Betabloqueadores Simples,Cloridrato De Propranolol,Cazi Quimica Farmaceutica Industria E Comercio Ltda
Pressoflux,Similar,Betabloqueadores Simples,Cloridrato De Propranolol,Medquimica Industria Farmaceutica Ltda.
Propalol,Similar,Betabloqueadores Simples,Cloridrato De Propranolol,Laboratorio Globo Sa
Propranolol,Similar,Betabloqueadores Simples,Cloridrato De Propranolol,Ems Sigma Pharma Ltda
Propranolom,Similar,Betabloqueadores Simples,Cloridrato De Propranolol,Laboratorios Osorio De Moraes Ltda
Sanpronol,Similar,Betabloqueadores Simples,Cloridrato De Propranolol,Hipolabor Farmaceutica Ltda
Bizo,Similar,Betabloqueadores Simples,Hemifumarato De Bisoprolol,Eurofarma Laboratorios S.A.
Concardio,Similar,Betabloqueadores Simples,Hemifumarato De Bisoprolol,Ems S/A
Coraprol,Similar,Betabloqueadores Simples,Hemifumarato De Bisoprolol,Sanofi Medley Farmaceutica Ltda.
Laio,Similar,Betabloqueadores Simples,Hemifumarato De Bisoprolol,Farmoquimica S/A
Dozoito,Similar,Betabloqueadores Simples,Succinato De Metoprolol,Biolab Sanus Farmaceutica Ltda
Emprol Xr,Similar,Betabloqueadores Simples,Succinato De Metoprolol,Accord Farmaceutica Ltda
Beca,Similar,Betabloqueadores Simples,Tartarato De Metoprolol,Halex Istar Industria Farmaceutica Sa
Betacris,Similar,Betabloqueadores Simples,Tartarato De Metoprolol,Cristalia Produtos Quimicos Farmaceuticos Ltda.
Miclox,Similar,Betabloqueadores Simples,Tartarato De Metoprolol,Multilab Industria E Comercio De Produtos Farmaceuticos Ltda
Azentex,Similar,Supressores Da Reabsorcao Ossea,Acido Zoledronico Monoidratado,Cristalia Produtos Quimicos Farmaceuticos Ltda.
Besilato De Cisatracurio,Similar,Bloqueador Neuromuscular,Besilato De Cisatracurio,Ache Laboratorios Farmaceuticos S.A
Cis,Similar,Bloqueador Neuromuscular,Besilato De Cisatracurio,Cristalia Produtos Quimicos Farmaceuticos Ltda.
Cisauni,Similar,Bloqueador Neuromuscular,Besilato De Cisatracurio,Uniao Quimica Farmaceutica Nacional S/A
Nosint,Similar,Bloqueador Neuromuscular,Besilato De Cisatracurio,Ache Laboratorios Farmaceuticos S.A
Volcis,Similar,Bloqueador Neuromuscular,Besilato De Cisatracurio,Volpharma Distribuidora De Produtos Hospitalares E Farmaceutico
Pancuron,Similar,Bloqueador Neuromuscular,Brometo De Pancuronio,Cristalia Produtos Quimicos Farmaceuticos Ltda.
Bloqueron,Similar,Bloqueador Neuromuscular,Brometo De Rocuronio,Laboratorios B. Braun S/A
Misck,Similar,Bloqueador Neuromuscular,Brometo De Rocuronio,Volpharma Distribuidora De Produtos Hospitalares E Farmaceutico
Rocuron,Similar,Bloqueador Neuromuscular,Brometo De Rocuronio,Cristalia Produtos Quimicos Farmaceuticos Ltda.
Unirez,Similar,Bloqueador Neuromuscular,Brometo De Rocuronio,Uniao Quimica Farmaceutica Nacional S/A
Vecuron,Similar,Bloqueador Neuromuscular,Brometo De Vecuronio,Cristalia Produtos Quimicos Farmaceuticos Ltda.
Succinil Colin,Similar,Bloqueador Neuromuscular,Cloreto De Suxametonio,Uniao Quimica Farmaceutica Nacional S/A
Succitrat,Similar,Bloqueador Neuromuscular,Cloreto De Suxametonio,Blau Farmaceutica S.A.
Brisa,Similar,Broncodilatadores,Acebrofilina,Eurofarma Laboratorios S.A.
Brontek,Similar,Broncodilatadores,Acebrofilina,Geolab Industria Farmaceutica S/A
Dilabronco,Similar,Broncodilatadores,Acebrofilina,Laboratorio Teuto Brasileiro S/A
Filinar,Similar,Broncodilatadores,Acebrofilina,Eurofarma Laboratorios S.A.
Respiran,Similar,Broncodilatadores,Acebrofilina,Gallia Industria Farmaceutica Ltda
Asmafin,Similar,Broncodilatadores,Aminofilina,Cazi Quimica Farmaceutica Industria E Comercio Ltda
Aerodivent,Similar,Broncodilatadores,Brometo De Ipratropio,Laboratorio Teuto Brasileiro S/A
Ipravent,Similar,Broncodilatadores,Brometo De Ipratropio,Ems Sigma Pharma Ltda
Fenteudini,Similar,Broncodilatadores,Bromidrato De Fenoterol,Laboratorio Teuto Brasileiro S/A
"Lfm-Bromexina 0,08%",Similar,Expectorantes,Cloridrato De Bromexina,Laboratorio Farmaceutico Da Marinha
Formocaps,Similar,Broncodilatadores,Fumarato De Formoterol,Ache Laboratorios Farmaceuticos S.A
Fluir,Similar,Broncodilatadores,Fumarato De Formoterol Di-Hidratado,Cosmed Industria De Cosmeticos E Medicamentos S.A.
Aerodini,Similar,Broncodilatadores,"Salbutamol, Sulfato De Salbutamol",Laboratorio Teuto Brasileiro S/A
Aerotrat,Similar,Broncodilatadores,"Salbutamol, Sulfato De Salbutamol",Cazi Quimica Farmaceutica Industria E Comercio Ltda
Aero-Ifal,Similar,Broncodilatadores,Sulfato De Salbutamol,Ifal Industria E Comercio De Produtos Farmac Ltda
Neutoss,Similar,Broncodilatadores,Sulfato De Salbutamol,Belfar Ltda
Aerogold,Similar,Broncodilatadores,Sulfato De Salbutamol Micronizado,Glenmark Farmaceutica Ltda
Aerofrin,Similar,Broncodilatadores,"Sulfato De Salbutamol, Sulfato De Salbutamol Micronizado",Pharmascience Industria Farmaceutica S.A
Terbutil,Similar,Broncodilatadores,Sulfato De Terbutalina,Uniao Quimica Farmaceutica Nacional S/A
Bronquitoss,Similar,Broncodilatadores,"Sulfato De Terbutalina, Guaifenesina",Legrand Pharma Industria Farmaceutica Ltda
Aura,Similar,Cefalosporinas,Axetilcefuroxima,Cosmed Industria De Cosmeticos E Medicamentos S.A.
Totacef,Similar,Cefalosporinas,Axetilcefuroxima,Eurofarma Laboratorios S.A.
Lexin,Similar,Cefalosporinas,Cefalexina,Laboratorio Teuto Brasileiro S/A
Cef,Similar,Cefalosporinas,Cefalexina Monoidratada,Uniao Quimica Farmaceutica Nacional S/A
Uni Cefalexin,Similar,Cefalosporinas,Cefalexina Monoidratada,Uniao Quimica Farmaceutica Nacional S/A
Cefagel,Similar,Cefalosporinas,"Cefalexina, Cefalexina Monoidratada",Multilab Industria E Comercio De Produtos Farmaceuticos Ltda
Furp-Cefalexina,Similar,Cefalosporinas,"Cefalexina, Cefalexina Monoidratada",Fundacao Para O Remedio Popular - Furp
Cefariston,Similar,Cefalosporinas,Cefalotina Sodica,Blau Farmaceutica S.A.
Kefalomax,Similar,Cefalosporinas,Cefalotina Sodica,Instituto Biochimico Industria Farmaceutica Ltda
Inkef,Similar,Cefalosporinas,Cefalotina Sodica Tamponada,Laboratorio Teuto Brasileiro S/A
Cezolin,Similar,Cefalosporinas,Cefazolina Sodica,Instituto Biochimico Industria Farmaceutica Ltda
Fazolon,Similar,Cefalosporinas,Cefazolina Sodica,Blau Farmaceutica S.A.
Tercen,Similar,Cefalosporinas,Cefdinir,Eurofarma Laboratorios S.A.
Clafordil,Similar,Cefalosporinas,Cefotaxima Sodica,Blau Farmaceutica S.A.
Kefozil,Similar,Cefalosporinas,Cefotaxima Sodica,Instituto Biochimico Industria Farmaceutica Ltda
Cefton,Similar,Cefalosporinas,Cefoxitina Sodica,Blau Farmaceutica S.A.
Kefox,Similar,Cefalosporinas,Cefoxitina Sodica,Antibioticos Do Brasil Ltda
Cefazima,Similar,Cefalosporinas,Ceftazidima Pentaidratada,Instituto Biochimico Industria Farmaceutica Ltda
Ceftazidon,Similar,Cefalosporinas,Ceftazidima Pentaidratada,Blau Farmaceutica S.A.
Amplospec,Similar,Cefalosporinas,Ceftriaxona,Instituto Biochimico Industria Farmaceutica Ltda
Keftron,Similar,Cefalosporinas,Ceftriaxona Dissodica Hemieptaidratada,Antibioticos Do Brasil Ltda
Triaxin,Similar,Cefalosporinas,Ceftriaxona Sodica,Eurofarma Laboratorios S.A.
Teucef,Similar,Cefalosporinas,"Ceftriaxona, Ceftriaxona Dissodica Hemieptaidratada, Cloridrato De Lidocaina Monoidratada",Laboratorio Teuto Brasileiro S/A
Clocef,Similar,Cefalosporinas,Cloridrato De Cefepima,Laboratorio Teuto Brasileiro S/A
Unifepim,Similar,Cefalosporinas,Cloridrato De Cefepima,Uniao Quimica Farmaceutica Nacional S/A
Triaxton,Similar,Cefalosporinas,"Cloridrato De Lidocaina Monoidratada , Ceftriaxona Dissodica Hemieptaidratada",Blau Farmaceutica S.A.
Hyaludermin,Similar,Cicatrizantes,Acido Hialuronico,Trb Pharma Industria Quimica E Farmaceutica Ltda
Cicatrene,Similar,Cicatrizantes,"Bacitracina De Zinco, Sulfato De Neomicina",Farmoquimica S/A
Evoxali,Similar,Citostaticos Alquilantes,Oxaliplatina,Farmarin Industria E Comercio Ltda
Oxa,Similar,Citostaticos Alquilantes,Oxaliplatina,Accord Farmaceutica Ltda
Oxa-Platin,Similar,Citostaticos Alquilantes,Oxaliplatina,Blau Farmaceutica S.A.
Oxalibbs,Similar,Citostaticos Alquilantes,Oxaliplatina,Libbs Farmaceutica Ltda
Oxalimeiz,Similar,Citostaticos Alquilantes,Oxaliplatina,Gador Do Brasil - Comercio De Produtos Farmaceuticos Ltda
Tevaoxali,Similar,Citostaticos Alquilantes,Oxaliplatina,Teva Farmaceutica Ltda.
Melazte,Similar,Citostaticos Alquilantes,Temozolomida,Cristalia Produtos Quimicos Farmaceuticos Ltda.
Moz,Similar,Citostaticos Alquilantes,Temozolomida,Camber Farmaceutica Ltda
Tedhol,Similar,Citostaticos Alquilantes,Temozolomida,Blau Farmaceutica S.A.
Tedhol Capsulas,Similar,Citostaticos Alquilantes,Temozolomida,Blau Farmaceutica S.A.
Temolida,Similar,Citostaticos Alquilantes,Temozolomida,Laboratorio Quimico Farmaceutico Bergamo Ltda
Temolida Capsulas,Similar,Citostaticos Alquilantes,Temozolomida,Laboratorio Quimico Farmaceutico Bergamo Ltda
Temozod,Similar,Citostaticos Alquilantes,Temozolomida,Sun Farmaceutica Do Brasil Ltda
Zaladuz,Similar,Citostaticos Alquilantes,Temozolomida,Ems S/A
Clordox,Similar,Classe Das Tetraciclinas,"Cloridrato De Doxiciclina, Hiclato De Doxiciclina",Laboratorio Teuto Brasileiro S/A
Tetraclin,Similar,Antinfecciosos Topicos Para Uso Oftalmico,Cloridrato De Tetraciclina,Laboratorio Teuto Brasileiro S/A
Liaclysal,Similar,Classe Das Tetraciclinas,Limeciclina,Multilab Industria E Comercio De Produtos Farmaceuticos Ltda
Meciclin,Similar,Classe Das Tetraciclinas,Limeciclina,Germed Farmaceutica Ltda
Rovicid,Similar,Classe Das Tetraciclinas,Limeciclina,Legrand Pharma Industria Farmaceutica Ltda
Arifenicol,Similar,Cloranfenicol E Analogos,Succinato Sodico De Cloranfenicol,Blau Farmaceutica S.A.
Duxio,Similar,"Colagogos, Colereticos E Hepatoprotetores",Acido Ursodesoxicolico,Ems S/A
Gulshen,Similar,"Colagogos, Colereticos E Hepatoprotetores",Acido Ursodesoxicolico,Sun Farmaceutica Do Brasil Ltda
Prour,Similar,"Colagogos, Colereticos E Hepatoprotetores",Acido Ursodesoxicolico,Biolab Sanus Farmaceutica Ltda
Ursix,Similar,"Colagogos, Colereticos E Hepatoprotetores",Acido Ursodesoxicolico,Apsen Farmaceutica S/A
Dotarem,Similar,Contrastes Radiologicos,Acido Gadoterico,Guerbet Imagem Do Brasil Ltda
Henetix,Similar,Contrastes Radiologicos,Iobitridol,Guerbet Imagem Do Brasil Ltda
Bleu Patente V,Similar,Contrastes Radiologicos,Sal Sodico,Guerbet Imagem Do Brasil Ltda
Bariogel,Similar,Contrastes Radiologicos,Sulfato De Bario,Cristalia Produtos Quimicos Farmaceuticos Ltda.
Opti-Bar,Similar,Contrastes Radiologicos,Sulfato De Bario,Alko Do Brasil Industria E Comercio Ltda
Alerfin,Similar,Antiasmaticos,Dipropionato De Beclometasona,Chiesi Farmaceutica Ltda
Benevat,Similar,Glicocorticoides Top. Simp. Exc. Uso Oftalm.,Valerato De Betametasona,Laboratorio Teuto Brasileiro S/A
Hidrocorte,Similar,Creme Dermatologico,"Clioquinol, Hidrocortisona",Legrand Pharma Industria Farmaceutica Ltda
Lubip,Similar,Derivados Do Indol,Cloridrato De Lurasidona,Torrent Do Brasil Ltda
Luratt,Similar,Derivados Do Indol,Cloridrato De Lurasidona,Apsen Farmaceutica S/A
Lutab,Similar,Derivados Do Indol,Cloridrato De Lurasidona,Daiichi Sankyo Brasil Farmaceutica Ltda
Benedesc Plus,Similar,Produto P.Terapia Sintomatica Da Gripe,"Maleato De Bronfeniramina, Cloridrato De Fenilefrina",
Coristina D Congest,Similar,Produto P.Terapia Sintomatica Da Gripe,"Maleato De Bronfeniramina, Cloridrato De Fenilefrina",
Descon,Similar,Produto P.Terapia Sintomatica Da Gripe,"Maleato De Bronfeniramina, Cloridrato De Fenilefrina",
Hiscongex,Similar,Produto P.Terapia Sintomatica Da Gripe,"Maleato De Bronfeniramina, Cloridrato De Fenilefrina",
Histadin D,Similar,Descongestionantes Nasais Sistemicos,"Loratadina, Pseudoefedrina, Sulfato De Pseudoefedrina",Uniao Quimica Farmaceutica Nacional S/A
Winter Ap,Similar,Descongestionantes Nasais Sistemicos,"Maleato De Dexbronfeniramina, Sulfato De Pseudoefedrina",Diffucap - Chemobras Quimica E Farmaceutica Ltda
Neonazol,Similar,Descongestionantes Nasais Topicos,"Cloreto De Benzalconio, Cloreto De Sodio, Cloridrato De Nafazolina",Nativita Ind. Com. Ltda.
Ad Soro,Similar,Descongestionates Oftalmicos,Cloridrato De Nafazolina,Cifarma Cientifica Farmaceutica Ltda
Fluidsoro,Similar,Descongestionates Oftalmicos,Cloridrato De Nafazolina,Vitamedic Industria Farmaceutica Ltda
Multisoro Adulto,Similar,Descongestionates Oftalmicos,Cloridrato De Nafazolina,Multilab Industria E Comercio De Produtos Farmaceuticos Ltda
Nafaxyl,Similar,Descongestionates Oftalmicos,Cloridrato De Nafazolina,Airela Industria Farmaceutica Ltda.
Narix,Similar,Descongestionates Oftalmicos,Cloridrato De Nafazolina,Cimed Industria S.A
Neosoro,Similar,Descongestionates Oftalmicos,Cloridrato De Nafazolina,Brainfarma Industria Quimica E Farmaceutica S.A
Novo Rino,Similar,Descongestionates Oftalmicos,Cloridrato De Nafazolina,Cellera Farmaceutica S.A.
Novosoro Nf,Similar,Descongestionates Oftalmicos,Cloridrato De Nafazolina,Laboratorio Globo Sa
Sinustrat Vasoconstrictor,Similar,Descongestionates Oftalmicos,Cloridrato De Nafazolina,Biolab Sanus Farmaceutica Ltda
Sonarin,Similar,Descongestionates Oftalmicos,Cloridrato De Nafazolina,Geolab Industria Farmaceutica S/A
Sorinan,Similar,Descongestionates Oftalmicos,Cloridrato De Nafazolina,Pharmascience Industria Farmaceutica S.A
Sorine,Similar,Descongestionates Oftalmicos,Cloridrato De Nafazolina,Ache Laboratorios Farmaceuticos S.A
Sorisma N,Similar,Descongestionates Oftalmicos,Cloridrato De Nafazolina,Unither Industria Farmaceutica Ltda.
Oxifrin,Similar,Descongestionantes Nasais Topicos,Cloridrato De Oximetazolina,Laboratorio Teuto Brasileiro S/A
Clanistil,Similar,Descongestionates Oftalmicos,"Cloridrato De Nafazolina, Maleato De Feniramina",Brainfarma Industria Quimica E Farmaceutica S.A
Colirio Moura Brasil Aliv,Similar,Descongestionates Oftalmicos,"Cloridrato De Nafazolina, Maleato De Feniramina",Opella Healthcare Brazil Ltda
Cristalin,Similar,Descongestionates Oftalmicos,"Cloridrato De Nafazolina, Maleato De Feniramina",Uniao Quimica Farmaceutica Nacional S/A
Ocutil,Similar,Descongestionates Oftalmicos,"Cloridrato De Nafazolina, Maleato De Feniramina",Geolab Industria Farmaceutica S/A
Uniclarin,Similar,Descongestionates Oftalmicos,"Cloridrato De Nafazolina, Maleato De Feniramina",Uniao Quimica Farmaceutica Nacional S/A
Colirio Geolab,Similar,Descongestionates Oftalmicos,"Cloridrato De Nafazolina, Sulfato De Zinco Heptaidratado",Geolab Industria Farmaceutica S/A
Colirio Neo Brasil,Similar,Descongestionates Oftalmicos,"Cloridrato De Nafazolina, Sulfato De Zinco Heptaidratado",Brainfarma Industria Quimica E Farmaceutica S.A
Lavolho D,Similar,Descongestionates Oftalmicos,"Cloridrato De Nafazolina, Sulfato De Zinco Heptaidratado",Brainfarma Industria Quimica E Farmaceutica S.A
Maxibell,Similar,Descongestionates Oftalmicos,"Nitrato De Nafazolina, Sulfato De Zinco",Cristalia Produtos Quimicos Farmaceuticos Ltda.
Colirio Legrand,Similar,Descongestionates Oftalmicos,"Sulfato De Zinco Heptaidratado, Cloridrato De Nafazolina",Legrand Pharma Industria Farmaceutica Ltda
Vitacid Plus,Similar,Desmelanizantes,"Fluocinolona Acetonida, Hidroquinina, Tretinoina",Theraskin Farmaceutica Ltda.
Claquinona,Similar,Desmelanizantes,Hidroquinona,Germed Farmaceutica Ltda
Cleankinol,Similar,Desmelanizantes,Hidroquinona,Legrand Pharma Industria Farmaceutica Ltda
Hidropeek,Similar,Desmelanizantes,Hidroquinona,Ems S/A
Lumiderm,Similar,Desmelanizantes,Hidroquinona,Ems Sigma Pharma Ltda
Solaquin,Similar,Desmelanizantes,Hidroquinona,Medquimica Industria Farmaceutica Ltda.
Hormoskin,Similar,Desmelanizantes,"Hidroquinona, Tretinoina, Fluocinolona Acetonida",Germed Farmaceutica Ltda
Suavicid,Similar,Desmelanizantes,"Hidroquinona, Tretinoina, Fluocinolona Acetonida",Legrand Pharma Industria Farmaceutica Ltda
Digestina,Similar,Antiemeticos E Antinauseantes,Bromoprida,Uniao Quimica Farmaceutica Nacional S/A
Diuremida,Similar,Diureticos Simples,Furosemida,Geolab Industria Farmaceutica S/A
Diurisa,Similar,Diureticos Simples,Furosemida,Eurofarma Laboratorios S.A.
Diurit,Similar,Diureticos Simples,Furosemida,1Farma Industria Farmaceutica Ltda
Iquego-  Hidroclorotiazida,Similar,Diureticos,Hidroclorotiazida,Industria Quimica Do Estado De Goias S/A - Iquego
Neo Hidroclor,Similar,Diureticos,Hidroclorotiazida,Brainfarma Industria Quimica E Farmaceutica S.A
Furosantisa,Similar,Diureticos Simples,Furosemida,Santisa Laboratorio Farmaceutico S/A
Clordilon,Similar,Diureticos Simples,Clortalidona,Vitamedic Industria Farmaceutica Ltda
Diacqua,Similar,Diureticos,Espironolactona,Eurofarma Laboratorios S.A.
Furosetron,Similar,Diureticos Simples,Furosemida,Blau Farmaceutica S.A.
Neosemid,Similar,Diureticos Simples,Furosemida,Brainfarma Industria Quimica E Farmaceutica S.A
Diurix,Similar,Diureticos,Hidroclorotiazida,Laboratorio Teuto Brasileiro S/A
Furp-Hidroclorotiazida,Similar,Diureticos,Hidroclorotiazida,Fundacao Para O Remedio Popular - Furp
Hidroless,Similar,Diureticos,Hidroclorotiazida,Pharlab Industria Farmaceutica S.A.
Hidromed,Similar,Diureticos,Hidroclorotiazida,Cimed Industria S.A
Diurezin,Similar,Diureticos Simples,"Hidroclorotiazida, Amilorida, Captopril, Maleato De Enalapril",Cazi Quimica Farmaceutica Industria E Comercio Ltda
Cirefa,Similar,Diureticos Simples,Indapamida,Prati Donaduzzi & Cia Ltda
Flux Sr,Similar,Diureticos Simples,Indapamida,Biolab Sanus Farmaceutica Ltda
Indatrat Sr,Similar,Diureticos Simples,Indapamida,Legrand Pharma Industria Farmaceutica Ltda
Vasotrilix,Similar,Diureticos Simples,Indapamida,Ems S/A
Dermonase,Similar,Emolientes E Protetores Da Pele E Mucosas,"Nistatina, Oxido De Zinco",Laboratorio Globo Sa
Babymed Tratamento,Similar,Emolientes E Protetores Da Pele E Mucosas,"Nistatina, Oxido De Zinco",Cimed Industria S.A
Babyneo,Similar,Emolientes E Protetores Da Pele E Mucosas,"Nistatina, Oxido De Zinco",Brainfarma Industria Quimica E Farmaceutica S.A
Hipodertrat,Similar,Emolientes E Protetores Da Pele E Mucosas,"Nistatina, Oxido De Zinco",Laboratorio Teuto Brasileiro S/A
Bebex N,Similar,Outros Produtos Com Acao Na Pele E Mucosas,"Oxido De Zinco, Nistatina",Geolab Industria Farmaceutica S/A
Nutraplus 20,Similar,Emolientes E Protetores Da Pele E Mucosas,Ureia,Galderma Brasil Ltda
Escab-Ifal,Similar,Escabicidas E Outros Ectoparasiticidas,Benzoato De Benzila,Ifal Industria E Comercio De Produtos Farmac Ltda
Delta - Ifal,Similar,Escabicidas E Outros Ectoparasiticidas,Deltametrina,Ifal Industria E Comercio De Produtos Farmac Ltda
Deltalab,Similar,Escabicidas E Outros Ectoparasiticidas,Deltametrina,Multilab Industria E Comercio De Produtos Farmaceuticos Ltda
Deltapil,Similar,Escabicidas E Outros Ectoparasiticidas,Deltametrina,Belfar Ltda
Pediderm,Similar,Escabicidas E Outros Ectoparasiticidas,Deltametrina,Cifarma Cientifica Farmaceutica Ltda
Pediletan,Similar,Escabicidas E Outros Ectoparasiticidas,"Lindano, Permetrina",Cimed Industria S.A
Ectrin,Similar,Escabicidas E Outros Ectoparasiticidas,Permetrina,Ems S/A
Kaodine,Similar,Escabicidas E Outros Ectoparasiticidas,Permetrina,Geolab Industria Farmaceutica S/A
Keltrina,Similar,Escabicidas E Outros Ectoparasiticidas,Permetrina,Multilab Industria E Comercio De Produtos Farmaceuticos Ltda
Permenati,Similar,Escabicidas E Outros Ectoparasiticidas,Permetrina,Nativita Ind. Com. Ltda.
Piolixina,Similar,Escabicidas E Outros Ectoparasiticidas,Permetrina,Ifal Industria E Comercio De Produtos Farmac Ltda
Piosan,Similar,Escabicidas E Outros Ectoparasiticidas,Permetrina,Belfar Ltda
Piotraty,Similar,Escabicidas E Outros Ectoparasiticidas,Permetrina,Vidora Farmaceutica Ltda
Micoplex,Similar,Escabicidas E Outros Ectoparasiticidas,"Tiabendazol, Sulfato De Neomicina",Cazi Quimica Farmaceutica Industria E Comercio Ltda
Apetiviton Bc,Similar,Estimulantes Do Apetite,"Cloridrato De Ciproeptadina, Cloridrato De Tiamina, Fosfato Sodico De Riboflavina, Cloridrato De Piridoxina, Nicotinamida, Acido Ascorbico",Cifarma Cientifica Farmaceutica Ltda
Beritin   Bc,Similar,Estimulantes Do Apetite,"Cloridrato De Ciproeptadina, Cloridrato De Tiamina, Fosfato Sodico De Riboflavina, Cloridrato De Piridoxina, Nicotinamida, Acido Ascorbico",Vitamedic Industria Farmaceutica Ltda
Bonpeti,Similar,Estimulantes Do Apetite,"Cloridrato De Ciproeptadina, Cloridrato De Tiamina, Fosfato Sodico De Riboflavina, Cloridrato De Piridoxina, Nicotinamida, Acido Ascorbico",Vitamedic Industria Farmaceutica Ltda
Petivit Bc,Similar,Estimulantes Do Apetite,"Cloridrato De Ciproeptadina, Cloridrato De Tiamina, Fosfato Sodico De Riboflavina, Cloridrato De Piridoxina, Nicotinamida, Acido Ascorbico",Brasterapica Pharmaceutica Ltda.
Apetivan Bc,Similar,Estimulantes Do Apetite,"Cloridrato De Ciproeptadina, Cloridrato De Tiamina, Vitamina B2, Vitamina B6, Nicotinamida, Vitamina C",Pharmascience Industria Farmaceutica S.A
Cobapetit,Similar,Estimulantes Do Apetite,"Cloridrato De Ciproeptadina, Cobamamida",Cifarma Cientifica Farmaceutica Ltda
Duelle,Similar,Estrogenos Assocs  A Outros Farmacos Exclusive Androgenos,"Acetato De Ciproterona, Etinilestradiol",Zydus Nikkho Farmaceutica Ltda
Dunia 35,Similar,Estrogenos Assocs  A Outros Farmacos Exclusive Androgenos,"Acetato De Ciproterona, Etinilestradiol",Ache Laboratorios Farmaceuticos S.A
Lydian,Similar,Estrogenos Assocs  A Outros Farmacos Exclusive Androgenos,"Acetato De Ciproterona, Etinilestradiol",Cosmed Industria De Cosmeticos E Medicamentos S.A.
Tess,Similar,Estrogenos Assocs  A Outros Farmacos Exclusive Androgenos,"Acetato De Ciproterona, Etinilestradiol",Uniao Quimica Farmaceutica Nacional S/A
Natifa Pro,Similar,Estrogenos Assocs  A Outros Farmacos Exclusive Androgenos,"Acetato De Noretisterona, Estradiol, Estradiol Hemi-Hidratado, Noretisterona",Libbs Farmaceutica Ltda
Ciclovular,Similar,Estrogenos Assocs  A Outros Farmacos Exclusive Androgenos,"Algestona Acetofenida, Enantato De Estradiol",Uniao Quimica Farmaceutica Nacional S/A
Pregnolan,Similar,Estrogenos Assocs  A Outros Farmacos Exclusive Androgenos,"Algestona Acetofenida, Enantato De Estradiol",Cifarma Cientifica Farmaceutica Ltda
Uno-Ciclo,Similar,Estrogenos Assocs  A Outros Farmacos Exclusive Androgenos,"Algestona Acetofenida, Enantato De Estradiol",Uniao Quimica Farmaceutica Nacional S/A
Ceci,Similar,Estrogenos Assocs  A Outros Farmacos Exclusive Androgenos,"Drospirenona, Estradiol Hemi-Hidratado",Libbs Farmaceutica Ltda
Finifert,Similar,Anticoncepcionais,"Enantato De Noretisterona, Valerato De Estradiol",Cifarma Cientifica Farmaceutica Ltda
Noregyna,Similar,Anticoncepcionais,"Enantato De Noretisterona, Valerato De Estradiol",Cifarma Cientifica Farmaceutica Ltda
Systen Conti,Similar,Estrogenos Assocs  A Outros Farmacos Exclusive Androgenos,"Estradiol Hemi-Hidratado, Acetato De Noretisterona",Theramex Farmaceutica Ltda.
Dienfemi,Similar,Estrogenos Assocs  A Outros Farmacos Exclusive Androgenos,"Estradiol Hemi-Hidratado, Drospirenona",Ache Laboratorios Farmaceuticos S.A
Diol,Similar,Estrogenos Assocs  A Outros Farmacos Exclusive Androgenos,"Estradiol Hemi-Hidratado, Drospirenona",Supera Farma Laboratorios S.A
Nuance,Similar,Estrogenos Assocs  A Outros Farmacos Exclusive Androgenos,"Estradiol Hemi-Hidratado, Drospirenona",Eurofarma Laboratorios S.A.
Perdama,Similar,Estrogenos Assocs  A Outros Farmacos Exclusive Androgenos,"Estradiol Hemi-Hidratado, Drospirenona",Eurofarma Laboratorios S.A.
Systen Sequi,Similar,Estrogenos Assocs  A Outros Farmacos Exclusive Androgenos,"Estradiol, Estradiol Hemi-Hidratado, Acetato De Noretisterona",Theramex Farmaceutica Ltda.
Menoprin,Similar,Estrogenos Assocs  A Outros Farmacos Exclusive Androgenos,Estrogenios Conjugados,Cifarma Cientifica Farmaceutica Ltda
Selene,Similar,Estrogenos Assocs  A Outros Farmacos Exclusive Androgenos,"Etinilestradiol, Acetato De Ciproterona",Eurofarma Laboratorios S.A.
Estradot,Similar,Estrogenos Simples,Estradiol Hemi-Hidratado,Sandoz Do Brasil Industria Farmaceutica Ltda
Evagel,Similar,Estrogenos Simples,Estradiol Hemi-Hidratado,Besins Healthcare Brasil Comercial E Distribuidora De Medicamen
Natifa,Similar,Estrogenos Simples,"Estradiol Hemi-Hidratado, Estradiol",Libbs Farmaceutica Ltda
Stele,Similar,Estrogenos Simples,Estriol,Biolab Sanus Farmaceutica Ltda
Antrofi,Similar,Estrogenos Simples,Promestrieno,Eurofarma Laboratorios S.A.
Colpofem,Similar,Estrogenos Simples,Promestrieno,Myralis Industria Farmaceutica Ltda
Coltrieno,Similar,Estrogenos Simples,Promestrieno,Myralis Industria Farmaceutica Ltda
Promim,Similar,Estrogenos Simples,Promestrieno,Supera Farma Laboratorios S.A
Intrafem,Similar,Estrogenos Simples,Valerato De Estradiol Micronizado,Multilab Industria E Comercio De Produtos Farmaceuticos Ltda
Yvi,Similar,Estrogenos Simples,Valerato De Estradiol Micronizado,Legrand Pharma Industria Farmaceutica Ltda
Carbocin,Similar,Expectorantes Balsamicos E Mucolitico,Carbocisteina,Cimed Industria S.A
Bronxol,Similar,Expectorantes Balsamicos E Mucolitico,Cloridrato De Ambroxol,Cifarma Cientifica Farmaceutica Ltda
Especbac,Similar,Expectorantes Balsamicos E Mucolitico,Cloridrato De Ambroxol,
Mucoxolan,Similar,Expectorantes Balsamicos E Mucolitico,Cloridrato De Ambroxol,Laboratorio Teuto Brasileiro S/A
Bromexpec,Similar,Expectorantes,Cloridrato De Bromexina,Geolab Industria Farmaceutica S/A
Broncatar,Similar,Expectorantes,Cloridrato De Bromexina,Cazi Quimica Farmaceutica Industria E Comercio Ltda
Expectoflui,Similar,Expectorantes,Guaifenesina,Natulab Laboratorio S.A
Expectovic,Similar,Expectorantes,Guaifenesina,Airela Industria Farmaceutica Ltda.
Expecvem,Similar,Expectorantes,Guaifenesina,Airela Industria Farmaceutica Ltda.
Frenotosse,Similar,Expectorantes,Guaifenesina,Cimed Industria S.A
Guaiasyl,Similar,Expectorantes,Guaifenesina,Laboratorio Gross S. A.
Pulmovic,Similar,Expectorantes,Guaifenesina,Kress Farmaceutica S.A.
Xarope Cimetosse,Similar,Expectorantes,Guaifenesina,Cimed Industria S.A
Mucolab,Similar,Expectorantes,L-Carbocisteina,Multilab Industria E Comercio De Produtos Farmaceuticos Ltda
Polaratuss,Similar,Expectorantes Balsamicos E Mucolitico,"Maleato De Dexclorfeniramina, Sulfato De Pseudoefedrina, Guaifenesina",Cifarma Cientifica Farmaceutica Ltda
Aires,Similar,Expectorantes Balsamicos E Mucolitico,Acetilcisteina,Eurofarma Laboratorios S.A.
Ancype,Similar,Expectorantes Balsamicos E Mucolitico,Acetilcisteina,Prati Donaduzzi & Cia Ltda
Bromuc,Similar,Expectorantes Balsamicos E Mucolitico,Acetilcisteina,Blau Farmaceutica S.A.
Cetilplex,Similar,Expectorantes Balsamicos E Mucolitico,Acetilcisteina,Brainfarma Industria Quimica E Farmaceutica S.A
Cisteil,Similar,Expectorantes Balsamicos E Mucolitico,Acetilcisteina,Geolab Industria Farmaceutica S/A
Flucistein,Similar,Expectorantes Balsamicos E Mucolitico,Acetilcisteina,Uniao Quimica Farmaceutica Nacional S/A
Fluiteina,Similar,Expectorantes Balsamicos E Mucolitico,Acetilcisteina,Ems S/A
Mucos Expec,Similar,Expectorantes Balsamicos E Mucolitico,Acetilcisteina,Legrand Pharma Industria Farmaceutica Ltda
Nac,Similar,Expectorantes Balsamicos E Mucolitico,Acetilcisteina,Ems Sigma Pharma Ltda
Pneumucil,Similar,Expectorantes Balsamicos E Mucolitico,Acetilcisteina,Laboratorio Teuto Brasileiro S/A
Pulmonare,Similar,Expectorantes Balsamicos E Mucolitico,Acetilcisteina,Cifarma Cientifica Farmaceutica Ltda
Carbotrat,Similar,Expectorantes Balsamicos E Mucolitico,Carbocisteina,Nativita Ind. Com. Ltda.
Klarta,Similar,Expectorantes Balsamicos E Mucolitico,Carbocisteina,Prati Donaduzzi & Cia Ltda
Mucbe,Similar,Expectorantes Balsamicos E Mucolitico,Carbocisteina,Kymberg Farmaceutica Do Brasil Ltda
Mucobronq,Similar,Expectorantes Balsamicos E Mucolitico,Carbocisteina,Natulab Laboratorio S.A
Mucofan,Similar,Expectorantes Balsamicos E Mucolitico,Carbocisteina,Uniao Quimica Farmaceutica Nacional S/A
Ambrol,Similar,Expectorantes Balsamicos E Mucolitico,Cloridrato De Ambroxol,Brasterapica Pharmaceutica Ltda.
Ambroxmel,Similar,Expectorantes Balsamicos E Mucolitico,Cloridrato De Ambroxol,Cimed Industria S.A
Bexmuco,Similar,Expectorantes Balsamicos E Mucolitico,Cloridrato De Ambroxol,Kymberg Farmaceutica Do Brasil Ltda
Bronqtrat,Similar,Expectorantes Balsamicos E Mucolitico,Cloridrato De Ambroxol,Natulab Laboratorio S.A
Expectuss,Similar,Expectorantes Balsamicos E Mucolitico,Cloridrato De Ambroxol,Ems S/A
Fluisolvan,Similar,Expectorantes Balsamicos E Mucolitico,Cloridrato De Ambroxol,Geolab Industria Farmaceutica S/A
Mulksin,Similar,Expectorantes Balsamicos E Mucolitico,Cloridrato De Ambroxol,Multilab Industria E Comercio De Produtos Farmaceuticos Ltda
Neossolvan,Similar,Expectorantes Balsamicos E Mucolitico,Cloridrato De Ambroxol,Brainfarma Industria Quimica E Farmaceutica S.A
Sedavan,Similar,Expectorantes Balsamicos E Mucolitico,Cloridrato De Ambroxol,Farmoquimica S/A
Spectoflux,Similar,Expectorantes Balsamicos E Mucolitico,Cloridrato De Ambroxol,Laboratorio Globo Sa
Tosslab,Similar,Expectorantes Balsamicos E Mucolitico,Cloridrato De Ambroxol,Multilab Industria E Comercio De Produtos Farmaceuticos Ltda
Agiixpec,Similar,Expectorantes,Cloridrato De Bromexina,Pharlab Industria Farmaceutica S.A.
Benexpec,Similar,Expectorantes Balsamicos E Mucolitico,"Cloridrato De Oxomemazina, Iodeto De Potassio, Benzoato De Sodio, Guaifenesina",Cosmed Industria De Cosmeticos E Medicamentos S.A.
Multitosse,Similar,Expectorantes Balsamicos E Mucolitico,"Cloridrato De Oxomemazina, Iodeto De Potassio, Benzoato De Sodio, Guaifenesina",Ems S/A
Secrelise,Similar,Expectorantes Balsamicos E Mucolitico,"Cloridrato De Oxomemazina, Iodeto De Potassio, Benzoato De Sodio, Guaifenesina",Ems S/A
Tossexpec,Similar,Expectorantes Balsamicos E Mucolitico,"Cloridrato De Oxomemazina, Iodeto De Potassio, Benzoato De Sodio, Guaifenesina",Brainfarma Industria Quimica E Farmaceutica S.A
Penetro,Similar,Expectorantes Balsamicos E Mucolitico,"Eucaliptol, Hidrato De Terpina, Oleo De Eucalyptus Citriodora, Mentol, Terpina, Terpina Monoidratada, Canfossulfonato De Sodio, Benzocaina, Cloreto De Amonio, Canfora, Acido Benzoico",Megalabs Farmaceutica S.A.
Guavik,Similar,Expectorantes,Guaifenesina,Cellera Farmaceutica S.A.
Transpulmin Xarope Adulto,Similar,Expectorantes,Guaifenesina,Ache Laboratorios Farmaceuticos S.A
Spectolab Balsamico,Similar,Expectorantes Balsamicos E Mucolitico,"Guaifenesina, Iodeto De Potassio, Mentol",Multilab Industria E Comercio De Produtos Farmaceuticos Ltda
Emsexpector,Similar,Expectorantes Balsamicos E Mucolitico,"Maleato De Dexclorfeniramina, Sulfato De Pseudoefedrina, Guaifenesina",Ems S/A
Expectamin,Similar,Expectorantes Balsamicos E Mucolitico,"Maleato De Dexclorfeniramina, Sulfato De Pseudoefedrina, Guaifenesina",Legrand Pharma Industria Farmaceutica Ltda
Spectolab Exp,Similar,Expectorantes Balsamicos E Mucolitico,"Maleato De Dexclorfeniramina, Sulfato De Pseudoefedrina, Guaifenesina",Multilab Industria E Comercio De Produtos Farmaceuticos Ltda
Fluitoss,Similar,Expectorantes Balsamicos E Mucolitico,Carbocisteina,Laboratorio Teuto Brasileiro S/A
Fluibron,Similar,Expectorantes Balsamicos E Mucolitico,Cloridrato De Ambroxol,Chiesi Farmaceutica Ltda
Bisuran,Similar,Expectorantes,Cloridrato De Bromexina,Ems S/A
Cloridrato De Bromexina,Similar,Expectorantes,Cloridrato De Bromexina,Multilab Industria E Comercio De Produtos Farmaceuticos Ltda
Albumax,Similar,Fracoes Do Sangue Ou Plasma Exceto Gamaglobulina,Albumina Humana,Blau Farmaceutica S.A.
Beriate P,Similar,Fracoes Do Sangue Ou Plasma Exceto Gamaglobulina,Fator Viii De Coagulacao,Csl Behring Comercio De Produtos Farmaceuticos Ltda
Fanhdi,Similar,Fracoes Do Sangue Ou Plasma Exceto Gamaglobulina,Fator Viii De Coagulacao,Grifols Brasil Ltda
Acetazona,Similar,Glicocorticoides Sistemicos,"Acetato De Dexametasona, Dexametasona",Theodoro F Sobral & Cia Ltda
Predi-Medrol,Similar,Glicocorticoides Sistemicos,Acetato De Metilprednisolona,Uniao Quimica Farmaceutica Nacional S/A
Allenasal,Similar,Glicocorticoides Sistemicos,Acetonida De Triancinolona,Opella Healthcare Brazil Ltda
Deflaimmun,Similar,Glicocorticoides Sistemicos,Deflazacorte,Ems Sigma Pharma Ltda
Bexeton,Similar,Antinfecciosos Topicos Para Uso Oftalmico,Dexametasona,Geolab Industria Farmaceutica S/A
Decadron,Similar,Antinfecciosos Topicos Para Uso Oftalmico,Dexametasona,Ache Laboratorios Farmaceuticos S.A
Dexaden,Similar,Antinfecciosos Topicos Para Uso Oftalmico,Dexametasona,Cifarma Cientifica Farmaceutica Ltda
Koidexa,Similar,Antinfecciosos Topicos Para Uso Oftalmico,Dexametasona,Eurofarma Laboratorios S.A.
Dexason,Similar,Glicocorticoides Sistemicos,"Dexametasona, Dexametasona Fosfato Dissodico, Fosfato Dissodico De Dexametasona, Acetato De Dexametasona",Laboratorio Teuto Brasileiro S/A
Beclonato,Similar,Glicocorticoides Sistemicos,"Dipropionato De Betametasona, Fosfato Dissodico De Betametasona",Brainfarma Industria Quimica E Farmaceutica S.A
Duoflam,Similar,Glicocorticoides Sistemicos,"Dipropionato De Betametasona, Fosfato Dissodico De Betametasona",Cristalia Produtos Quimicos Farmaceuticos Ltda.
Corticoidex,Similar,Glicocorticoides Sistemicos,Fosfato Dissodico De Dexametasona,Newcom Farmaceutica Ltda.
Decadron Injetavel,Similar,Glicocorticoides Sistemicos,Fosfato Dissodico De Dexametasona,Ache Laboratorios Farmaceuticos S.A
Engran,Similar,Glicocorticoides Sistemicos,Fosfato Dissodico De Dexametasona,Ache Laboratorios Farmaceuticos S.A
Metaxon,Similar,Glicocorticoides Sistemicos,Fosfato Dissodico De Dexametasona,Blau Farmaceutica S.A.
Coniso,Similar,Glicocorticoides Sistemicos,Fosfato Sodico De Prednisolona,Uniao Quimica Farmaceutica Nacional S/A
Percoide,Similar,Glicocorticoides Sistemicos,Fosfato Sodico De Prednisolona,Eurofarma Laboratorios S.A.
Preni,Similar,Glicocorticoides Sistemicos,Fosfato Sodico De Prednisolona,Eurofarma Laboratorios S.A.
Prosolin,Similar,Glicocorticoides Sistemicos,Fosfato Sodico De Prednisolona,Laboratorio Globo Sa
Ems-Pred,Similar,Glicocorticoides Sistemicos,"Fosfato Sodico De Prednisolona, Prednisolona",Ems S/A
Pred-Gran,Similar,Glicocorticoides Sistemicos,"Fosfato Sodico De Prednisolona, Prednisolona",Legrand Pharma Industria Farmaceutica Ltda
Predsigma,Similar,Glicocorticoides Sistemicos,"Fosfato Sodico De Prednisolona, Prednisolona",Multilab Industria E Comercio De Produtos Farmaceuticos Ltda
Predsim,Similar,Glicocorticoides Sistemicos,"Fosfato Sodico De Prednisolona, Prednisolona",Cosmed Industria De Cosmeticos E Medicamentos S.A.
Prelone,Similar,Glicocorticoides Sistemicos,"Fosfato Sodico De Prednisolona, Prednisolona",Ache Laboratorios Farmaceuticos S.A
Zastat,Similar,Glicocorticoides Sistemicos,"Fosfato Sodico De Prednisolona, Prednisolona",Ache Laboratorios Farmaceuticos S.A
Ariscorten,Similar,Glicocorticoides Top. Simp. Exc. Uso Oftalm.,Hidrocortisona,Blau Farmaceutica S.A.
Elpre,Similar,Glicocorticoides Sistemicos,Prednisolona,Prati Donaduzzi & Cia Ltda
Percoide,Similar,Glicocorticoides Sistemicos,Prednisolona,Eurofarma Laboratorios S.A.
Preni,Similar,Glicocorticoides Sistemicos,Prednisolona,Eurofarma Laboratorios S.A.
Ciclorten,Similar,Glicocorticoides Sistemicos,Prednisona,Ems S/A
Crispred,Similar,Glicocorticoides Sistemicos,Prednisona,Cristalia Produtos Quimicos Farmaceuticos Ltda.
Flamape,Similar,Glicocorticoides Sistemicos,Prednisona,Laboratorio Globo Sa
Funed Prednisona,Similar,Glicocorticoides Sistemicos,Prednisona,Fundacao Ezequiel Dias - Funed
Nisbal,Similar,Glicocorticoides Sistemicos,Prednisona,Prati Donaduzzi & Cia Ltda
Predinis,Similar,Glicocorticoides Sistemicos,Prednisona,Legrand Pharma Industria Farmaceutica Ltda
Androcortil,Similar,Glicocorticoides Sistemicos,Succinato Sodico De Hidrocortisona,Laboratorio Teuto Brasileiro S/A
Gliocort,Similar,Glicocorticoides Sistemicos,Succinato Sodico De Hidrocortisona,Newcom Farmaceutica Ltda.
Solupren,Similar,Glicocorticoides Sistemicos,Succinato Sodico De Metilprednisolona,Laboratorio Quimico Farmaceutico Bergamo Ltda
Unimedrol,Similar,Glicocorticoides Sistemicos,Succinato Sodico De Metilprednisolona,Uniao Quimica Farmaceutica Nacional S/A
Betaprospan,Similar,Glicocorticoides Sistemicos,"Dipropionato De Betametasona, Fosfato Dissodico De Betametasona",Uniao Quimica Farmaceutica Nacional S/A
Betatrinta,Similar,Glicocorticoides Sistemicos,"Dipropionato De Betametasona, Fosfato Dissodico De Betametasona",Eurofarma Laboratorios S.A.
Permese,Similar,Glicocorticoides Sistemicos,"Dipropionato De Betametasona, Fosfato Dissodico De Betametasona",Eurofarma Laboratorios S.A.
Beta-Long,Similar,Glicocorticoides Sistemicos-Associacoes Medicamentosas,"Fosfato Dissodico De Betametasona, Acetato De Betametasona",Uniao Quimica Farmaceutica Nacional S/A
Celestrat,Similar,Anti-Histaminicos Sistemicos,"Maleato De Dexclorfeniramina, Betametasona",Uniao Quimica Farmaceutica Nacional S/A
Cetadex,Similar,Glicocorticoides Top. Simp. Exc. Uso Oftalm.,Acetato De Dexametasona,Geolab Industria Farmaceutica S/A
Cortitop,Similar,Glicocorticoides Top. Simp. Exc. Uso Oftalm.,Acetato De Dexametasona,Multilab Industria E Comercio De Produtos Farmaceuticos Ltda
Dexadermil,Similar,Glicocorticoides Top. Simp. Exc. Uso Oftalm.,Acetato De Dexametasona,Legrand Pharma Industria Farmaceutica Ltda
Dexametrat,Similar,Glicocorticoides Top. Simp. Exc. Uso Oftalm.,Acetato De Dexametasona,Laboratorio Globo Sa
Dexagreen,Similar,Glicocorticoides Top. Simp. Exc. Uso Oftalm.,"Acetato De Dexametasona, Cera Auto Emulsionante",Greenpharma Quimica E Farmaceutica Ltda
Acecorthyl,Similar,Glicocorticoides Top. Simp. Exc. Uso Oftalm.,Acetato De Hidrocortisona,Laboratorio Teuto Brasileiro S/A
Cortigen,Similar,Glicocorticoides Top. Simp. Exc. Uso Oftalm.,Acetato De Hidrocortisona,Uniao Quimica Farmaceutica Nacional S/A
Busonid,Similar,Glicocorticoides Top. Simp. Exc. Uso Oftalm.,Budesonida,Ache Laboratorios Farmaceuticos S.A
Inalajet,Similar,Glicocorticoides Top. Simp. Exc. Uso Oftalm.,Budesonida,Legrand Pharma Industria Farmaceutica Ltda
Inalide,Similar,Glicocorticoides Top. Simp. Exc. Uso Oftalm.,Budesonida,Ems S/A
Noex,Similar,Glicocorticoides Top. Simp. Exc. Uso Oftalm.,Budesonida Micronizada,Eurofarma Laboratorios S.A.
Desoskin,Similar,Glicocorticoides Top. Simp. Exc. Uso Oftalm.,Desonida,Ems Sigma Pharma Ltda
Cortifar,Similar,Glicocorticoides Top. Simp. Exc. Uso Oftalm.,Dipropionato De Betametasona,Laboratorio Farmaceutico Elofar Ltda
Softderm,Similar,Glicocorticoides Top. Simp. Exc. Uso Oftalm.,"Dipropionato De Betametasona, Acido Salicilico",Laboratorio Farmaceutico Elofar Ltda
Drenison,Similar,Glicocorticoides Top. Simp. Exc. Uso Oftalm.,"Fludroxicortida, Fludoxicortida",Biolab Sanus Farmaceutica Ltda
M-Lix,Similar,Outros Medicamentos Antiasmaticos,Furoato De Mometasona,Cosmed Industria De Cosmeticos E Medicamentos S.A.
Topison,Similar,Outros Medicamentos Antiasmaticos,Furoato De Mometasona,Libbs Farmaceutica Ltda
Clob-X,Similar,Corticosteroides Topicos,Propionato De Clobetasol,Galderma Brasil Ltda
Propiosol,Similar,Corticosteroides Topicos,Propionato De Clobetasol,Brainfarma Industria Quimica E Farmaceutica S.A
Therapsor,Similar,Corticosteroides Topicos,Propionato De Clobetasol,Theraskin Farmaceutica Ltda.
Topirex,Similar,Corticosteroides Topicos,Propionato De Clobetasol,Multilab Industria E Comercio De Produtos Farmaceuticos Ltda
Acsisa,Similar,Glicocorticoides Top. Simp. Exc. Uso Oftalm.,Triancinolona Acetonida,Prati Donaduzzi & Cia Ltda
Colujet,Similar,Glicocorticoides Top. Simp. Exc. Uso Oftalm.,Triancinolona Acetonida,Cimed Industria S.A
Mud Oral,Similar,Glicocorticoides Top. Simp. Exc. Uso Oftalm.,Triancinolona Acetonida,Eurofarma Laboratorios S.A.
Oralsept,Similar,Glicocorticoides Top. Simp. Exc. Uso Oftalm.,Triancinolona Acetonida,Airela Industria Farmaceutica Ltda.
Dermovat,Similar,Glicocorticoides Top. Simp. Exc. Uso Oftalm.,Valerato De Betametasona,Pharlab Industria Farmaceutica S.A.
Flutinol,Similar,Glicocorticoides Topico Oftalmologico Simples,Acetato De Fluormetolona,Cristalia Produtos Quimicos Farmaceuticos Ltda.
Oftpred,Similar,Glicocorticoides Topico Oftalmologico Simples,Acetato De Prednisolona,Cristalia Produtos Quimicos Farmaceuticos Ltda.
Predoptic,Similar,Glicocorticoides Topico Oftalmologico Simples,Acetato De Prednisolona,Geolab Industria Farmaceutica S/A
Ster,Similar,Glicocorticoides Topico Oftalmologico Simples,Acetato De Prednisolona,Uniao Quimica Farmaceutica Nacional S/A
Visiopred,Similar,Glicocorticoides Topico Oftalmologico Simples,Acetato De Prednisolona,Geolab Industria Farmaceutica S/A
Oncicrem-A,Similar,Glicocorticoides Sistemicos,Acetonida De Triancinolona,Geolab Industria Farmaceutica S/A
Betrix,Similar,Glicocorticoides Topicos - Associacao Medicamentosa,"Cetoconazol, Dipropionato De Betametasona",Gallia Industria Farmaceutica Ltda
Candicort,Similar,Glicocorticoides Topicos - Associacao Medicamentosa,"Cetoconazol, Dipropionato De Betametasona",Ache Laboratorios Farmaceuticos S.A
Candigran,Similar,Glicocorticoides Topicos - Associacao Medicamentosa,"Cetoconazol, Dipropionato De Betametasona",Legrand Pharma Industria Farmaceutica Ltda
Trok,Similar,Glicocorticoides Topicos - Associacao Medicamentosa,"Cetoconazol, Dipropionato De Betametasona",Eurofarma Laboratorios S.A.
Betricort,Similar,Glicocorticoides Topicos - Associacao Medicamentosa,"Cetoconazol, Dipropionato De Betametasona, Sulfato De Neomicina",Geolab Industria Farmaceutica S/A
Cebetym,Similar,Glicocorticoides Topicos - Associacao Medicamentosa,"Cetoconazol, Dipropionato De Betametasona, Sulfato De Neomicina",Cifarma Cientifica Farmaceutica Ltda
Trok-N,Similar,Glicocorticoides Topicos - Associacao Medicamentosa,"Cetoconazol, Dipropionato De Betametasona, Sulfato De Neomicina",Eurofarma Laboratorios S.A.
Dermosalic,Similar,Glicocorticoides Top. Simp. Exc. Uso Oftalm.,"Dipropionato De Betametasona, Acido Salicilico",Cellera Farmaceutica S.A.
Betacortazol,Similar,Glicocorticoides Topicos - Associacao Medicamentosa,"Dipropionato De Betametasona, Cetoconazol, Sulfato De Neomicina",Belfar Ltda
Betogenta,Similar,Glicocorticoides Topicos - Associacao Medicamentosa,"Dipropionato De Betametasona, Sulfato De Gentamicina",Geolab Industria Farmaceutica S/A
Dibederm,Similar,Glicocorticoides Topicos - Associacao Medicamentosa,"Dipropionato De Betametasona, Sulfato De Gentamicina",Laboratorio Teuto Brasileiro S/A
Diprozil,Similar,Glicocorticoides Topicos - Associacao Medicamentosa,"Dipropionato De Betametasona, Sulfato De Gentamicina",Cimed Industria S.A
Quadriderm® Duo,Similar,Glicocorticoides Topicos - Associacao Medicamentosa,"Dipropionato De Betametasona, Sulfato De Gentamicina",Cosmed Industria De Cosmeticos E Medicamentos S.A.
Otosylase,Similar,Glicocorticoides Topicos - Associacao Medicamentosa,"Fluocinolona Acetonida, Neomicina, Sulfato De Polimixina B, Cloridrato De Lidocaina",Geolab Industria Farmaceutica S/A
Otomixyn,Similar,Glicocorticoides Topicos - Associacao Medicamentosa,"Fluocinolona Acetonida, Sulfato De Polimixina B, Sulfato De Neomicina, Cloridrato De Lidocaina",Ems S/A
Decadron Colirio,Similar,Glicocorticoides Topicos - Associacao Medicamentosa,"Fosfato Dissodico De Dexametasona, Sulfato De Neomicina",Ache Laboratorios Farmaceuticos S.A
Dexavison,Similar,Glicocorticoides Topicos - Associacao Medicamentosa,"Fosfato Dissodico De Dexametasona, Sulfato De Neomicina",Laboratorio Teuto Brasileiro S/A
Hyax,Similar,Glicocorticoides Topicos - Associacao Medicamentosa,"Hialuronidase, Valerato De Betametasona",Apsen Farmaceutica S/A
Tobracort,Similar,Glicocorticoides Topicos - Associacao Medicamentosa,"Tobramicina, Dexametasona",Uniao Quimica Farmaceutica Nacional S/A
Coliaft,Similar,Glicocorticoides Top. Simp. Exc. Uso Oftalm.,Triancinolona Acetonida,Ems S/A
Oncileg-A,Similar,Glicocorticoides Top. Simp. Exc. Uso Oftalm.,Triancinolona Acetonida,Legrand Pharma Industria Farmaceutica Ltda
Cremederme,Similar,Glicocorticoides Topicos - Associacao Medicamentosa,"Valerato De Betametasona, Sulfato De Gentamicina, Tolnaftato, Clioquinol",Cellera Farmaceutica S.A.
Permut,Similar,Glicocorticoides Topicos - Associacao Medicamentosa,"Valerato De Betametasona, Sulfato De Gentamicina, Tolnaftato, Clioquinol",Eurofarma Laboratorios S.A.
Quadrilon,Similar,Glicocorticoides Topicos - Associacao Medicamentosa,"Valerato De Betametasona, Sulfato De Gentamicina, Tolnaftato, Clioquinol",Brainfarma Industria Quimica E Farmaceutica S.A
Quadrineo,Similar,Glicocorticoides Topicos - Associacao Medicamentosa,"Valerato De Betametasona, Sulfato De Gentamicina, Tolnaftato, Clioquinol",Vitamedic Industria Farmaceutica Ltda
Tetraderm,Similar,Glicocorticoides Topicos - Associacao Medicamentosa,"Valerato De Betametasona, Sulfato De Gentamicina, Tolnaftato, Clioquinol",Laboratorio Teuto Brasileiro S/A
Deslanol,Similar,Glicosideos Cardiacos,Deslanosideo,Uniao Quimica Farmaceutica Nacional S/A
Cardcor,Similar,Glicosideos Cardiacos,Digoxina,Laboratorio Teuto Brasileiro S/A
Furp-Digoxina,Similar,Glicosideos Cardiacos,Digoxina,Fundacao Para O Remedio Popular - Furp
Furp-Dapsona,Similar,Hansenostaticos,Dapsona,Fundacao Para O Remedio Popular - Furp
Lfm-Dapsona,Similar,Hansenostaticos,Dapsona,Laboratorio Farmaceutico Da Marinha
Funed - Talidomida,Similar,Hansenostaticos,Talidomida,Fundacao Ezequiel Dias - Funed
Etilefril,Similar,Hipertensor,Cloridrato De Etilefrina,Uniao Quimica Farmaceutica Nacional S/A
Aramin,Similar,Hipertensor,Hemitartarato De Metaraminol,Cristalia Produtos Quimicos Farmaceuticos Ltda.
Efedrin,Similar,Hipertensor,Sulfato De Efedrina,Cristalia Produtos Quimicos Farmaceuticos Ltda.
Unifedrine,Similar,Hipertensor,Sulfato De Efedrina,Uniao Quimica Farmaceutica Nacional S/A
Bdexbraun,Similar,Hipnoticos,Cloridrato De Dexmedetomidina,Laboratorios B. Braun S/A
Defrik,Similar,Hipnoticos,Cloridrato De Dexmedetomidina,Laboratorio Teuto Brasileiro S/A
Dex,Similar,Hipnoticos,Cloridrato De Dexmedetomidina,Cristalia Produtos Quimicos Farmaceuticos Ltda.
Dexlla,Similar,Hipnoticos,Cloridrato De Dexmedetomidina,Eurofarma Laboratorios S.A.
Extodin,Similar,Hipnoticos,Cloridrato De Dexmedetomidina,Uniao Quimica Farmaceutica Nacional S/A
Simbilex,Similar,Hipnoticos,Cloridrato De Dexmedetomidina,Ache Laboratorios Farmaceuticos S.A
Eczo,Similar,Hipnoticos,Eszopiclona,Myralis Industria Farmaceutica Ltda
Ezonia,Similar,Hipnoticos,Eszopiclona,Eurofarma Laboratorios S.A.
Hezo,Similar,Hipnoticos,Eszopiclona,Supera Farma Laboratorios S.A
Pyezo,Similar,Hipnoticos,Eszopiclona,Cosmed Industria De Cosmeticos E Medicamentos S.A.
Soul,Similar,Hipnoticos,Eszopiclona,Ache Laboratorios Farmaceuticos S.A
Torrem,Similar,Hipnoticos,Eszopiclona,Torrent Do Brasil Ltda
Eptomydex,Similar,Hipnoticos,Etomidato,Blau Farmaceutica S.A.
Rohydorm,Similar,Hipnoticos,Flunitrazepam,Ems Sigma Pharma Ltda
Insonox,Similar,Hipnoticos,Hemitartarato De Zolpidem,Laboratorio Teuto Brasileiro S/A
Isoy,Similar,Hipnoticos,Hemitartarato De Zolpidem,Farmoquimica S/A
Lune,Similar,Hipnoticos,Hemitartarato De Zolpidem,Cosmed Industria De Cosmeticos E Medicamentos S.A.
Lune Flash,Similar,Hipnoticos,Hemitartarato De Zolpidem,Cosmed Industria De Cosmeticos E Medicamentos S.A.
Lune Sl,Similar,Hipnoticos,Hemitartarato De Zolpidem,Cosmed Industria De Cosmeticos E Medicamentos S.A.
Noctiden,Similar,Hipnoticos,Hemitartarato De Zolpidem,Biolab Sanus Farmaceutica Ltda
Patz Cr,Similar,Hipnoticos,Hemitartarato De Zolpidem,Ems Sigma Pharma Ltda
Riposo Sl,Similar,Hipnoticos,Hemitartarato De Zolpidem,Eurofarma Laboratorios S.A.
Stilram Sl,Similar,Hipnoticos,Hemitartarato De Zolpidem,Legrand Pharma Industria Farmaceutica Ltda
Turno,Similar,Hipnoticos,Hemitartarato De Zolpidem,Eurofarma Laboratorios S.A.
Turno Sl,Similar,Hipnoticos,Hemitartarato De Zolpidem,Eurofarma Laboratorios S.A.
Turno Xr,Similar,Hipnoticos,Hemitartarato De Zolpidem,Eurofarma Laboratorios S.A.
Zleep Sl,Similar,Hipnoticos,Hemitartarato De Zolpidem,Prati Donaduzzi & Cia Ltda
Zoaf,Similar,Hipnoticos,Hemitartarato De Zolpidem,Torrent Do Brasil Ltda
Zolfest,Similar,Hipnoticos,Hemitartarato De Zolpidem,Ache Laboratorios Farmaceuticos S.A
Zolpaz,Similar,Hipnoticos,Hemitartarato De Zolpidem,Uniao Quimica Farmaceutica Nacional S/A
Zolpaz Sl,Similar,Hipnoticos,Hemitartarato De Zolpidem,Uniao Quimica Farmaceutica Nacional S/A
Zolrem Sl,Similar,Hipnoticos,Hemitartarato De Zolpidem,Germed Farmaceutica Ltda
Zopistil,Similar,Hipnoticos,Hemitartarato De Zolpidem,Geolab Industria Farmaceutica S/A
Zoup Retard,Similar,Hipnoticos,Hemitartarato De Zolpidem,Supera Farma Laboratorios S.A
Zoup Sl,Similar,Hipnoticos,Hemitartarato De Zolpidem,Supera Farma Laboratorios S.A
Zylinox,Similar,Hipnoticos,Hemitartarato De Zolpidem,Zydus Nikkho Farmaceutica Ltda
Zylinox Sl,Similar,Hipnoticos,Hemitartarato De Zolpidem,Zydus Nikkho Farmaceutica Ltda
Hypozam,Similar,Hipnoticos,Midazolam,Hypofarma - Instituto De Hypodermia E Farmacia Ltda
Telozam,Similar,Hipnoticos,Midazolam,Laboratorio Teuto Brasileiro S/A
Rahime,Similar,Hipnoticos E Sedativos,Ramelteona,Apsen Farmaceutica S/A
Vesper Sl,Similar,Hipnoticos,Hemitartarato De Zolpidem,Libbs Farmaceutica Ltda
Sitglu,Similar,Hipoglicemiante Oral,Fosfato De Sitagliptina Monoidratado,Germed Farmaceutica Ltda
Glicamin,Similar,Antidiabeticos,Glibenclamida,Geolab Industria Farmaceutica S/A
Deposteron,Similar,Hormonio Gonadotrofico,Cipionato De Testosterona,Ems Sigma Pharma Ltda
Testocyp,Similar,Hormonio Gonadotrofico,Cipionato De Testosterona,Cifarma Cientifica Farmaceutica Ltda
Seacalcit,Similar,Hormonio Hipocalcemico,Calcitonina Sintetica De Salmao,Laboratorio Quimico Farmaceutico Bergamo Ltda
Hormotrop,Similar,Hormonio Recombinante Do Crescimento Humano,Somatropina,Laboratorio Quimico Farmaceutico Bergamo Ltda
Dexaden,Similar,Glicocorticoides Top. Simp. Exc. Uso Oftalm.,Acetato De Dexametasona,Cifarma Cientifica Farmaceutica Ltda
Furp-Dexametasona,Similar,Glicocorticoides Top. Simp. Exc. Uso Oftalm.,Acetato De Dexametasona,Fundacao Para O Remedio Popular - Furp
Lqfex - Dexametasona,Similar,Glicocorticoides Top. Simp. Exc. Uso Oftalm.,Acetato De Dexametasona,Laboratorio Quimico Farmaceutico Do Exercito
Cortidex,Similar,Hormonios Corticosteroides,"Acetato De Dexametasona, Dexametasona, Fosfato Dissodico De Dexametasona",Pharlab Industria Farmaceutica S.A.
Unidexa,Similar,Hormonios Corticosteroides,"Acetato De Dexametasona, Dexametasona, Fosfato Dissodico De Dexametasona",Uniao Quimica Farmaceutica Nacional S/A
Corticorten,Similar,Glicocorticoides Sistemicos,Prednisona,Brainfarma Industria Quimica E Farmaceutica S.A
Predcort,Similar,Glicocorticoides Sistemicos,Prednisona,Vitamedic Industria Farmaceutica Ltda
Estrionil,Similar,Estrogenos Simples,Estriol,Hipolabor Farmaceutica Ltda
Testogel,Similar,Hormonios Sexuais Exclusive Ocitocicos,Testosterona,Besins Healthcare Brasil Comercial E Distribuidora De Medicamen
Euthyrox,Similar,Hormonios Tireoideanos Simples Ou Associados Entre Si,"Levotiroxina Sodica, Lactose Monoidratada",Merck S/A
Imunen,Similar,Antimetabolicos Analogos Da Purina,Azatioprina,Cristalia Produtos Quimicos Farmaceuticos Ltda.
Kamrho-D,Similar,Imunoglobulinas,Imunoglobulina Anti-Rho(D),Panamerican Medical Supply Suprimentos Medicos Ltda
Gama Anti-Tetano Grifols,Similar,Soros Imunoprotetores,Imunoglobulina Antitetanica,Grifols Brasil Ltda
Flebogamma,Similar,Imunoglobulinas,Imunoglobulina Humana,Grifols Brasil Ltda
Imunoglobulin,Similar,Imunoglobulinas,Imunoglobulina Humana,Blau Farmaceutica S.A.
Gama Anti-Hepatite B Grifols,Similar,Imunoglobulinas,Imunoglobulina Humana Anti-Hepatite B,Grifols Brasil Ltda
Glametix,Similar,Imunomodulador,Acetato De Glatiramer,Laboratorios Bago Do Brasil S/A
Imussuprex,Similar,Antimetabolicos Analogos Da Purina,Azatioprina,Germed Farmaceutica Ltda
Ixium,Similar,Imunomodulador,Imiquimode,Farmoquimica S/A
Modik,Similar,Imunomodulador,Imiquimode,Germed Farmaceutica Ltda
Extralerg,Similar,Imunomodulador,Lisado Bacteriano,Laboratorio De Extratos Alergenicos Ltda
Tacroz,Similar,Imunomodulador,Tacrolimo,Glenmark Farmaceutica Ltda
Tacrolil,Similar,Imunosupressor,Tacrolimo Monoidratado,Ems S/A
Emnyra,Similar,Imunomodulador,Teriflunomida,Biotec Biologica Industria Farmaceutica Ltda.
Ryfluna,Similar,Imunomodulador,Teriflunomida,Accord Farmaceutica Ltda
Extrato De Celulas Timicas,Similar,Imunomodulador,Timostimulina,Laboratorio De Extratos Alergenicos Ltda
Gnimi,Similar,Imunosupressor,Micofenolato De Mofetila,Camber Farmaceutica Ltda
Mofilen,Similar,Imunosupressor,Micofenolato De Mofetila,Instituto Biochimico Industria Farmaceutica Ltda
Tacrofort,Similar,Imunosupressor,Tacrolimo Monoidratado,Camber Farmaceutica Ltda
Tarfic,Similar,Imunosupressor,"Tacrolimo, Tacrolimo Monoidratado",Libbs Farmaceutica Ltda
Dastene,Similar,Inibidor Da Alfa-Redutase,Dutasterida,Ache Laboratorios Farmaceuticos S.A
Droalfa,Similar,Inibidor Da Alfa-Redutase,Dutasterida,Ache Laboratorios Farmaceuticos S.A
Excalv,Similar,Inibidor Da Alfa-Redutase,Finasterida,Laboratorio Teuto Brasileiro S/A
Finalop,Similar,Inibidor Da Alfa-Redutase,Finasterida,Libbs Farmaceutica Ltda
Finarid,Similar,Inibidor Da Alfa-Redutase,Finasterida,Laboratorio Teuto Brasileiro S/A
Finastil,Similar,Inibidor Da Alfa-Redutase,Finasterida,Ems Sigma Pharma Ltda
Prohair,Similar,Inibidor Da Alfa-Redutase,Finasterida,Uniao Quimica Farmaceutica Nacional S/A
Pratiprazol,Similar,Antiulcerosos,Omeprazol,Prati Donaduzzi & Cia Ltda
Angiopril,Similar,Anti-Hipertensivos,Maleato De Enalapril,Diffucap - Chemobras Quimica E Farmaceutica Ltda
Bisalax,Similar,Laxantes Irritantes Ou Estimulantes,Bisacodil,Uniao Quimica Farmaceutica Nacional S/A
Lacton,Similar,Laxantes Irritantes Ou Estimulantes,Bisacodil,Theodoro F Sobral & Cia Ltda
Farlac,Similar,Laxantes,Lactulose,Cosmed Industria De Cosmeticos E Medicamentos S.A.
Benestare,Similar,Laxantes Incrementadores Do Bolo Intestinal,Policarbofila  Calcica,Aspen Pharma Industria Farmaceutica Ltda
Ducodil,Similar,Laxantes Irritantes Ou Estimulantes,Bisacodil,Cimed Industria S.A
Lacto Purga,Similar,Laxantes Irritantes Ou Estimulantes,Bisacodil,Cosmed Industria De Cosmeticos E Medicamentos S.A.
Laxben,Similar,Laxantes Irritantes Ou Estimulantes,Bisacodil,Cifarma Cientifica Farmaceutica Ltda
Plesonax,Similar,Laxantes Irritantes Ou Estimulantes,Bisacodil,Brainfarma Industria Quimica E Farmaceutica S.A
Rapilax,Similar,Laxantes Irritantes Ou Estimulantes,Picossulfato De Sodio,Kley Hertz Farmaceutica S.A
Cronoplex,Similar,Laxantes Irritantes Ou Estimulantes,Picossulfato De Sodio Monoidratado,Uniao Quimica Farmaceutica Nacional S/A
Dulcolax Gotas,Similar,Laxantes Irritantes Ou Estimulantes,Picossulfato De Sodio Monoidratado,Opella Healthcare Brazil Ltda
Bulansi,Similar,Macrolideos,Claritromicina,Abbott Laboratorios Do Brasil Ltda
Clarilib,Similar,Macrolideos,Claritromicina,Blau Farmaceutica S.A.
Clinbacter,Similar,Macrolideos,Claritromicina,Uniao Quimica Farmaceutica Nacional S/A
Septmyc,Similar,Macrolideos,Claritromicina,Cristalia Produtos Quimicos Farmaceuticos Ltda.
Aceratum,Similar,Medicamentos Ativos Na Secrecao Gordurosa,Peroxido De Ureia,Cellera Farmaceutica S.A.
Dobtan,Similar,Outros Produtos Com Acao No Miocardio E Sistema De Conducao,Cloridrato De Dobutamina,Uniao Quimica Farmaceutica Nacional S/A
Dopacris,Similar,Vasoconstritores E Hipertensores,Cloridrato De Dopamina,Cristalia Produtos Quimicos Farmaceuticos Ltda.
Xylestesin Isobarico,Similar,Anestesicos Locais,Cloridrato De Lidocaina Monoidratada,Cristalia Produtos Quimicos Farmaceuticos Ltda.
Adren,Similar,Medicamentos C/ Acao No Miocardio,Epinefrina,Hipolabor Farmaceutica Ltda
Hyfren,Similar,Medicamentos C/ Acao No Miocardio,Epinefrina,Hypofarma - Instituto De Hypodermia E Farmacia Ltda
Elotin,Similar,Medicamentos Com Acao No Aparelho Auditivo,"Fluocinolona Acetonida, Sulfato De Neomicina, Sulfato De Polimixina B, Cloridrato De Lidocaina",Laboratorio Farmaceutico Elofar Ltda
Ophtcol,Similar,Medicamentos Com Acao No Aparelho Visual,Cloreto De Carbacol,Ophthalmos Ltda
Hatuna,Similar,Medicamentos Com Acao No Aparelho Visual,Cloridrato De Olopatadina,Cosmed Industria De Cosmeticos E Medicamentos S.A.
Holli,Similar,Medicamentos Com Acao No Aparelho Visual,Cloridrato De Olopatadina,Sun Farmaceutica Do Brasil Ltda
Olop,Similar,Medicamentos Com Acao No Aparelho Visual,Cloridrato De Olopatadina,Geolab Industria Farmaceutica S/A
Opti,Similar,Medicamentos Com Acao No Aparelho Visual,Cloridrato De Olopatadina,Uniao Quimica Farmaceutica Nacional S/A
Prurok,Similar,Medicamentos Com Acao No Aparelho Visual,Cloridrato De Olopatadina,Legrand Pharma Industria Farmaceutica Ltda
Maxilerg,Similar,Antinflamatorios,Diclofenaco Sodico,Cristalia Produtos Quimicos Farmaceuticos Ltda.
Lodina,Similar,Medicamentos Com Acao No Aparelho Visual,"Olopatadina, Cloridrato De Olopatadina",Cosmed Industria De Cosmeticos E Medicamentos S.A.
Ciclolato,Similar,Midriaticos,Cloridrato De Ciclopentolato,Cristalia Produtos Quimicos Farmaceuticos Ltda.
Ciclomidrin,Similar,Midriaticos,Tropicamida,Cristalia Produtos Quimicos Farmaceuticos Ltda.
Pilocan,Similar,Mioticos,Cloridrato De Pilocarpina,Cristalia Produtos Quimicos Farmaceuticos Ltda.
Corpore,Similar,Moduladores Do Metabolismo E Da Digestao,Orlistate,Eurofarma Laboratorios S.A.
Lipoclin,Similar,Moduladores Do Metabolismo E Da Digestao,Orlistate,Cosmed Industria De Cosmeticos E Medicamentos S.A.
Lipoxen,Similar,Moduladores Do Metabolismo E Da Digestao,Orlistate,Brainfarma Industria Quimica E Farmaceutica S.A
Orlibe,Similar,Moduladores Do Metabolismo E Da Digestao,Orlistate,Prati Donaduzzi & Cia Ltda
Sfinge,Similar,Moduladores Do Metabolismo E Da Digestao,Orlistate,Ache Laboratorios Farmaceuticos S.A
Tat,Similar,Moduladores Do Metabolismo E Da Digestao,Orlistate,Supera Farma Laboratorios S.A
Benfibe,Similar,Monovitaminas Exceto Vitamina K,Benfotiamina,Myralis Industria Farmaceutica Ltda
Novob,Similar,Monovitaminas Exceto Vitamina K,Benfotiamina,Biolab Sanus Farmaceutica Ltda
Ombet,Similar,Monovitaminas Exceto Vitamina K,Benfotiamina,Ache Laboratorios Farmaceuticos S.A
Clorpromaz,Similar,Neurolepticos,Cloridrato De Clorpromazina,Uniao Quimica Farmaceutica Nacional S/A
Longactil,Similar,Neurolepticos,Cloridrato De Clorpromazina,Cristalia Produtos Quimicos Farmaceuticos Ltda.
Levozine,Similar,Neurolepticos,Cloridrato De Levomepromazina,Cristalia Produtos Quimicos Farmaceuticos Ltda.
Unitidazin,Similar,Neurolepticos,Cloridrato De Tioridazina,Uniao Quimica Farmaceutica Nacional S/A
Okotico,Similar,Neurolepticos,Clozapina,Supera Farma Laboratorios S.A
Pinazan,Similar,Neurolepticos,Clozapina,Cristalia Produtos Quimicos Farmaceuticos Ltda.
Decan Haloper,Similar,Neurolepticos,Decanoato De Haloperidol,Uniao Quimica Farmaceutica Nacional S/A
Halo  Decanoato,Similar,Neurolepticos,Decanoato De Haloperidol,Cristalia Produtos Quimicos Farmaceuticos Ltda.
Flufenan Depot,Similar,Neurolepticos,Enantato De Flufenazina,Cristalia Produtos Quimicos Farmaceuticos Ltda.
Halo,Similar,Neurolepticos,Haloperidol,Cristalia Produtos Quimicos Farmaceuticos Ltda.
Haloper,Similar,Neurolepticos,Haloperidol,Laboratorio Teuto Brasileiro S/A
Hyporidrol,Similar,Neurolepticos,Haloperidol,Hypofarma - Instituto De Hypodermia E Farmacia Ltda
Uni Haloper,Similar,Neurolepticos,Haloperidol,Uniao Quimica Farmaceutica Nacional S/A
Levozine,Similar,Neurolepticos,"Levomepromazina, Maleato De Levomepromazina",Cristalia Produtos Quimicos Farmaceuticos Ltda.
Vegapali,Similar,Neurolepticos,Palmitato De Paliperidona,Adium S.A.
Perlid,Similar,Neurolepticos,Risperidona,Prati Donaduzzi & Cia Ltda
Risperac,Similar,Neurolepticos,Risperidona,Accord Farmaceutica Ltda
Risperidon,Similar,Neurolepticos,Risperidona,Cristalia Produtos Quimicos Farmaceuticos Ltda.
Rispxan,Similar,Neurolepticos,Risperidona,Laboratorio Globo Sa
Riss,Similar,Neurolepticos,Risperidona,Eurofarma Laboratorios S.A.
Viverdal,Similar,Neurolepticos,Risperidona,Uniao Quimica Farmaceutica Nacional S/A
Zargus,Similar,Neurolepticos,Risperidona,Ache Laboratorios Farmaceuticos S.A
Isordil,Similar,Nitritos Nitratos E Semelhantes,Dinitrato De Isossorbida,Ems Sigma Pharma Ltda
Nitrofen,Similar,Nitrofuranicos,Nitrofurantoina,Laboratorio Teuto Brasileiro S/A
Nibisnu,Similar,Antineoplasicos Citotoxicos,Carmustina,Dr. Reddys Farmaceutica Do Brasil Ltda
Oxiton,Similar,Ocitocicos Hormonais,"Ocitocina, Oxitocina, Oxitocina Sintetica",Uniao Quimica Farmaceutica Nacional S/A
Ergometrin,Similar,Ocitocicos Nao Hormonais,Maleato De Metilergometrina,Uniao Quimica Farmaceutica Nacional S/A
Lipiblock,Similar,Moduladores Do Metabolismo E Da Digestao,Orlistate,Germed Farmaceutica Ltda
Orlibesi,Similar,Moduladores Do Metabolismo E Da Digestao,Orlistate,Multilab Industria E Comercio De Produtos Farmaceuticos Ltda
Orlipid,Similar,Moduladores Do Metabolismo E Da Digestao,Orlistate,Ems Sigma Pharma Ltda
Siluestat,Similar,Moduladores Do Metabolismo E Da Digestao,Orlistate,Ems S/A
Decadron Nasal,Similar,Outras Preparacoes Para Terapia Sintomatica Nasal,"Fosfato Dissodico De Dexametasona, Sulfato De Neomicina, Cloridrato De Fenilefrina",Ache Laboratorios Farmaceuticos S.A
Nuvyor,Similar,Outros Agentes Imunossupressores,Lenalidomida,Eurofarma Laboratorios S.A.
Etna,Similar,Outros Antianemicos,"Acetato De Hidroxocobalamina, Citidina 5'-Monofosfato Dissodico, Uridina-5'-Trifosfato Trissodica, Fosfato Dissodico De Citidina, Trifosfato Trissodico De Uridina",Laboratorio Gross S. A.
Abmetha,Similar,Outros Antineoplasicos,Acetato De Abiraterona,Cristalia Produtos Quimicos Farmaceuticos Ltda.
Rarija,Similar,Outros Antineoplasicos,Acetato De Abiraterona,Teva Farmaceutica Ltda.
Spylglen,Similar,Outros Antineoplasicos,Acetato De Abiraterona,Glenmark Farmaceutica Ltda
Zostide,Similar,Outros Antineoplasicos,Acetato De Abiraterona,Libbs Farmaceutica Ltda
Capeduc,Similar,Outros Antineoplasicos,Capecitabina,Cristalia Produtos Quimicos Farmaceuticos Ltda.
Capeliv,Similar,Outros Antineoplasicos,Capecitabina,Ranbaxy Farmaceutica Ltda
Capzat,Similar,Outros Antineoplasicos,Capecitabina,Ache Laboratorios Farmaceuticos S.A
Coama,Similar,Outros Antineoplasicos,Capecitabina,Ems S/A
Corretal,Similar,Outros Antineoplasicos,Capecitabina,Eurofarma Laboratorios S.A.
Karfylor,Similar,Outros Agentes Antineoplasicos,Carfilzomibe,Accord Farmaceutica Ltda
Fauldacar,Similar,Antineoplasico,Dacarbazina,Libbs Farmaceutica Ltda
Efurix,Similar,Outros Antineoplasicos,Fluoruracila,Medquimica Industria Farmaceutica Ltda.
Flusan,Similar,Outros Antineoplasicos,Fluoruracila,Eurofarma Laboratorios S.A.
Hixu,Similar,Agentes Antineoplasicos,Hidroxiureia,Blau Farmaceutica S.A.
Leux,Similar,Agentes Antineoplasicos,Hidroxiureia,Cristalia Produtos Quimicos Farmaceuticos Ltda.
Halixy,Similar,Outros Antineoplasicos,Mesilato De Eribulina,Natcofarma Do Brasil Ltda
Lqfex - Sulfato De Quinina,Similar,Outros Antiparasitarios Para Afeccoes Internas,Sulfato De Quinina,Laboratorio Quimico Farmaceutico Do Exercito
Fator Ix De Coagulacao Hemobras,Similar,Fracoes Do Sangue Ou Plasma Exceto Gamaglobulina,Fator Ix De Coagulacao,Empresa Brasileira De Hemoderivados E Biotecnologia
Liraclick,Similar,Antidiabeticos,Liraglutida,Germed Farmaceutica Ltda
Dosyx,Similar,Outros Hormonios Mediadores E Produtos Equivalentes,Acetato De Desmopressina,Laboratorio Quimico Farmaceutico Bergamo Ltda
Eponim,Similar,Outros Hormonios Mediadores E Produtos Equivalentes,Acetato De Desmopressina,Laboratorios Ferring Ltda
Furp-Desmopressina,Similar,Outros Hormonios Mediadores E Produtos Equivalentes,Acetato De Desmopressina,Fundacao Para O Remedio Popular - Furp
Lectrum,Similar,Antineoplasico,Acetato De Leuprorrelina,Sandoz Do Brasil Industria Farmaceutica Ltda
Octride,Similar,Outros Hormonios Mediadores E Produtos Equivalentes,Acetato De Octreotida,Sun Farmaceutica Do Brasil Ltda
Regencel,Similar,Outros Medicamentos Com Acao No Aparelho Visual,"Acetato De Retinol, Aminoacidos, Metionina (11 C), Cloranfenicol",Cristalia Produtos Quimicos Farmaceuticos Ltda.
Ecofilm,Similar,Outros Medicamentos Com Acao No Aparelho Visual,Carmelose Sodica,Cristalia Produtos Quimicos Farmaceuticos Ltda.
Higicler,Similar,Outros Medicamentos Com Acao No Aparelho Visual,"Cloreto De Benzalconio, Acido Borico",Cristalia Produtos Quimicos Farmaceuticos Ltda.
Colirio Teuto,Similar,Outros Medicamentos Com Acao No Aparelho Visual,"Cloridrato De Nafazolina, Sulfato De Zinco",Laboratorio Teuto Brasileiro S/A
Aterogrel,Similar,Outros Medicamentos De Acao No Aparelho Cardiovascular,Bissulfato De Clopidogrel,Biolab Sanus Farmaceutica Ltda
Clopido-Gran,Similar,Outros Medicamentos De Acao No Aparelho Cardiovascular,Bissulfato De Clopidogrel,Legrand Pharma Industria Farmaceutica Ltda
Clopin,Similar,Outros Medicamentos De Acao No Aparelho Cardiovascular,Bissulfato De Clopidogrel,Ache Laboratorios Farmaceuticos S.A
Clopiplax,Similar,Outros Medicamentos De Acao No Aparelho Cardiovascular,Bissulfato De Clopidogrel,Germed Farmaceutica Ltda
Clopivix,Similar,Outros Medicamentos De Acao No Aparelho Cardiovascular,Bissulfato De Clopidogrel,Dr. Reddys Farmaceutica Do Brasil Ltda
Lopigrel,Similar,Outros Medicamentos De Acao No Aparelho Cardiovascular,Bissulfato De Clopidogrel,Cosmed Industria De Cosmeticos E Medicamentos S.A.
Plagrel,Similar,Outros Medicamentos De Acao No Aparelho Cardiovascular,Bissulfato De Clopidogrel,Sandoz Do Brasil Industria Farmaceutica Ltda
Plaquevix,Similar,Outros Medicamentos De Acao No Aparelho Cardiovascular,Bissulfato De Clopidogrel,Ems S/A
Plavineo,Similar,Outros Medicamentos De Acao No Aparelho Cardiovascular,Bissulfato De Clopidogrel,Brainfarma Industria Quimica E Farmaceutica S.A
Vixgrel,Similar,Outros Medicamentos De Acao No Aparelho Cardiovascular,Bissulfato De Clopidogrel,Geolab Industria Farmaceutica S/A
Dobutariston,Similar,Outros Produtos Com Acao No Miocardio E Sistema De Conducao,Cloridrato De Dobutamina,Blau Farmaceutica S.A.
Dopabane,Similar,Vasoconstritores E Hipertensores,Cloridrato De Dopamina,Blau Farmaceutica S.A.
Zimif,Similar,Outros Medicamentos De Acao No Aparelho Cardiovascular,Eplerenona,Viatris Farmaceutica Do Brasil Ltda
Vie,Similar,Outros Produtos Que Atuam Sobre O Sistema Nervoso,Cloridrato De Memantina,Ache Laboratorios Farmaceuticos S.A
Fertessa,Similar,Outros Prods  Nao Enquadrados Em Classe Terapeutica Especif,Acetato De Ganirrelix,Sun Farmaceutica Do Brasil Ltda
Gulandaripa,Similar,Outros Prods  Nao Enquadrados Em Classe Terapeutica Especif,Acetato De Icatibanto,Cipla Brasil Importadora E Distribuidora De Medicamentos Ltda
Monboc,Similar,Outros Agentes Antineoplasicos,Cloridrato De Anagrelida,Ems S/A
Protamina,Similar,Outros Prods  Nao Enquadrados Em Classe Terapeutica Especif,Cloridrato De Protamina,Cellera Farmaceutica S.A.
Queropax,Similar,Antipsicoticos,Hemifumarato De Quetiapina,Ems Sigma Pharma Ltda
Syletyv,Similar,Outros Prods  Nao Enquadrados Em Classe Terapeutica Especif,Paricalcitol,Accord Farmaceutica Ltda
Calnate,Similar,Outros Prods  Nao Enquadrados Em Classe Terapeutica Especif,Poliestirenossulfonato De Calcio,Eurofarma Laboratorios S.A.
Averz,Similar,Outros Prods  Nao Enquadrados Em Classe Terapeutica Especif,Sugamadex Sodico,Farmarin Industria E Comercio Ltda
Bryony,Similar,Outros Prods  Nao Enquadrados Em Classe Terapeutica Especif,Sugamadex Sodico,Uniao Quimica Farmaceutica Nacional S/A
Dexperta,Similar,Outros Prods  Nao Enquadrados Em Classe Terapeutica Especif,Sugamadex Sodico,Blau Farmaceutica S.A.
Instaura,Similar,Outros Prods  Nao Enquadrados Em Classe Terapeutica Especif,Sugamadex Sodico,Teva Farmaceutica Ltda.
Lessav,Similar,Outros Prods  Nao Enquadrados Em Classe Terapeutica Especif,Sugamadex Sodico,Ache Laboratorios Farmaceuticos S.A
Myobloq,Similar,Outros Prods  Nao Enquadrados Em Classe Terapeutica Especif,Sugamadex Sodico,Apsen Farmaceutica S/A
Rebrive,Similar,Outros Prods  Nao Enquadrados Em Classe Terapeutica Especif,Sugamadex Sodico,Eurofarma Laboratorios S.A.
Reverso,Similar,Outros Prods  Nao Enquadrados Em Classe Terapeutica Especif,Sugamadex Sodico,Cristalia Produtos Quimicos Farmaceuticos Ltda.
Sug,Similar,Outros Prods  Nao Enquadrados Em Classe Terapeutica Especif,Sugamadex Sodico,Biolab Sanus Farmaceutica Ltda
Sugadioz,Similar,Outros Prods  Nao Enquadrados Em Classe Terapeutica Especif,Sugamadex Sodico,Sandoz Do Brasil Industria Farmaceutica Ltda
Sujma,Similar,Outros Prods  Nao Enquadrados Em Classe Terapeutica Especif,Sugamadex Sodico,Camber Farmaceutica Ltda
Sunam,Similar,Outros Prods  Nao Enquadrados Em Classe Terapeutica Especif,Sugamadex Sodico,Sun Farmaceutica Do Brasil Ltda
Suversadex,Similar,Outros Prods  Nao Enquadrados Em Classe Terapeutica Especif,Sugamadex Sodico,Dr. Reddys Farmaceutica Do Brasil Ltda
Sevclot,Similar,Outros Prods  Nao Enquadrados Em Classe Terapeutica Especif,Cloridrato De Sevelamer,Cristalia Produtos Quimicos Farmaceuticos Ltda.
Tergly,Similar,Outros Produtos Anti-Hemorragicos,Acetato De Terlipressina,Volpharma Distribuidora De Produtos Hospitalares E Farmaceutico
Dyfucert,Similar,Outros Produtos Com Acao Imunoprotetora,Fumarato De Dimetila,Dr. Reddys Farmaceutica Do Brasil Ltda
Mofyt,Similar,Outros Produtos Com Acao Imunoprotetora,Fumarato De Dimetila,Accord Farmaceutica Ltda
Fendical,Similar,Inibidor Da Alfa-Redutase,Finasterida,Belfar Ltda
Benzevit,Similar,Outros Produtos Com Acao Na Pele E Mucosas,"Oxido De Zinco, Nistatina",Laboratorio Farmaceutico Elofar Ltda
Vitaderme,Similar,Outros Produtos Com Acao Na Pele E Mucosas,"Palmitato De Retinol, Colecalciferol, Acetato De Tocoferol, Alantoina",Cristalia Produtos Quimicos Farmaceuticos Ltda.
Pioletal,Similar,Escabicidas E Outros Ectoparasiticidas,Permetrina,Cellera Farmaceutica S.A.
Dermazine,Similar,Outros Produtos Com Acao Na Pele E Mucosas,Sulfadiazina De Prata,Cristalia Produtos Quimicos Farmaceuticos Ltda.
Sulph,Similar,Outros Produtos Com Acao Na Pele E Mucosas,Sulfadiazina De Prata,Prati Donaduzzi & Cia Ltda
Lumivit,Similar,Antineoplasico,Tretinoina,Germed Farmaceutica Ltda
Suavicid One,Similar,Antineoplasico,Tretinoina,Legrand Pharma Industria Farmaceutica Ltda
Vitanol-A,Similar,Antineoplasico,Tretinoina,Glaxosmithkline Brasil Ltda
Plaq,Similar,Outros Medicamentos De Acao No Aparelho Cardiovascular,Bissulfato De Clopidogrel,Eurofarma Laboratorios S.A.
Lowe,Similar,Outros Produtos Com Acao No Miocardio E Sistema De Conducao,Adenosina,Halex Istar Industria Farmaceutica Sa
Dobu,Similar,Outros Produtos Com Acao No Miocardio E Sistema De Conducao,Cloridrato De Dobutamina,Laboratorio Teuto Brasileiro S/A
Glucoreumin,Similar,Outros Produtos Com Acao No Sistema Musculo Esqueletico,Sulfato De Glicosamina,Viatris Farmaceutica Do Brasil Ltda
Artoglico,Similar,Outros Produtos Com Acao No Sistema Musculo Esqueletico,"Sulfato De Glicosamina, Cloridrato De Lidocaina",Ems Sigma Pharma Ltda
Fenazic,Similar,Outros Produtos Com Acao No Trato Urinario,Bromidrato De Darifenacina,Adium S.A.
Hproz,Similar,Outros Produtos Com Acao No Trato Urinario,Cloridrato De Tansulosina,Cristalia Produtos Quimicos Farmaceuticos Ltda.
Omnic Ocas,Similar,Outros Produtos Com Acao No Trato Urinario,Cloridrato De Tansulosina,Astellas Farma Brasil Importacao E Distribuicao De Medicamentos
Rettan,Similar,Outros Produtos Com Acao No Trato Urinario,Cloridrato De Tansulosina,Biolab Sanus Farmaceutica Ltda
Stub,Similar,Outros Produtos Com Acao No Trato Urinario,Cloridrato De Tansulosina,Biolab Sanus Farmaceutica Ltda
Tamsulon,Similar,Outros Produtos Com Acao No Trato Urinario,Cloridrato De Tansulosina,Adium S.A.
Tansudart,Similar,Outros Produtos Com Acao No Trato Urinario,Cloridrato De Tansulosina,Glaxosmithkline Brasil Ltda
Tanzurys,Similar,Outros Produtos Com Acao No Trato Urinario,Cloridrato De Tansulosina,Ems S/A
Tasulil,Similar,Outros Produtos Com Acao No Trato Urinario,Cloridrato De Tansulosina,Geolab Industria Farmaceutica S/A
Usoleg,Similar,Outros Produtos Com Acao No Trato Urinario,Cloridrato De Tansulosina,Legrand Pharma Industria Farmaceutica Ltda
Tanduo,Similar,Outros Produtos Com Acao No Trato Urinario,"Cloridrato De Tansulosina, Dutasterida",Apsen Farmaceutica S/A
Dastene Duo,Similar,Outros Produtos Com Acao No Trato Urinario,"Dutasterida, Cloridrato De Tansulosina",Ache Laboratorios Farmaceuticos S.A
Dutam,Similar,Outros Produtos Com Acao No Trato Urinario,"Dutasterida, Cloridrato De Tansulosina",Adium S.A.
Dutatanso,Similar,Outros Produtos Com Acao No Trato Urinario,"Dutasterida, Cloridrato De Tansulosina",Cosmed Industria De Cosmeticos E Medicamentos S.A.
Dutavix,Similar,Outros Produtos Com Acao No Trato Urinario,"Dutasterida, Cloridrato De Tansulosina",Zydus Nikkho Farmaceutica Ltda
Tasdux,Similar,Outros Produtos Com Acao No Trato Urinario,"Dutasterida, Cloridrato De Tansulosina",Ache Laboratorios Farmaceuticos S.A
Cadvas,Similar,Outros Produtos Com Acao No Trato Urinario,Mesilato De Doxazosina,Prati Donaduzzi & Cia Ltda
Doxaprost,Similar,Outros Produtos Com Acao No Trato Urinario,Mesilato De Doxazosina,Uniao Quimica Farmaceutica Nacional S/A
Doxativo,Similar,Outros Produtos Com Acao No Trato Urinario,Mesilato De Doxazosina,Legrand Pharma Industria Farmaceutica Ltda
Doxprovir,Similar,Outros Produtos Com Acao No Trato Urinario,Mesilato De Doxazosina,Ems S/A
Euprostatin,Similar,Outros Produtos Com Acao No Trato Urinario,Mesilato De Doxazosina,Ems Sigma Pharma Ltda
Lutics,Similar,Outros Produtos Com Acao No Trato Urinario,Mesilato De Doxazosina,Ache Laboratorios Farmaceuticos S.A
Mesidox,Similar,Outros Produtos Com Acao No Trato Urinario,Mesilato De Doxazosina,Merck S/A
Prostaflux,Similar,Outros Produtos Com Acao No Trato Urinario,Mesilato De Doxazosina,Laboratorio Teuto Brasileiro S/A
Hominus,Similar,Outros Produtos Com Acao No Trato Urinario,"Mesilato De Doxazosina, Finasterida",Eurofarma Laboratorios S.A.
Pros-Hp,Similar,Outros Produtos Com Acao No Trato Urinario,"Mesilato De Doxazosina, Finasterida",Supera Farma Laboratorios S.A
Circuit,Similar,Outros Produtos Com Acao No Trato Urinario,Mirabegrona,Eurofarma Laboratorios S.A.
Gronrym,Similar,Outros Produtos Com Acao No Trato Urinario,Mirabegrona,Sandoz Do Brasil Industria Farmaceutica Ltda
Micpure,Similar,Outros Produtos Com Acao No Trato Urinario,Mirabegrona,Apsen Farmaceutica S/A
Mirab,Similar,Outros Produtos Com Acao No Trato Urinario,Mirabegrona,Eurofarma Laboratorios S.A.
Impere,Similar,Outros Produtos Com Acao No Trato Urinario,Succinato De Solifenacina,Ems S/A
Involu,Similar,Outros Produtos Com Acao No Trato Urinario,Succinato De Solifenacina,Eurofarma Laboratorios S.A.
Samile,Similar,Outros Produtos Com Acao No Trato Urinario,Succinato De Solifenacina,Sun Farmaceutica Do Brasil Ltda
Solly,Similar,Outros Produtos Com Acao No Trato Urinario,Succinato De Solifenacina,Biolab Sanus Farmaceutica Ltda
Urgisin,Similar,Outros Produtos Com Acao No Trato Urinario,Succinato De Solifenacina,Legrand Pharma Industria Farmaceutica Ltda
Ostriol,Similar,Repositor De Calcio,Calcitriol,Aspen Pharma Industria Farmaceutica Ltda
Abcler Abnat,Similar,Outros Produtos Para O Aparelho Digestivo E Metabolismo,"Dl-Metionina, Levometionina, Racemetionina, Betaina, Citrato De Colina",Airela Industria Farmaceutica Ltda.
Figz,Similar,Outros Produtos Para O Aparelho Digestivo E Metabolismo,"Dl-Metionina, Racemetionina, Betaina, Citrato De Colina",Kymberg Farmaceutica Do Brasil Ltda
Esio,Similar,Outros Produtos Para O Aparelho Digestivo E Metabolismo,Esomeprazol Sodico,Eurofarma Laboratorios S.A.
Ezhyum,Similar,Outros Produtos Para O Aparelho Digestivo E Metabolismo,Esomeprazol Sodico,Brainfarma Industria Quimica E Farmaceutica S.A
Mezp,Similar,Outros Produtos Para O Aparelho Digestivo E Metabolismo,Esomeprazol Sodico,Cristalia Produtos Quimicos Farmaceuticos Ltda.
Yesom,Similar,Outros Produtos Para O Aparelho Digestivo E Metabolismo,Esomeprazol Sodico,Camber Farmaceutica Ltda
Chron-Asa 5,Similar,Outros Produtos Para O Aparelho Digestivo E Metabolismo,Mesalazina,Ems Sigma Pharma Ltda
Mesacol,Similar,Outros Produtos Para O Aparelho Digestivo E Metabolismo,Mesalazina,Takeda Pharma Ltda.
Zydcol Mr,Similar,Outros Produtos Para O Aparelho Digestivo E Metabolismo,Mesalazina,Zydus Nikkho Farmaceutica Ltda
Acybrothos,Similar,Broncodilatadores,Acebrofilina,Airela Industria Farmaceutica Ltda.
Broncomucol,Similar,Broncodilatadores,Acebrofilina,Cifarma Cientifica Farmaceutica Ltda
Brondilat,Similar,Broncodilatadores,Acebrofilina,Ache Laboratorios Farmaceuticos S.A
Bronfilil,Similar,Broncodilatadores,Acebrofilina,Cifarma Cientifica Farmaceutica Ltda
Lisomuc,Similar,Broncodilatadores,Acebrofilina,Laboratorio Farmaceutico Elofar Ltda
Melysse,Similar,Broncodilatadores,Acebrofilina,Ache Laboratorios Farmaceuticos S.A
Attosy,Similar,Outros Produtos Para Uso Em Ginecologia E Obstetricia,Acetato De Atosibana,Accord Farmaceutica Ltda
Caberedux,Similar,Outros Produtos Para Uso Em Ginecologia E Obstetricia,Cabergolina,Cristalia Produtos Quimicos Farmaceuticos Ltda.
Cabertrix,Similar,Outros Produtos Para Uso Em Ginecologia E Obstetricia,Cabergolina,Adium S.A.
Indux,Similar,Outros Produtos Para Uso Em Ginecologia E Obstetricia,Citrato De Clomifeno,Ems Sigma Pharma Ltda
Suprema,Similar,Outros Produtos Para Uso Em Ginecologia E Obstetricia,"Estradiol, Acetato De Noretisterona",Biolab Sanus Farmaceutica Ltda
Colpistar,Similar,Outros Produtos Para Uso Em Ginecologia E Obstetricia,"Metronidazol, Nistatina, Cloreto De Benzalconio, Lisozima",Farmoquimica S/A
Clindella,Similar,Outros Produtos Para Uso Em Ginecologia E Obstetricia,Tibolona,Multilab Industria E Comercio De Produtos Farmaceuticos Ltda
Libiam,Similar,Outros Produtos Para Uso Em Ginecologia E Obstetricia,Tibolona,Libbs Farmaceutica Ltda
Reduclim,Similar,Outros Produtos Para Uso Em Ginecologia E Obstetricia,Tibolona,Farmoquimica S/A
Tibial,Similar,Outros Produtos Para Uso Em Ginecologia E Obstetricia,Tibolona,Brainfarma Industria Quimica E Farmaceutica S.A
Tiboclin,Similar,Outros Produtos Para Uso Em Ginecologia E Obstetricia,Tibolona,Ems S/A
Eritromax,Similar,Outros Produtos Que Atuam No Sangue E Hematopoiese,Alfaepoetina,Blau Farmaceutica S.A.
Plaketar,Similar,Outros Produtos Que Atuam No Sangue E Hematopoiese,Cloridrato De Ticlopidina,Biolab Sanus Farmaceutica Ltda
Filgrastim,Similar,Outros Produtos Que Atuam No Sangue E Hematopoiese,Filgrastim,Ache Laboratorios Farmaceuticos S.A
Alzynamin,Similar,Outros Produtos Que Atuam Sobre O Sistema Nervoso,Bromidrato De Galantamina,Laboratorio Quimico Farmaceutico Bergamo Ltda
Cogit,Similar,Outros Produtos Que Atuam Sobre O Sistema Nervoso,Bromidrato De Galantamina,Biolab Sanus Farmaceutica Ltda
Coglive,Similar,Outros Produtos Que Atuam Sobre O Sistema Nervoso,Bromidrato De Galantamina,Libbs Farmaceutica Ltda
Elatium,Similar,Outros Produtos Que Atuam Sobre O Sistema Nervoso,Bromidrato De Galantamina,Prati Donaduzzi & Cia Ltda
Gaudy,Similar,Outros Produtos Que Atuam Sobre O Sistema Nervoso,Bromidrato De Galantamina,Ems S/A
Refirmym,Similar,Outros Produtos Que Atuam Sobre O Sistema Nervoso,Bromidrato De Galantamina,Aspen Pharma Industria Farmaceutica Ltda
Regressa,Similar,Outros Produtos Que Atuam Sobre O Sistema Nervoso,Bromidrato De Galantamina,Ache Laboratorios Farmaceuticos S.A
Flutuah,Similar,Outros Produtos Que Atuam Sobre O Sistema Nervoso,Cloridrato De Atomoxetina,Apsen Farmaceutica S/A
Comfect,Similar,Outros Produtos Que Atuam Sobre O Sistema Nervoso,Cloridrato De Donepezila,Ache Laboratorios Farmaceuticos S.A
Danpezil,Similar,Outros Produtos Que Atuam Sobre O Sistema Nervoso,Cloridrato De Donepezila,Dr. Reddys Farmaceutica Do Brasil Ltda
Depzel,Similar,Outros Produtos Que Atuam Sobre O Sistema Nervoso,Cloridrato De Donepezila,Uniao Quimica Farmaceutica Nacional S/A
Don,Similar,Outros Produtos Que Atuam Sobre O Sistema Nervoso,Cloridrato De Donepezila,Eurofarma Laboratorios S.A.
Donila,Similar,Outros Produtos Que Atuam Sobre O Sistema Nervoso,Cloridrato De Donepezila,Ache Laboratorios Farmaceuticos S.A
Epez,Similar,Outros Produtos Que Atuam Sobre O Sistema Nervoso,Cloridrato De Donepezila,Torrent Do Brasil Ltda
Funed Donepezila,Similar,Outros Produtos Que Atuam Sobre O Sistema Nervoso,Cloridrato De Donepezila,Fundacao Ezequiel Dias - Funed
Furp-Donepezila,Similar,Outros Produtos Que Atuam Sobre O Sistema Nervoso,Cloridrato De Donepezila,Fundacao Para O Remedio Popular - Furp
Labrea,Similar,Outros Produtos Que Atuam Sobre O Sistema Nervoso,Cloridrato De Donepezila,Cristalia Produtos Quimicos Farmaceuticos Ltda.
Senes,Similar,Outros Produtos Que Atuam Sobre O Sistema Nervoso,Cloridrato De Donepezila,Supera Farma Laboratorios S.A
Zymea,Similar,Outros Produtos Que Atuam Sobre O Sistema Nervoso,Cloridrato De Donepezila,Zydus Nikkho Farmaceutica Ltda
Epez Duo,Similar,Outros Produtos Que Atuam Sobre O Sistema Nervoso,"Cloridrato De Donepezila Monoidratado, Cloridrato De Memantina",Torrent Do Brasil Ltda
Labrea Duo,Similar,Outros Produtos Que Atuam Sobre O Sistema Nervoso,"Cloridrato De Donepezila Monoidratado, Cloridrato De Memantina",Cristalia Produtos Quimicos Farmaceuticos Ltda.
Alois Duo,Similar,Outros Produtos Que Atuam Sobre O Sistema Nervoso,"Cloridrato De Donepezila, Cloridrato De Donepezila Monoidratado, Cloridrato De Memantina",Apsen Farmaceutica S/A
Comfect Duo,Similar,Outros Produtos Que Atuam Sobre O Sistema Nervoso,"Cloridrato De Donepezila, Cloridrato De Memantina",Ache Laboratorios Farmaceuticos S.A
Moriale Duo,Similar,Outros Produtos Que Atuam Sobre O Sistema Nervoso,"Cloridrato De Donepezila, Cloridrato De Memantina",Ems S/A
Reczil,Similar,Outros Produtos Que Atuam Sobre O Sistema Nervoso,"Cloridrato De Donepezila, Donepezila",Sun Farmaceutica Do Brasil Ltda
Alois,Similar,Outros Produtos Que Atuam Sobre O Sistema Nervoso,Cloridrato De Memantina,Apsen Farmaceutica S/A
Heimer,Similar,Outros Produtos Que Atuam Sobre O Sistema Nervoso,Cloridrato De Memantina,Eurofarma Laboratorios S.A.
Kamppi,Similar,Outros Produtos Que Atuam Sobre O Sistema Nervoso,Cloridrato De Memantina,Biolab Sanus Farmaceutica Ltda
Maizher,Similar,Outros Produtos Que Atuam Sobre O Sistema Nervoso,Cloridrato De Memantina,Prati Donaduzzi & Cia Ltda
Mealz,Similar,Outros Produtos Que Atuam Sobre O Sistema Nervoso,Cloridrato De Memantina,Torrent Do Brasil Ltda
Memorall,Similar,Outros Produtos Que Atuam Sobre O Sistema Nervoso,Cloridrato De Memantina,Laboratorio Teuto Brasileiro S/A
Tebbe,Similar,Outros Produtos Que Atuam Sobre O Sistema Nervoso,Cloridrato De Memantina,Sanofi Medley Farmaceutica Ltda.
Zider,Similar,Outros Produtos Que Atuam Sobre O Sistema Nervoso,Cloridrato De Memantina,Libbs Farmaceutica Ltda
Cogniva,Similar,Outros Produtos Que Atuam Sobre O Sistema Nervoso,Hemitartarato De Rivastigmina,Cristalia Produtos Quimicos Farmaceuticos Ltda.
Vastigma,Similar,Outros Produtos Que Atuam Sobre O Sistema Nervoso,Hemitartarato De Rivastigmina,Ems Sigma Pharma Ltda
Vivencia,Similar,Outros Produtos Que Atuam Sobre O Sistema Nervoso,Hemitartarato De Rivastigmina,Ache Laboratorios Farmaceuticos S.A
Galamer,Similar,Outros Produtos Que Atuam Sobre O Sistema Nervoso,Hidrobrometo De Galantamina,Sun Farmaceutica Do Brasil Ltda
Rivastelon,Similar,Outros Produtos Que Atuam Sobre O Sistema Nervoso,Hidrogenotartarato De Rivastigmina,Geolab Industria Farmaceutica S/A
Durivast,Similar,Outros Produtos Que Atuam Sobre O Sistema Nervoso,"Hidrogenotartarato De Rivastigmina, Rivastigmina",United Medical Ltda
Lfm-Riluzol,Similar,Outros Produtos Que Atuam Sobre O Sistema Nervoso,Riluzol,Laboratorio Farmaceutico Da Marinha
Zolcris,Similar,Outros Produtos Que Atuam Sobre O Sistema Nervoso,Riluzol,Cristalia Produtos Quimicos Farmaceuticos Ltda.
Rivazich,Similar,Outros Produtos Que Atuam Sobre O Sistema Nervoso,Rivastigmina,Adium S.A.
Vivencia Patch,Similar,Outros Produtos Que Atuam Sobre O Sistema Nervoso,Rivastigmina,Ache Laboratorios Farmaceuticos S.A
Cognen,Similar,Outros Produtos Que Atuam Sobre O Sistema Nervoso,Vimpocetina,"Droxter Industria, Comercio E Participacoes Ltda"
Apluc,Similar,Penicilina De Amplo Espectro,Amoxicilina,Prati Donaduzzi & Cia Ltda
Amox-Ems,Similar,Penicilina De Amplo Espectro,Amoxicilina Tri-Hidratada,Ems S/A
Apluc,Similar,Penicilina De Amplo Espectro,Amoxicilina Tri-Hidratada,Prati Donaduzzi & Cia Ltda
Ocylin,Similar,Penicilina De Amplo Espectro,Amoxicilina Tri-Hidratada,Multilab Industria E Comercio De Produtos Farmaceuticos Ltda
Polimoxil,Similar,Penicilina De Amplo Espectro,Amoxicilina Tri-Hidratada,Legrand Pharma Industria Farmaceutica Ltda
Sinot,Similar,Penicilina De Amplo Espectro,Amoxicilina Tri-Hidratada,Eurofarma Laboratorios S.A.
Velamox,Similar,Penicilina De Amplo Espectro,Amoxicilina Tri-Hidratada,Ems Sigma Pharma Ltda
Velamox Bd,Similar,Penicilina De Amplo Espectro,Amoxicilina Tri-Hidratada,Ems Sigma Pharma Ltda
Amoximed,Similar,Penicilina De Amplo Espectro,Amoxicilina Trihidratada,Cimed Industria S.A
Furp - Amoxicilina,Similar,Penicilina De Amplo Espectro,"Amoxicilina, Amoxicilina Trihidratada",Fundacao Para O Remedio Popular - Furp
Amplacilina,Similar,Penicilina De Amplo Espectro,"Ampicilina Anidra, Ampicilina Sodica",Eurofarma Laboratorios S.A.
Cilinon,Similar,Penicilina De Amplo Espectro,Ampicilina Sodica,Blau Farmaceutica S.A.
Ampicilab,Similar,Penicilina De Amplo Espectro,"Ampicilina, Ampicilina Anidra",Multilab Industria E Comercio De Produtos Farmaceuticos Ltda
Penkaron,Similar,Penicilina G E Derivados (Benzilpenicilinas),"Benzilpenicilina Procaina, Benzilpenicilina Potassica",Blau Farmaceutica S.A.
Furp-Benzilpenicilina Benzatina,Similar,Penicilina G E Derivados (Benzilpenicilinas),Benzilpenicilina Benzatina,Fundacao Para O Remedio Popular - Furp
Bepeben,Similar,Penicilina G E Derivados (Benzilpenicilinas),"Benzilpenicilina Benzatina, Penicilina G Benzatina",Laboratorio Teuto Brasileiro S/A
Aricilina,Similar,Penicilina G E Derivados (Benzilpenicilinas),Benzilpenicilina Potassica,Blau Farmaceutica S.A.
Cristacilina,Similar,Penicilina G E Derivados (Benzilpenicilinas),Benzilpenicilina Potassica,Newcom Farmaceutica Ltda.
Benzapen G,Similar,Penicilina G E Derivados (Benzilpenicilinas),Benzilpenicilina Procaina,Laboratorio Teuto Brasileiro S/A
Furp-Benzilpenicilina Procaina + Benzilpenicilina Potassica,Similar,Penicilina G E Derivados (Benzilpenicilinas),"Benzilpenicilina Procaina, Benzilpenicilina Potassica",Fundacao Para O Remedio Popular - Furp
Wonilin,Similar,Penicilina G E Derivados (Benzilpenicilinas),"Benzilpenicilina Procaina, Benzilpenicilina Potassica",Newcom Farmaceutica Ltda.
Oxanon,Similar,Penicilinas Penicilinase-Resistentes,Oxacilina Sodica,Blau Farmaceutica S.A.
Piperazam,Similar,Penicilinas Penicilinase-Resistentes,"Piperacilina Sodica, Tazobactam",Blau Farmaceutica S.A.
Pipta,Similar,Penicilinas Penicilinase-Resistentes,"Piperacilina Sodica, Tazobactam Sodico",Laboratorio Teuto Brasileiro S/A
Pype,Similar,Penicilinas Penicilinase-Resistentes,"Piperacilina Sodica, Tazobactam Sodico",Instituto Biochimico Industria Farmaceutica Ltda
Tazomaz,Similar,Penicilinas Penicilinase-Resistentes,"Piperacilina Sodica, Tazobactam Sodico",Uniao Quimica Farmaceutica Nacional S/A
Bupnal,Similar,"Preparacoes Antiobesidade, Excluindo Produtos Dieteticos","Cloridrato De Bupropiona, Cloridrato De Naltrexona Di-Hidratado",Supera Farma Laboratorios S.A
Reduxalt,Similar,"Preparacoes Antiobesidade, Excluindo Produtos Dieteticos","Cloridrato De Bupropiona, Cloridrato De Naltrexona Di-Hidratado",Eurofarma Laboratorios S.A.
Sliv,Similar,"Preparacoes Antiobesidade, Excluindo Produtos Dieteticos","Cloridrato De Bupropiona, Cloridrato De Naltrexona Di-Hidratado",Eurofarma Laboratorios S.A.
Tocynae,Similar,"Preparacoes Hormonais Para Uso Sistemico, Excluindo Hormonios Sexuais E Insulinas",Carbetocina,Laboratorios Ferring Ltda
Bio - Vagin,Similar,Produtos Ginecologicos Topicos,"Benzoilmetronidazol, Nistatina, Cloreto De Benzalconio",Adium S.A.
Fungitrin,Similar,Prods  Ginecologicos Antinfecc  Topicos Assoc  Medicamentosas,"Cloridrato De Tetraciclina, Anfotericina B",Vitamedic Industria Farmaceutica Ltda
Tericin At,Similar,Prods  Ginecologicos Antinfecc  Topicos Assoc  Medicamentosas,"Cloridrato De Tetraciclina, Anfotericina B",Arese Pharma Ltda.
Trivagel N,Similar,Prods  Ginecologicos Antinfecc  Topicos Assoc  Medicamentosas,"Dexametasona, Nistatina, Sulfato De Neomicina",Marjan Industria E Comercio Ltda
Trinodazol Nistatina,Similar,Produtos Ginecologicos Antiinfecciosos Topicos Associacao Medicamentosa,"Metronidazol, Nistatina",Geolab Industria Farmaceutica S/A
Amplium G,Similar,Prods  Ginecologicos Antinfecc  Topicos Assoc  Medicamentosas,"Nitrato De Miconazol, Tinidazol",Cosmed Industria De Cosmeticos E Medicamentos S.A.
Tiotrax,Similar,Prods  Ginecologicos Antinfecc  Topicos Assoc  Medicamentosas,"Tinidazol, Tioconazol",Ems S/A
Gynben,Similar,Prods  Ginecologicos Antinfecc  Topicos Assoc  Medicamentosas,"Tioconazol, Tinidazol",Belfar Ltda
Gynomax,Similar,Prods  Ginecologicos Antinfecc  Topicos Assoc  Medicamentosas,"Tioconazol, Tinidazol",Farmoquimica S/A
Takil,Similar,Prods  Ginecologicos Antinfecc  Topicos Assoc  Medicamentosas,"Tioconazol, Tinidazol",Marjan Industria E Comercio Ltda
Trivifeme,Similar,Prods  Ginecologicos Antinfecc  Topicos Assoc  Medicamentosas,"Tioconazol, Tinidazol",Marjan Industria E Comercio Ltda
Decongex Plus,Similar,Produto P.Terapia Sintomatica Da Gripe,"Cloridrato De Fenilefrina, Maleato De Bronfeniramina",Ache Laboratorios Farmaceuticos S.A
Nasaliv,Similar,Produto P.Terapia Sintomatica Da Gripe,"Cloridrato De Fenilpropanolamina, Paracetamol, Cloridrato De Fenilefrina, Maleato De Carbinoxamina",Uniao Quimica Farmaceutica Nacional S/A
Bialerge,Similar,Produto P.Terapia Sintomatica Da Gripe,"Maleato De Bronfeniramina, Cloridrato De Fenilefrina",Laboratorio Farmaceutico Elofar Ltda
Biogripe,Similar,Analgesicos Nao Narcoticos,"Paracetamol, Cloridrato De Fenilefrina, Maleato De Carbinoxamina",Uniao Quimica Farmaceutica Nacional S/A
Perfenol Multi,Similar,Analgesicos Nao Narcoticos,"Paracetamol, Cloridrato De Fenilefrina, Maleato De Carbinoxamina",Uniao Quimica Farmaceutica Nacional S/A
Emsfeb Efe,Similar,Produto P.Terapia Sintomatica Da Gripe,"Paracetamol, Cloridrato De Pseudoefedrina",Ems S/A
Resfegripe Sinus,Similar,Produto P.Terapia Sintomatica Da Gripe,"Paracetamol, Cloridrato De Pseudoefedrina",Multilab Industria E Comercio De Produtos Farmaceuticos Ltda
Gripalce,Similar,Produto P.Terapia Sintomatica Da Gripe,"Paracetamol, Maleato De Clorfenamina, Maleato De Clorfeniramina, Cloridrato De Fenilefrina",Brasterapica Pharmaceutica Ltda.
Gripeol,Similar,Produto P.Terapia Sintomatica Da Gripe,"Paracetamol, Maleato De Clorfenamina, Maleato De Clorfeniramina, Cloridrato De Fenilefrina",Cifarma Cientifica Farmaceutica Ltda
Gripen F,Similar,Produto P.Terapia Sintomatica Da Gripe,"Paracetamol, Maleato De Clorfeniramina, Cloridrato De Fenilefrina",
Multigrip Mix,Similar,Produto P.Terapia Sintomatica Da Gripe,"Paracetamol, Maleato De Clorfeniramina, Cloridrato De Fenilefrina",Multilab Industria E Comercio De Produtos Farmaceuticos Ltda
Onegripe,Similar,Produto P.Terapia Sintomatica Da Gripe,"Paracetamol, Maleato De Clorfeniramina, Cloridrato De Fenilefrina",1Farma Industria Farmaceutica Ltda
Paragripe,Similar,Produto P.Terapia Sintomatica Da Gripe,"Paracetamol, Maleato De Clorfeniramina, Cloridrato De Fenilefrina",Natulab Laboratorio S.A
Resfegripe,Similar,Produto P.Terapia Sintomatica Da Gripe,"Paracetamol, Maleato De Clorfeniramina, Cloridrato De Fenilefrina",
Resfriliv,Similar,Produto P.Terapia Sintomatica Da Gripe,"Paracetamol, Maleato De Clorfeniramina, Cloridrato De Fenilefrina",Geolab Industria Farmaceutica S/A
Resfryneo,Similar,Produto P.Terapia Sintomatica Da Gripe,"Paracetamol, Maleato De Clorfeniramina, Cloridrato De Fenilefrina",Brainfarma Industria Quimica E Farmaceutica S.A
Tyflengripe,Similar,Produto P.Terapia Sintomatica Da Gripe,"Paracetamol, Maleato De Clorfeniramina, Cloridrato De Fenilefrina",Brasterapica Pharmaceutica Ltda.
Diclin,Similar,Estrogenos Assocs  A Outros Farmacos Exclusive Androgenos,"Acetato De Ciproterona, Etinilestradiol",Merck S/A
Aczeo,Similar,Produtos Anti-Acne,Acido Azelaico,Brainfarma Industria Quimica E Farmaceutica S.A
Zella,Similar,Produtos Anti-Acne,Acido Azelaico,Cosmed Industria De Cosmeticos E Medicamentos S.A.
Adacne,Similar,Produtos Anti-Acne,Adapaleno,Cosmed Industria De Cosmeticos E Medicamentos S.A.
Belpele,Similar,Produtos Anti-Acne,Adapaleno,Farmoquimica S/A
Adacne Perox,Similar,Produtos Anti-Acne,"Adapaleno, Peroxido De Benzoila",Cosmed Industria De Cosmeticos E Medicamentos S.A.
Adazo,Similar,Produtos Anti-Acne,"Adapaleno, Peroxido De Benzoila",Libbs Farmaceutica Ltda
Acnova,Similar,Produtos Anti-Acne,Isotretinoina,Germed Farmaceutica Ltda
Amalfi,Similar,Produtos Anti-Acne,Isotretinoina,Eurofarma Laboratorios S.A.
Isoac,Similar,Produtos Anti-Acne,Isotretinoina,Cosmed Industria De Cosmeticos E Medicamentos S.A.
Ison,Similar,Produtos Anti-Acne,Isotretinoina,Uniao Quimica Farmaceutica Nacional S/A
Vitacid,Similar,Produtos Anti-Acne,"Tretinoina, Acido Retinoico",Theraskin Farmaceutica Ltda.
Colpist Mt,Similar,Produtos Ginecologicos Topicos,"Benzoilmetronidazol, Nistatina, Cloreto De Benzalconio",Arese Pharma Ltda.
Colpatrin,Similar,Produtos Ginecologicos Antiinfecciosos Topicos Associacao Medicamentosa,"Metronidazol, Nistatina, Ureia, Cloreto De Benzalconio",Laboratorio Teuto Brasileiro S/A
Crevagin,Similar,Produtos Ginecologicos Antiinfecciosos Topicos Associacao Medicamentosa,"Tinidazol, Nitrato De Miconazol",Eurofarma Laboratorios S.A.
Tinin,Similar,Prods  Ginecologicos Antinfecc  Topicos Assoc  Medicamentosas,"Tioconazol, Tinidazol",Geolab Industria Farmaceutica S/A
Tricomax,Similar,Produtos Ginecologicos Antinfecciosos Topicos Simples,"Metronidazol, Nistatina, Cloridrato De Lisozima, Ureia, Cloreto De Benzalconio",Cazi Quimica Farmaceutica Industria E Comercio Ltda
Colpistatin,Similar,Produtos Ginecologicos Topicos,"Benzoilmetronidazol, Nistatina, Cloreto De Benzalconio",Ache Laboratorios Farmaceuticos S.A
Passaja,Similar,Produtos Odontologicos,"Cloridrato De Procaina, Timol, Mentol, Canfora",Farmabraz Beta Atalaia Farmaceutica Ltda.
Lipiodol Uf,Similar,Produtos Para Diagnostico Por Imagem,Esteres Etilicos Dos Acidos Graxos Do Oleo De Papoula Iodados,Guerbet Imagem Do Brasil Ltda
Neopiridin,Similar,Produtos Para Orofaringe,"Benzocaina, Cloreto De Cetilpiridinio",Brainfarma Industria Quimica E Farmaceutica S.A
Angino Rub,Similar,Antinflamatorios,Cloridrato De Benzidamina,Eurofarma Laboratorios S.A.
Pastilhas Cepacol,Similar,Antinflamatorios,Cloridrato De Benzidamina,Cosmed Industria De Cosmeticos E Medicamentos S.A.
Tabs,Similar,Antinflamatorios,Cloridrato De Benzidamina,Brainfarma Industria Quimica E Farmaceutica S.A
Benatux,Similar,Produtos Para Orofaringe,"Cloridrato De Difenidramina, Cloreto De Amonio, Citrato De Sodio, Citrato De Sodio Di-Hidratado",Cifarma Cientifica Farmaceutica Ltda
Aftine,Similar,Produtos Para Orofaringe,"Sulfato De Neomicina, Tartarato De Bismuto E Sodio, Mentol, Cloridrato De Procaina",Cifarma Cientifica Farmaceutica Ltda
Amome,Similar,Produtos Para Terapia Nasal De Acao Especifica,Furoato De Mometasona Monoidratado,Cosmed Industria De Cosmeticos E Medicamentos S.A.
Momate,Similar,Produtos Para Terapia Nasal De Acao Especifica,Furoato De Mometasona Monoidratado,Glenmark Farmaceutica Ltda
Monax,Similar,Produtos Para Terapia Nasal De Acao Especifica,Furoato De Mometasona Monoidratado,Eurofarma Laboratorios S.A.
Ventus,Similar,Produtos Para Terapia Nasal De Acao Especifica,Furoato De Mometasona Monoidratado,Eurofarma Laboratorios S.A.
Nites,Similar,Produtos Para Terapia Nasal De Acao Especifica,"Furoato De Mometasona, Furoato De Mometasona Monoidratado",Organon Farmaceutica Ltda.
Drenogrip,Similar,Produtos Para Terapia Sintomatica Da Gripe,"Cafeina, Dipirona, Acido Acetilsalicilico, Maleato De Clorfeniramina, Salicilamida",Belfar Ltda
Apracur Duo,Similar,Produtos Para Terapia Sintomatica Da Gripe,"Cafeina, Maleato De Clorfeniramina, Dipirona Monoidratada",Cosmed Industria De Cosmeticos E Medicamentos S.A.
Neolefrin,Similar,Produtos Para Terapia Sintomatica Da Gripe,"Cloridrato De Fenilefrina, Paracetamol, Maleato De Carbinoxamina",Brainfarma Industria Quimica E Farmaceutica S.A
Gripinew,Similar,Produtos Para Terapia Sintomatica Da Gripe,"Dipirona Monoidratada, Cafeina Anidra, Maleato De Clorfenamina",Medquimica Industria Farmaceutica Ltda.
Agiigrip Duo,Similar,Produtos Para Terapia Sintomatica Da Gripe,"Dipirona Monoidratada, Cafeina, Maleato De Clorfeniramina",Pharlab Industria Farmaceutica S.A.
Benegrip Multi Noite,Similar,Analgesicos Nao Narcoticos,"Paracetamol, Cloridrato De Fenilefrina, Maleato De Carbinoxamina",Cosmed Industria De Cosmeticos E Medicamentos S.A.
Coristina D Solucao,Similar,Analgesicos Nao Narcoticos,"Paracetamol, Cloridrato De Fenilefrina, Maleato De Carbinoxamina",Cosmed Industria De Cosmeticos E Medicamentos S.A.
Fluviral Noite,Similar,Analgesicos Nao Narcoticos,"Paracetamol, Cloridrato De Fenilefrina, Maleato De Carbinoxamina",Cosmed Industria De Cosmeticos E Medicamentos S.A.
Cimegripe,Similar,Produtos Para Terapia Sintomatica Da Gripe,"Paracetamol, Cloridrato De Fenilefrina, Maleato De Clorfenamina, Maleato De Clorfeniramina",Cimed Industria S.A
Resfenol,Similar,Produtos Para Terapia Sintomatica Da Gripe,"Paracetamol, Maleato De Clorfenamina, Cloridrato De Fenilefrina",Kley Hertz Farmaceutica S.A
Stilgrip,Similar,Produtos Para Terapia Sintomatica Da Gripe,"Paracetamol, Maleato De Clorfenamina, Cloridrato De Fenilefrina",Kley Hertz Farmaceutica S.A
Resfedryl,Similar,Produto P.Terapia Sintomatica Da Gripe,"Paracetamol, Maleato De Clorfenamina, Maleato De Clorfeniramina, Cloridrato De Fenilefrina",Pharmascience Industria Farmaceutica S.A
Biogripe,Similar,Produto P.Terapia Sintomatica Da Gripe,"Paracetamol, Maleato De Clorfeniramina, Cloridrato De Fenilefrina",Uniao Quimica Farmaceutica Nacional S/A
Cimegripe,Similar,Produto P.Terapia Sintomatica Da Gripe,"Paracetamol, Maleato De Clorfeniramina, Cloridrato De Fenilefrina",Cimed Industria S.A
Decongex Gripe,Similar,Produto P.Terapia Sintomatica Da Gripe,"Paracetamol, Maleato De Clorfeniramina, Cloridrato De Fenilefrina",Ache Laboratorios Farmaceuticos S.A
Multigrip,Similar,Produto P.Terapia Sintomatica Da Gripe,"Paracetamol, Maleato De Clorfeniramina, Cloridrato De Fenilefrina",Multilab Industria E Comercio De Produtos Farmaceuticos Ltda
Next,Similar,Produto P.Terapia Sintomatica Da Gripe,"Paracetamol, Maleato De Clorfeniramina, Cloridrato De Fenilefrina",Uniao Quimica Farmaceutica Nacional S/A
Perfenol,Similar,Produto P.Terapia Sintomatica Da Gripe,"Paracetamol, Maleato De Clorfeniramina, Cloridrato De Fenilefrina",Uniao Quimica Farmaceutica Nacional S/A
V-Gripe,Similar,Produto P.Terapia Sintomatica Da Gripe,"Paracetamol, Maleato De Clorfeniramina, Cloridrato De Fenilefrina",Eurofarma Laboratorios S.A.
Vick Pyrena Grip – 7,Similar,Produto P.Terapia Sintomatica Da Gripe,"Paracetamol, Maleato De Clorfeniramina, Cloridrato De Fenilefrina",Procter & Gamble Do Brasil Ltda.
Contracep,Similar,Progestagenos Simples,Acetato De Medroxiprogesterona,Germed Farmaceutica Ltda
Demedrox,Similar,Progestagenos Simples,Acetato De Medroxiprogesterona,Uniao Quimica Farmaceutica Nacional S/A
Alandre,Similar,Progestagenos Simples,Dienogeste,Legrand Pharma Industria Farmaceutica Ltda
Alluny,Similar,Progestagenos Simples,Dienogeste,Myralis Industria Farmaceutica Ltda
Alurax,Similar,Progestagenos Simples,Dienogeste,Eurofarma Laboratorios S.A.
Dinora,Similar,Progestagenos Simples,Dienogeste,Multilab Industria E Comercio De Produtos Farmaceuticos Ltda
Diost,Similar,Progestagenos Simples,Dienogeste,Myralis Industria Farmaceutica Ltda
Intime,Similar,Progestagenos Simples,Dienogeste,Biolab Sanus Farmaceutica Ltda
Kalist,Similar,Progestagenos Simples,Dienogeste,Ache Laboratorios Farmaceuticos S.A
Ludili Ed,Similar,Progestagenos Simples,Dienogeste,Ems S/A
Lurend,Similar,Progestagenos Simples,Dienogeste,Myralis Industria Farmaceutica Ltda
Pietra Ed,Similar,Progestagenos Simples,Dienogeste,Eurofarma Laboratorios S.A.
Gynpro,Similar,Progestagenos Simples,Progesterona,Exeltis Laboratorio Farmaceutico Ltda
Junno,Similar,Progestagenos Simples,Progesterona,Farmoquimica S/A
Propess,Similar,Prostaglandinas,Dinoprostona,Laboratorios Ferring Ltda
Arulatan,Similar,Prostaglandinas,Latanoprosta,Bl Industria Otica Ltda
Drenatan,Similar,Prostaglandinas,Latanoprosta,Germed Farmaceutica Ltda
Nolaprost,Similar,Prostaglandinas,Latanoprosta,Legrand Pharma Industria Farmaceutica Ltda
Tivefree,Similar,Prostaglandinas,Latanoprosta,Ache Laboratorios Farmaceuticos S.A
Xaloftal,Similar,Prostaglandinas,Latanoprosta,Geolab Industria Farmaceutica S/A
Xalanoft,Similar,Antiglaucomatosos,"Latanoprosta, Maleato De Timolol",Geolab Industria Farmaceutica S/A
Attenze,Similar,Psicoanaleticos,Cloridrato De Metilfenidato,Eurofarma Laboratorios S.A.
Medato,Similar,Psicoanaleticos,Cloridrato De Metilfenidato,Eurofarma Laboratorios S.A.
Tedeaga,Similar,Psicoanaleticos,Cloridrato De Metilfenidato,Legrand Pharma Industria Farmaceutica Ltda
Lysdexa,Similar,Psicoanaleticos,Dimesilato De Lisdexanfetamina,Libbs Farmaceutica Ltda
Consiv,Similar,Psicoanaleticos,Cloridrato De Metilfenidato,Adium S.A.
Foq Xr,Similar,Psicoanaleticos,Cloridrato De Metilfenidato,Cosmed Industria De Cosmeticos E Medicamentos S.A.
Ragione,Similar,Psicoanaleticos,Cloridrato De Metilfenidato,Teva Farmaceutica Ltda.
Deksa,Similar,Psicoanaleticos,Dimesilato De Lisdexanfetamina,Supera Farma Laboratorios S.A
Dexxah,Similar,Psicoanaleticos,Dimesilato De Lisdexanfetamina,Pharlab Industria Farmaceutica S.A.
Juneve,Similar,Psicoanaleticos,Dimesilato De Lisdexanfetamina,Takeda Pharma Ltda.
Lidexor,Similar,Psicoanaleticos,Dimesilato De Lisdexanfetamina,Germed Farmaceutica Ltda
Lidexor Gotas,Similar,Psicoanaleticos,Dimesilato De Lisdexanfetamina,Germed Farmaceutica Ltda
Lind,Similar,Psicoanaleticos,Dimesilato De Lisdexanfetamina,Eurofarma Laboratorios S.A.
Lisdev,Similar,Psicoanaleticos,Dimesilato De Lisdexanfetamina,Eurofarma Laboratorios S.A.
Lisvenx,Similar,Psicoanaleticos,Dimesilato De Lisdexanfetamina,Pharlab Industria Farmaceutica S.A.
Lyberdia,Similar,Psicoanaleticos,Dimesilato De Lisdexanfetamina,Ems S/A
Monitum,Similar,Psicoanaleticos,Dimesilato De Lisdexanfetamina,Teva Farmaceutica Ltda.
Vimade,Similar,Psicoanaleticos,Dimesilato De Lisdexanfetamina,Adium S.A.
Tracur,Similar,Relaxantes Musculares Centrais Simples,Besilato De Atracurio,Cristalia Produtos Quimicos Farmaceuticos Ltda.
Tandene,Similar,Relaxantes Musculares,"Carisoprodol, Diclofenaco De Sodio, Paracetamol, Cafeina",Cellera Farmaceutica S.A.
Tanderalgin,Similar,Relaxantes Musculares,"Carisoprodol, Diclofenaco De Sodio, Paracetamol, Cafeina",Cellera Farmaceutica S.A.
Tandrilax,Similar,Relaxantes Musculares,"Carisoprodol, Diclofenaco De Sodio, Paracetamol, Cafeina",Ache Laboratorios Farmaceuticos S.A
Trimusk,Similar,Relaxantes Musculares,"Carisoprodol, Diclofenaco De Sodio, Paracetamol, Cafeina",Eurofarma Laboratorios S.A.
Benziflex,Similar,Relaxantes Musculares,Cloridrato De Ciclobenzaprina,Ems S/A
Cizax,Similar,Relaxantes Musculares,Cloridrato De Ciclobenzaprina,Cosmed Industria De Cosmeticos E Medicamentos S.A.
Miebra,Similar,Relaxantes Musculares,Cloridrato De Ciclobenzaprina,Geolab Industria Farmaceutica S/A
Miofibrax,Similar,Relaxantes Musculares,Cloridrato De Ciclobenzaprina,Legrand Pharma Industria Farmaceutica Ltda
Miomusc,Similar,Relaxantes Musculares,Cloridrato De Ciclobenzaprina,Vitamedic Industria Farmaceutica Ltda
Mirtax,Similar,Relaxantes Musculares,Cloridrato De Ciclobenzaprina,Ache Laboratorios Farmaceuticos S.A
Musculare,Similar,Relaxantes Musculares,Cloridrato De Ciclobenzaprina,Eurofarma Laboratorios S.A.
Muscusan,Similar,Relaxantes Musculares,Cloridrato De Ciclobenzaprina,Germed Farmaceutica Ltda
Baclofen,Similar,Relaxantes Musculares Centrais Simples,Baclofeno,Laboratorio Teuto Brasileiro S/A
Baclon,Similar,Relaxantes Musculares Centrais Simples,Baclofeno,Uniao Quimica Farmaceutica Nacional S/A
Dipbe Flex,Similar,Relaxantes Musculares Centrais-Associacoes Medicamentosas,"Dipirona Monoidratada, Cafeina Anidra, Citrato De Orfenadrina",Kymberg Farmaceutica Do Brasil Ltda
Relaxmed,Similar,Relaxantes Musculares Centrais-Associacoes Medicamentosas,"Dipirona Monoidratada, Cafeina Anidra, Citrato De Orfenadrina",1Farma Industria Farmaceutica Ltda
Nevralgex,Similar,Relaxantes Musculares Centrais Simples,"Dipirona, Dipirona Monoidratada, Cafeina Anidra, Citrato De Orfenadrina",Cimed Industria S.A
Sedalex,Similar,Relaxantes Musculares Centrais-Associacoes Medicamentosas,"Citrato De Orfenadrina, Dipirona Monoidratada, Cafeina, Cafeina Anidra",Laboratorio Teuto Brasileiro S/A
Fenaflex - Odc,Similar,Relaxantes Musculares Centrais-Associacoes Medicamentosas,"Citrato De Orfenadrina, Dipirona, Cafeina",Pharlab Industria Farmaceutica S.A.
Ana - Flex,Similar,Relaxantes Musculares Centrais-Associacoes Medicamentosas,"Citrato De Orfenadrina, Dipirona, Cafeina Anidra",Cristalia Produtos Quimicos Farmaceuticos Ltda.
Dortrirelax,Similar,Relaxantes Musculares Centrais-Associacoes Medicamentosas,"Citrato De Orfenadrina, Dipirona, Cafeina Anidra",Pharmascience Industria Farmaceutica S.A
Doricin,Similar,Relaxantes Musculares Centrais-Associacoes Medicamentosas,"Citrato De Orfenadrina, Dipirona, Dipirona Monoidratada, Cafeina, Cafeina Anidra",Ems S/A
Dorciflexin,Similar,Relaxantes Musculares Centrais-Associacoes Medicamentosas,"Dipirona Monoidratada, Citrato De Orfenadrina, Cafeina Anidra",Cifarma Cientifica Farmaceutica Ltda
Flexmuscular,Similar,Relaxantes Musculares Centrais-Associacoes Medicamentosas,"Dipirona Monoidratada, Citrato De Orfenadrina, Cafeina Anidra",Cosmed Industria De Cosmeticos E Medicamentos S.A.
Miorrelax,Similar,Relaxantes Musculares Centrais-Associacoes Medicamentosas,"Dipirona Monoidratada, Citrato De Orfenadrina, Cafeina Anidra",Brainfarma Industria Quimica E Farmaceutica S.A
Neosaldina Muscular,Similar,Relaxantes Musculares Centrais-Associacoes Medicamentosas,"Dipirona Monoidratada, Citrato De Orfenadrina, Cafeina Anidra",Cosmed Industria De Cosmeticos E Medicamentos S.A.
Dorilax Dt,Similar,Relaxantes Musculares Centrais-Associacoes Medicamentosas,"Paracetamol, Cafeina Anidra, Citrato De Orfenadrina",Ache Laboratorios Farmaceuticos S.A
Rifotrat,Similar,Rifampicinas,Rifamicina,Natulab Laboratorio S.A
Rifasan,Similar,Antibacteriano,Rifamicina Sv Sodica,Ems S/A
Furp-Rifampicina,Similar,Rifampicinas,Rifampicina,Fundacao Para O Remedio Popular - Furp
Rifampicina,Similar,Rifampicinas,Rifampicina,Laboratorio Quimico Farmaceutico Do Exercito
Sulfazina,Similar,Sulfas Simples,Sulfadiazina,Theodoro F Sobral & Cia Ltda
Furp - Sulfadiazina,Similar,Sulfas Simples,Sulfadiazina,Fundacao Para O Remedio Popular - Furp
Acezo,Similar,Supressores Da Reabsorcao Ossea,Acido Zoledronico Monoidratado,Cristalia Produtos Quimicos Farmaceuticos Ltda.
Densis,Similar,Supressores Da Reabsorcao Ossea,Acido Zoledronico Monoidratado,Eurofarma Laboratorios S.A.
Dronik,Similar,Supressores Da Reabsorcao Ossea,Acido Zoledronico Monoidratado,Eurofarma Laboratorios S.A.
Minusorb,Similar,Supressores Da Reabsorcao Ossea,Alendronato De Sodio,Belfar Ltda
Osteofar,Similar,Supressores Da Reabsorcao Ossea,Alendronato De Sodio,Laboratorio Farmaceutico Elofar Ltda
Ostrazil,Similar,Supressores Da Reabsorcao Ossea,Alendronato De Sodio,Laboratorio Teuto Brasileiro S/A
Bonagran,Similar,Supressores Da Reabsorcao Ossea,Alendronato De Sodio Tri-Hidratado,Legrand Pharma Industria Farmaceutica Ltda
Ledar,Similar,Supressores Da Reabsorcao Ossea,Alendronato De Sodio Tri-Hidratado,Ache Laboratorios Farmaceuticos S.A
Osteoform,Similar,Supressores Da Reabsorcao Ossea,Alendronato De Sodio Tri-Hidratado,Ems Sigma Pharma Ltda
Alendil,Similar,Supressores Da Reabsorcao Ossea,Alendronato Sodico Trihidratado,Farmoquimica S/A
Endrostan,Similar,Supressores Da Reabsorcao Ossea,"Alendronato Sodico Trihidratado, Alendronato De Sodio",Cellera Farmaceutica S.A.
Ralxfem,Similar,Supressores Da Reabsorcao Ossea,Cloridrato De Raloxifeno,Blanver Farmoquimica E Farmaceutica S.A.
Afrat,Similar,Supressores Da Reabsorcao Ossea,Ibandronato De Sodio,Cristalia Produtos Quimicos Farmaceuticos Ltda.
Sintezys,Similar,Supressores Da Reabsorcao Ossea,Ibandronato De Sodio,Biolab Sanus Farmaceutica Ltda
Edifican,Similar,Supressores Da Reabsorcao Ossea,Ibandronato De Sodio Monoidratado,Ache Laboratorios Farmaceuticos S.A
Iban,Similar,Supressores Da Reabsorcao Ossea,Ibandronato De Sodio Monoidratado,Eurofarma Laboratorios S.A.
Iband,Similar,Supressores Da Reabsorcao Ossea,Ibandronato De Sodio Monoidratado,Legrand Pharma Industria Farmaceutica Ltda
Ibaness,Similar,Supressores Da Reabsorcao Ossea,Ibandronato De Sodio Monoidratado,Ems S/A
Ibanuno,Similar,Supressores Da Reabsorcao Ossea,Ibandronato De Sodio Monoidratado,Supera Farma Laboratorios S.A
Osbant,Similar,Supressores Da Reabsorcao Ossea,Ibandronato De Sodio Monoidratado,Multilab Industria E Comercio De Produtos Farmaceuticos Ltda
Osteoban,Similar,Supressores Da Reabsorcao Ossea,Ibandronato De Sodio Monoidratado,Ache Laboratorios Farmaceuticos S.A
Osteotec,Similar,Supressores Da Reabsorcao Ossea,Ibandronato De Sodio Monoidratado,Adium S.A.
Melidronato,Similar,Antineoplasico,Pamidronato Dissodico,Cipla Brasil Importadora E Distribuidora De Medicamentos Ltda
D’Orto,Similar,Supressores Da Reabsorcao Ossea,Risedronato Sodico,Eurofarma Laboratorios S.A.
Fixenato,Similar,Supressores Da Reabsorcao Ossea,Risedronato Sodico,Germed Farmaceutica Ltda
Indosso,Similar,Supressores Da Reabsorcao Ossea,Risedronato Sodico,Eurofarma Laboratorios S.A.
Osteoblock,Similar,Supressores Da Reabsorcao Ossea,Risedronato Sodico,Germed Farmaceutica Ltda
Osteotrat Xr,Similar,Supressores Da Reabsorcao Ossea,Risedronato Sodico,Ache Laboratorios Farmaceuticos S.A
Risedronel,Similar,Supressores Da Reabsorcao Ossea,Risedronato Sodico,Legrand Pharma Industria Farmaceutica Ltda
Risedross,Similar,Supressores Da Reabsorcao Ossea,Risedronato Sodico,Ems S/A
Risonato,Similar,Supressores Da Reabsorcao Ossea,Risedronato Sodico,Ems S/A
Osteotrat,Similar,Supressores Da Reabsorcao Ossea,Risedronato Sodico Hemipentaidratado,Ache Laboratorios Farmaceuticos S.A
Bac-Sulfitrin,Similar,Trimetoprima Em Associacao Com Sulfas,"Sulfametoxazol, Trimetoprima",Brainfarma Industria Quimica E Farmaceutica S.A
Bacfar,Similar,Trimetoprima Em Associacao Com Sulfas,"Sulfametoxazol, Trimetoprima",Laboratorio Farmaceutico Elofar Ltda
Bacteracin,Similar,Trimetoprima Em Associacao Com Sulfas,"Sulfametoxazol, Trimetoprima",Laboratorio Teuto Brasileiro S/A
Bacvax,Similar,Trimetoprima Em Associacao Com Sulfas,"Sulfametoxazol, Trimetoprima",Airela Industria Farmaceutica Ltda.
Belfactrim,Similar,Trimetoprima Em Associacao Com Sulfas,"Sulfametoxazol, Trimetoprima",Belfar Ltda
Benectrin,Similar,Trimetoprima Em Associacao Com Sulfas,"Sulfametoxazol, Trimetoprima",Legrand Pharma Industria Farmaceutica Ltda
Espectroprima,Similar,Trimetoprima Em Associacao Com Sulfas,"Sulfametoxazol, Trimetoprima",Prati Donaduzzi & Cia Ltda
Funed Sulfametoxazol + Trimetoprima,Similar,Trimetoprima Em Associacao Com Sulfas,"Sulfametoxazol, Trimetoprima",Fundacao Ezequiel Dias - Funed
Furp-Sulfametoxazol + Trimetoprima,Similar,Trimetoprima Em Associacao Com Sulfas,"Sulfametoxazol, Trimetoprima",Fundacao Para O Remedio Popular - Furp
Sipul,Similar,Trimetoprima Em Associacao Com Sulfas,"Sulfametoxazol, Trimetoprima",Prati Donaduzzi & Cia Ltda
Subtrax,Similar,Trimetoprima Em Associacao Com Sulfas,"Sulfametoxazol, Trimetoprima",Eurofarma Laboratorios S.A.
Taxbac,Similar,Trimetoprima Em Associacao Com Sulfas,"Sulfametoxazol, Trimetoprima",Vitamedic Industria Farmaceutica Ltda
Furp - Etambutol,Similar,Tuberculostaticos,"Cloridrato De Etambutol, Dicloridrato De Etambutol",Fundacao Para O Remedio Popular - Furp
Farmanguinhos - Etionamida,Similar,Tuberculostaticos,Etionamida,Fundacao Oswaldo Cruz
Farmanguinhos - Isoniazida,Similar,Tuberculostaticos,Isoniazida,Fundacao Oswaldo Cruz
Furp-Isoniazida,Similar,Tuberculostaticos,Isoniazida,Fundacao Para O Remedio Popular - Furp
Laqfa-Isoniazida,Similar,Tuberculostaticos,Isoniazida,Laboratorio Quimico Farmaceutico Da Aeronautica
Lfm - Isoniazida,Similar,Tuberculostaticos,Isoniazida,Laboratorio Farmaceutico Da Marinha
Furp- Pirazinamida,Similar,Tuberculostaticos,Pirazinamida,Fundacao Para O Remedio Popular - Furp
Laqfa Pirazinamida,Similar,Tuberculostaticos,Pirazinamida,Laboratorio Quimico Farmaceutico Da Aeronautica
Lfm - Pirazinamida,Similar,Tuberculostaticos,Pirazinamida,Laboratorio Farmaceutico Da Marinha
Isoniazida + Rifampicina,Similar,Tuberculostaticos,"Isoniazida, Rifampicina",Laboratorio Quimico Farmaceutico Do Exercito
Artisal,Similar,Unguentos Percutaneos E Inalantes,"Salicilato De Metila, Canfora, Mentol, Timol",Trb Pharma Industria Quimica E Farmaceutica Ltda
Inotropisa,Similar,Vasoconstritores E Hipertensores,Cloridrato De Dopamina,Hypofarma - Instituto De Hypodermia E Farmacia Ltda
Teudom,Similar,Vasoconstritores E Hipertensores,Cloridrato De Dopamina,Laboratorio Teuto Brasileiro S/A
Fenilefrin,Similar,Vasoconstritores E Hipertensores,Cloridrato De Fenilefrina,Cristalia Produtos Quimicos Farmaceuticos Ltda.
Efrinalin,Similar,Vasoconstritores E Hipertensores,Hemitartarato De Epinefrina,Blau Farmaceutica S.A.
Epikabi,Similar,Vasoconstritores E Hipertensores,Hemitartarato De Norepinefrina,Newcom Farmaceutica Ltda.
Noradrem,Similar,Vasoconstritores E Hipertensores,Hemitartarato De Norepinefrina,Hipolabor Farmaceutica Ltda
Unianora,Similar,Vasoconstritores E Hipertensores,Hemitartarato De Norepinefrina Monoidratada,Uniao Quimica Farmaceutica Nacional S/A
Fluxon,Similar,Vasodilatadores,Cinarizina,Brainfarma Industria Quimica E Farmaceutica S.A
Videnfil,Similar,Vasodilatadores,"Citrato De Sildenafil, Citrato De Sildenafila",Sandoz Do Brasil Industria Farmaceutica Ltda
Dejavu,Similar,Vasodilatadores,Citrato De Sildenafila,Eurofarma Laboratorios S.A.
Hazex,Similar,Vasodilatadores,Citrato De Sildenafila,Cimed Industria S.A
Sollevare,Similar,Vasodilatadores,Citrato De Sildenafila,Ems S/A
Viasil,Similar,Vasodilatadores,Citrato De Sildenafila,Laboratorio Teuto Brasileiro S/A
Tensuril,Similar,Vasodilatadores,Diazoxido,Cristalia Produtos Quimicos Farmaceuticos Ltda.
Belnoa,Similar,Vasodilatadores,Dicloridrato De Betaistina,Prati Donaduzzi & Cia Ltda
Prumo,Similar,Vasodilatadores,Dicloridrato De Betaistina,Zydus Nikkho Farmaceutica Ltda
Refig,Similar,Vasodilatadores,Dicloridrato De Betaistina,Farmoquimica S/A
Serc,Similar,Vasodilatadores,Dicloridrato De Betaistina,Abbott Laboratorios Do Brasil Ltda
Vitalia Xr,Similar,Vasodilatadores,Dicloridrato De Betaistina,Ache Laboratorios Farmaceuticos S.A
Vertizine D,Similar,Vasodilatadores,"Dicloridrato De Flufenazina, Dicloridrato De Flunarizina, Mesilato De Diidroergocristina",Ache Laboratorios Farmaceuticos S.A
Flunarin,Similar,Vasodilatadores,Dicloridrato De Flunarizina,Ache Laboratorios Farmaceuticos S.A
Vertigium,Similar,Vasodilatadores,Dicloridrato De Flunarizina,Brainfarma Industria Quimica E Farmaceutica S.A
Vertix,Similar,Vasodilatadores,Dicloridrato De Flunarizina,Ache Laboratorios Farmaceuticos S.A
Vertizan,Similar,Vasodilatadores,Dicloridrato De Flunarizina,Vitamedic Industria Farmaceutica Ltda
Coronar,Similar,Nitritos Nitratos E Semelhantes,Mononitrato De Isossorbida,Biolab Sanus Farmaceutica Ltda
Nitroprus,Similar,Vasodilatadores,Nitroprusseto De Sodio Di-Hidratado,Cristalia Produtos Quimicos Farmaceuticos Ltda.
Asap,Similar,Vasodilatadores,Tadalafila,Prati Donaduzzi & Cia Ltda
Hislafi,Similar,Vasodilatadores,Tadalafila,Multilab Industria E Comercio De Produtos Farmaceuticos Ltda
Lync,Similar,Vasodilatadores,Tadalafila,Laboratorios Baldacci Ltda
Nesta,Similar,Vasodilatadores,Tadalafila,Ache Laboratorios Farmaceuticos S.A
Tada,Similar,Vasodilatadores,Tadalafila,Eurofarma Laboratorios S.A.
Td Fila,Similar,Vasodilatadores,Tadalafila,1Farma Industria Farmaceutica Ltda
Zyad,Similar,Vasodilatadores,Tadalafila,Ache Laboratorios Farmaceuticos S.A
Inibina,Similar,Vasodilatadores Perifericos,Cloridrato De Isoxsuprina,Apsen Farmaceutica S/A
Dexador,Similar,Vitaminas Ou Minerais Associados A Outros Farmacos,"Cianocobalamina, Cloridrato De Piridoxina, Cloridrato De Tiamina, Nitrato De Tiamina, Fosfato De Dexametasona",Arese Pharma Ltda.
Dexamex,Similar,Glicocorticoides Sistemicos,"Acetato De Dexametasona, Dexametasona",Vitamedic Industria Farmaceutica Ltda
Ulctam,Similar,Antibioticos Sistemicos-Associacoes Medicamentosas,"Ampicilina Sodica, Sulbactam Sodico",Laboratorio Teuto Brasileiro S/A
Cedroxil,Similar,Cefalosporinas,Cefadroxila,Legrand Pharma Industria Farmaceutica Ltda
Artrinid,Similar,Antinflamatorios Antireumaticos,Cetoprofeno,Uniao Quimica Farmaceutica Nacional S/A
Andhora,Similar,Antidepressivos,Cloridrato De Trazodona,Zydus Nikkho Farmaceutica Ltda
Ornare,Similar,Antidepressivos,Cloridrato De Trazodona,Cosmed Industria De Cosmeticos E Medicamentos S.A.
Kelly,Similar,Anticoncepcionais,Desogestrel,Ems Sigma Pharma Ltda
Dipifarma,Similar,Analgesicos Nao Narcoticos,Dipirona Monoidratada,Farmace Industria Quimico-Farmaceutica Cearense Ltda
Exelring,Similar,Anticoncepcionais,"Etonogestrel, Etinilestradiol",Exeltis Laboratorio Farmaceutico Ltda
Livanel,Similar,Anticoncepcionais,"Etonogestrel, Etinilestradiol",Abbott Laboratorios Do Brasil Ltda
Triazol,Similar,Antimicoticos Sistemicos,Fluconazol,Biolab Sanus Farmaceutica Ltda
Kigefo,Similar,Antineoplasico,Gefitinibe,Dr. Reddys Farmaceutica Do Brasil Ltda
Iccor,Similar,Betabloqueadores Simples,Hemifumarato De Bisoprolol,Torrent Do Brasil Ltda
Ibupril,Similar,Analgesicos Nao Narcoticos,Ibuprofeno,Laboratorio Teuto Brasileiro S/A
Flykato,Similar,,Midostaurina,Dr. Reddys Farmaceutica Do Brasil Ltda
Lide,Similar,Antinflamatorios,Nimesulida,Biolab Sanus Farmaceutica Ltda
Lidextrin,Similar,Antinflamatorios,Nimesulida,Biolab Sanus Farmaceutica Ltda
Egurinel,Similar,Outros Produtos Para O Aparelho Respiratorio,Pirfenidona,Adium S.A.
Pomicina,Similar,Antinfecciosos Topicos,Sulfato De Neomicina,Belfar Ltda
Hyvora,Similar,Antimicoticos Sistemicos,Voriconazol,Brainfarma Industria Quimica E Farmaceutica S.A
Injectafer,Especifico,Antianemicos Simples,Carboximaltose Ferrica,Blanver Farmoquimica E Farmaceutica S.A.
Daforin,Similar,Antidepressivos,Cloridrato De Fluoxetina,Ems Sigma Pharma Ltda
Velban,Novo,Antineoplasico,Sulfato De Vimblastina,Antibioticos Do Brasil Ltda
Cutenox,Biologico,Antitrombotico,Enoxaparina Sodica,Viatris Farmaceutica Do Brasil Ltda
Iruxol Mono,Biologico,Cicatrizantes,Colagenase,Abbott Laboratorios Do Brasil Ltda
Gelfoam,,Medicacao Hemostatica,"Esponja Esteril De Gelatina Absorvivel, Gelatina Absorvivel",Pharmacia Brasil Ltda
Libre,Biologico,Outros Produtos Com Acao No Sistema Musculo Esqueletico,"Sulfato De Glicosamina, Sulfato De Condroitina",Supera Farma Laboratorios S.A
Sigmatriol,Similar,Repositor De Calcio,Calcitriol,Germed Farmaceutica Ltda
